batch_id	runID	machineID	version	batch_root	projects	status
YY2-PL24-022-01	PL2402201	-	V26	/mnt/gpfs/Dataset/04.project/Bioinfo/99.Sequencer_assessment/01.BK/02.Analysis/04.new_qican/S100/PE150/YY2-PL24-022-01	PA,PB,PD	done
SKII5264	260428162711_B162_SKII5264-YY2-CLK-A-260428162711	B162	V26	/mnt/gpfs/Dataset/04.project/Bioinfo/99.Sequencer_assessment/01.BK/02.Analysis/04.new_qican/S100/PE150/SKII5264	PA,PB,PD,WGS	done
SKII15265	260429170714_B141_SKII15265-YY223-CTRL-260429170714	B141	V26	/mnt/gpfs/Dataset/04.project/Bioinfo/99.Sequencer_assessment/01.BK/02.Analysis/04.new_qican/S100/PE150/SKII15265	PA,PB,PD,WGS	done
SKII15266	260429170625_B143_SKII15266-YY2-23-DN-260429170627	B143	V26	/mnt/gpfs/Dataset/04.project/Bioinfo/99.Sequencer_assessment/01.BK/02.Analysis/04.new_qican/S100/PE150/SKII15266	PA,PB,PD,WGS	done
SKII15277	260508151426_B172_SKII15277-YY2-WBhot-260508151422	B172	V26	/mnt/gpfs/Dataset/04.project/Bioinfo/99.Sequencer_assessment/01.BK/02.Analysis/04.new_qican/S100/PE150/SKII15277	PA,PB,PD,WGS	done
SKII15275	260508150833_B162_SKII15275-YY2BRS2hot-260508150833	B162	V26	/mnt/gpfs/Dataset/04.project/Bioinfo/99.Sequencer_assessment/01.BK/02.Analysis/04.new_qican/S100/PE150/SKII15275	PA,PB,PD,WGS	done
SKII15305	260521174016_B143_SKII15305-P523NRC-260521174015	B143	V26	/mnt/gpfs/Dataset/04.project/Bioinfo/99.Sequencer_assessment/01.BK/02.Analysis/04.new_qican/S100/PE150/SKII15305	PA,PB,PD,WGS	done
SKII15306	260522164010_B162_SKII15306-I-YY2-260522164010	B162	V26	/mnt/gpfs/Dataset/04.project/Bioinfo/99.Sequencer_assessment/01.BK/02.Analysis/04.new_qican/S100/PE150/SKII15306	PA,PB,PD,WGS	done
SKII15307	260522163748_B141_SKII15307-T-YY2-260522163749	B141	V26	/mnt/gpfs/Dataset/04.project/Bioinfo/99.Sequencer_assessment/01.BK/02.Analysis/04.new_qican/S100/PE150/SKII15307	PA,PB,PD,WGS	done
SKII5311	260523150002_B170_SKII5311-R2JC-YY2-260523150003	B170	V26	/mnt/gpfs/Dataset/04.project/Bioinfo/99.Sequencer_assessment/01.BK/02.Analysis/04.new_qican/S100/PE150/SKII5311	PA,PB,PD,WGS	done
SKII15342	260603175803_B170_SKII15342-R2JC-YY2-260603175804	B170	V26	/mnt/gpfs/Dataset/04.project/Bioinfo/99.Sequencer_assessment/01.BK/02.Analysis/04.new_qican/S100/PE150/SKII15342	PA,PB,PD,WGS	done
SKII15350	260605154758_B177_SKII15350-R2JC-YY2-260605154803	B177	V26	/mnt/gpfs1/Dataset/04.project/Bioinfo/99.Sequencer_assessment/01.BK/02.Analysis/04.new_qican/S100/PE150/SKII15350	PA,PB,PD,WGS	done
