runID	mechineID	sampleID	阳性符合率	阴性符合率
260429170714_B141_SKII15265-YY223-CTRL-260429170714	B141	LC002401-S01-D01-L11-C201C118	1.0	1.0
260429170714_B141_SKII15265-YY223-CTRL-260429170714	B141	LC002241-S01-D01-L11-C204C130	1.0	1.0
260429170714_B141_SKII15265-YY223-CTRL-260429170714	B141	LC002246-S01-D01-L11-C204C134	1.0	1.0
260429170714_B141_SKII15265-YY223-CTRL-260429170714	B141	LC002249-S01-D01-L11-C204C136	1.0	1.0
260429170714_B141_SKII15265-YY223-CTRL-260429170714	B141	LC002300-S01-D01-L11-C204C148	1.0	1.0
260429170714_B141_SKII15265-YY223-CTRL-260429170714	B141	LC001909-S01-D01-L12-C202C133	1.0	1.0
260429170714_B141_SKII15265-YY223-CTRL-260429170714	B141	LC002159-S01-D01-L12-C202C147	1.0	1.0
260429170714_B141_SKII15265-YY223-CTRL-260429170714	B141	LC002320-S01-D01-L11-C205C167	1.0	1.0
260429170714_B141_SKII15265-YY223-CTRL-260429170714	B141	LC002324-S01-D01-L11-C205C169	1.0	1.0
260429170714_B141_SKII15265-YY223-CTRL-260429170714	B141	LC002371-S01-D01-L11-C205C185	1.0	1.0
260429170714_B141_SKII15265-YY223-CTRL-260429170714	B141	LC002462-S01-D01-L11-C205C118	1.0	1.0
260429170714_B141_SKII15265-YY223-CTRL-260429170714	B141	LC001860-S02-D01-L11-C204C101	1.0	1.0
260429170714_B141_SKII15265-YY223-CTRL-260429170714	B141	LC002711-S01-D01-L11-C206C152	1.0	1.0
260429170714_B141_SKII15265-YY223-CTRL-260429170714	B141	LC002735-S01-D01-L11-C206C169	1.0	1.0
260429170714_B141_SKII15265-YY223-CTRL-260429170714	B141	LC002920-S01-D01-L11-C206C185	1.0	1.0
260429170714_B141_SKII15265-YY223-CTRL-260429170714	B141	LC002179-S01-D01-L11-C207C104	1.0	1.0
260429170714_B141_SKII15265-YY223-CTRL-260429170714	B141	LC001876-S02-D01-L11-C204C104	1.0	1.0
260429170714_B141_SKII15265-YY223-CTRL-260429170714	B141	LC001885-S02-D01-L11-C204C108	1.0	1.0
260429170714_B141_SKII15265-YY223-CTRL-260429170714	B141	LC001894-S02-D01-L11-C204C110	1.0	1.0
260429170714_B141_SKII15265-YY223-CTRL-260429170714	B141	LC002130-S01-D01-L11-C204C113	1.0	1.0
260429170714_B141_SKII15265-YY223-CTRL-260429170714	B141	LC002139-S01-D01-L11-C204C121	1.0	1.0
260429170714_B141_SKII15265-YY223-CTRL-260429170714	B141	LC002239-S01-D01-L11-C204C128	1.0	1.0
260429170714_B141_SKII15265-YY223-CTRL-260429170714	B141	LC002240-S01-D01-L11-C204C129	1.0	1.0
