PL2402201	-	LC001860-S02-D01-L11-C204C101	1612782	1592888	98.77%	0.71%	150	149	0.98	0.95	0.52	999912	99.99%	100.00%	4255.54	99.88%	94.40%	100.00%(177)	100.00%(177)	100.00%(177)	100.00%(177)	97.74%(173)	94.35%(167)	1320	0	100.0%(1320)	100.0%(1320)	100.0%(1320)	100.0%(1320)	100.0%(1320)	99.85%(1318)	99.47%(1313)	98.64%(1302)	合格
PL2402201	-	LC001876-S02-D01-L11-C204C104	1003502	994226	99.08%	1.18%	150	148	0.98	0.95	0.55	994024	99.98%	100.00%	4198.11	99.84%	94.47%	100.00%(177)	100.00%(177)	100.00%(177)	100.00%(177)	100.00%(177)	94.92%(168)	1320	0	100.0%(1320)	100.0%(1320)	100.0%(1320)	100.0%(1320)	100.0%(1320)	100.0%(1320)	99.85%(1318)	96.59%(1275)	合格
PL2402201	-	LC001885-S02-D01-L11-C204C108	1240336	1227890	99.00%	0.54%	150	149	0.98	0.95	0.52	999928	99.99%	100.00%	4248.58	99.86%	92.81%	100.00%(177)	100.00%(177)	100.00%(177)	100.00%(177)	98.31%(174)	93.22%(165)	1320	0	100.0%(1320)	100.0%(1320)	100.0%(1320)	100.0%(1320)	100.0%(1320)	99.92%(1319)	99.77%(1317)	96.52%(1274)	合格
PL2402201	-	LC001894-S02-D01-L11-C204C110	1540864	1522232	98.79%	0.77%	150	149	0.98	0.95	0.52	999984	99.99%	100.00%	4246.41	99.85%	95.94%	100.00%(177)	100.00%(177)	100.00%(177)	100.00%(177)	100.00%(177)	94.92%(168)	1320	0	100.0%(1320)	100.0%(1320)	100.0%(1320)	100.0%(1320)	100.0%(1320)	100.0%(1320)	99.77%(1317)	99.24%(1310)	合格
PL2402201	-	LC001909-S01-D01-L12-C202C133	878378	871270	99.19%	0.63%	150	149	0.98	0.95	0.54	871168	99.98%	100.00%	3695.52	99.83%	93.68%	100.00%(177)	100.00%(177)	100.00%(177)	100.00%(177)	98.87%(175)	91.53%(162)	1320	0	100.0%(1320)	100.0%(1320)	100.0%(1320)	100.0%(1320)	100.0%(1320)	99.85%(1318)	99.77%(1317)	93.56%(1235)	合格
PL2402201	-	LC002130-S01-D01-L11-C204C113	1574576	1555982	98.82%	0.75%	150	149	0.98	0.94	0.53	999808	99.98%	100.00%	4239.64	99.86%	94.56%	100.00%(177)	100.00%(177)	100.00%(177)	100.00%(177)	99.44%(176)	94.92%(168)	1320	0	100.0%(1320)	100.0%(1320)	100.0%(1320)	100.0%(1320)	100.0%(1320)	100.0%(1320)	99.7%(1316)	99.09%(1308)	合格
PL2402201	-	LC002139-S01-D01-L11-C204C121	1258070	1244218	98.90%	0.66%	150	149	0.98	0.94	0.52	999842	99.98%	100.00%	4243.12	99.85%	95.19%	100.00%(177)	100.00%(177)	100.00%(177)	100.00%(177)	100.00%(177)	95.48%(169)	1320	0	100.0%(1320)	100.0%(1320)	100.0%(1320)	100.0%(1320)	100.0%(1320)	100.0%(1320)	99.62%(1315)	97.95%(1293)	合格
PL2402201	-	LC002159-S01-D01-L12-C202C147	1110686	1100508	99.08%	0.70%	150	149	0.98	0.95	0.53	999922	99.99%	100.00%	4243.20	99.86%	95.08%	100.00%(177)	100.00%(177)	100.00%(177)	100.00%(177)	98.31%(174)	93.79%(166)	1320	0	100.0%(1320)	100.0%(1320)	100.0%(1320)	100.0%(1320)	100.0%(1320)	100.0%(1320)	99.85%(1318)	96.82%(1278)	合格
PL2402201	-	LC002179-S01-D01-L11-C207C104	1058264	1046958	98.93%	0.81%	150	149	0.98	0.95	0.53	999849	99.98%	100.00%	4238.32	99.76%	93.48%	100.00%(177)	100.00%(177)	100.00%(177)	100.00%(177)	98.31%(174)	90.96%(161)	1320	0	100.0%(1320)	100.0%(1320)	100.0%(1320)	100.0%(1320)	100.0%(1320)	100.0%(1320)	99.85%(1318)	94.7%(1250)	合格
PL2402201	-	LC002239-S01-D01-L11-C204C128	1279344	1266524	99.00%	1.05%	150	148	0.98	0.95	0.53	999909	99.99%	100.00%	4229.06	99.82%	96.13%	100.00%(177)	100.00%(177)	100.00%(177)	100.00%(177)	100.00%(177)	96.05%(170)	1320	0	100.0%(1320)	100.0%(1320)	100.0%(1320)	100.0%(1320)	100.0%(1320)	100.0%(1320)	99.62%(1315)	99.39%(1312)	合格
PL2402201	-	LC002240-S01-D01-L11-C204C129	1671582	1651420	98.79%	0.56%	150	149	0.98	0.95	0.51	999918	99.99%	100.00%	4251.19	99.87%	92.03%	100.00%(177)	100.00%(177)	100.00%(177)	100.00%(177)	97.18%(172)	90.40%(160)	1320	0	100.0%(1320)	100.0%(1320)	100.0%(1320)	100.0%(1320)	100.0%(1320)	99.85%(1318)	99.32%(1311)	96.44%(1273)	合格
PL2402201	-	LC002241-S01-D01-L11-C204C130	1582848	1563708	98.79%	0.77%	150	149	0.98	0.95	0.52	999527	99.95%	100.00%	4242.42	99.87%	94.66%	100.00%(177)	100.00%(177)	100.00%(177)	100.00%(177)	100.00%(177)	94.92%(168)	1320	0	100.0%(1320)	100.0%(1320)	100.0%(1320)	100.0%(1320)	100.0%(1320)	100.0%(1320)	99.47%(1313)	97.2%(1283)	合格
PL2402201	-	LC002246-S01-D01-L11-C204C134	1624326	1604668	98.79%	0.75%	150	149	0.98	0.95	0.52	999747	99.97%	100.00%	4245.85	99.90%	95.67%	100.00%(177)	100.00%(177)	100.00%(177)	100.00%(177)	100.00%(177)	94.92%(168)	1320	0	100.0%(1320)	100.0%(1320)	100.0%(1320)	100.0%(1320)	100.0%(1320)	100.0%(1320)	99.62%(1315)	97.2%(1283)	合格
PL2402201	-	LC002249-S01-D01-L11-C204C136	1364130	1351406	99.07%	0.77%	150	149	0.98	0.95	0.53	999805	99.97%	100.00%	4238.13	99.84%	95.46%	100.00%(177)	100.00%(177)	100.00%(177)	100.00%(177)	100.00%(177)	96.05%(170)	1320	0	100.0%(1320)	100.0%(1320)	100.0%(1320)	100.0%(1320)	100.0%(1320)	100.0%(1320)	99.62%(1315)	97.42%(1286)	合格
PL2402201	-	LC002300-S01-D01-L11-C204C148	1576436	1565796	99.33%	0.52%	150	149	0.98	0.95	0.55	999949	99.99%	100.00%	4252.54	99.96%	92.93%	100.00%(177)	100.00%(177)	100.00%(177)	100.00%(177)	99.44%(176)	95.48%(169)	1320	0	100.0%(1320)	100.0%(1320)	100.0%(1320)	100.0%(1320)	100.0%(1320)	100.0%(1320)	99.77%(1317)	95.91%(1266)	合格
PL2402201	-	LC002320-S01-D01-L11-C205C167	1450682	1441428	99.36%	0.42%	150	149	0.98	0.95	0.57	999941	99.99%	100.00%	4253.02	99.93%	88.63%	100.00%(177)	100.00%(177)	100.00%(177)	100.00%(177)	98.31%(174)	88.14%(156)	1320	0	100.0%(1320)	100.0%(1320)	100.0%(1320)	100.0%(1320)	100.0%(1320)	100.0%(1320)	99.77%(1317)	92.95%(1227)	合格
PL2402201	-	LC002324-S01-D01-L11-C205C169	1913358	1903180	99.47%	0.17%	150	149	0.99	0.95	0.53	1000007	99.99%	100.00%	4269.54	99.96%	87.35%	100.00%(177)	100.00%(177)	100.00%(177)	98.87%(175)	90.96%(161)	87.57%(155)	1320	0	100.0%(1320)	100.0%(1320)	100.0%(1320)	100.0%(1320)	100.0%(1320)	99.85%(1318)	98.94%(1306)	92.95%(1227)	合格
PL2402201	-	LC002371-S01-D01-L11-C205C185	1425478	1410934	98.98%	0.65%	150	149	0.98	0.95	0.53	999958	99.99%	100.00%	4244.05	99.82%	93.42%	100.00%(177)	100.00%(177)	100.00%(177)	100.00%(177)	97.74%(173)	91.53%(162)	1320	0	100.0%(1320)	100.0%(1320)	100.0%(1320)	100.0%(1320)	100.0%(1320)	100.0%(1320)	99.77%(1317)	96.52%(1274)	合格
PL2402201	-	LC002401-S01-D01-L11-C201C118	1191512	1179086	98.96%	0.53%	150	149	0.98	0.95	0.52	999928	99.99%	100.00%	4251.11	99.78%	93.36%	100.00%(177)	100.00%(177)	100.00%(177)	100.00%(177)	97.74%(173)	91.53%(162)	1320	0	100.0%(1320)	100.0%(1320)	100.0%(1320)	100.0%(1320)	100.0%(1320)	100.0%(1320)	99.77%(1317)	96.29%(1271)	合格
PL2402201	-	LC002462-S01-D01-L11-C205C118	1741724	1729832	99.32%	0.37%	150	149	0.98	0.95	0.54	999871	99.98%	100.00%	4256.41	99.91%	90.02%	100.00%(177)	100.00%(177)	100.00%(177)	100.00%(177)	98.87%(175)	89.27%(158)	1320	0	100.0%(1320)	100.0%(1320)	100.0%(1320)	100.0%(1320)	100.0%(1320)	99.85%(1318)	99.85%(1318)	93.26%(1231)	合格
PL2402201	-	LC002711-S01-D01-L11-C206C152	1666270	1655552	99.36%	0.19%	150	149	0.98	0.94	0.51	999840	99.98%	100.00%	4256.53	99.93%	87.84%	100.00%(177)	100.00%(177)	100.00%(177)	96.61%(171)	92.09%(163)	88.14%(156)	1320	0	100.0%(1320)	100.0%(1320)	100.0%(1320)	100.0%(1320)	99.85%(1318)	99.77%(1317)	99.02%(1307)	89.77%(1185)	合格
PL2402201	-	LC002735-S01-D01-L11-C206C169	1634540	1616748	98.91%	0.55%	150	149	0.98	0.95	0.51	999683	99.96%	100.00%	4244.76	99.76%	91.73%	100.00%(177)	100.00%(177)	100.00%(177)	100.00%(177)	97.18%(172)	89.27%(158)	1320	0	100.0%(1320)	100.0%(1320)	100.0%(1320)	100.0%(1320)	100.0%(1320)	100.0%(1320)	99.7%(1316)	96.21%(1270)	合格
PL2402201	-	LC002920-S01-D01-L11-C206C185	1534330	1526480	99.49%	0.24%	150	149	0.98	0.95	0.53	999973	99.99%	100.00%	4264.03	99.94%	89.24%	100.00%(177)	100.00%(177)	100.00%(177)	99.44%(176)	94.35%(167)	89.27%(158)	1320	0	100.0%(1320)	100.0%(1320)	100.0%(1320)	100.0%(1320)	100.0%(1320)	99.85%(1318)	99.09%(1308)	93.33%(1232)	合格
260922153603_B183_SKII-JBJC-YY2-260922153621	B183	LC002241-S01-D01-L11-C204C130	936422	915768	97.79%	2.43%	150	148	0.94	0.91	0.51	917298	99.97%	100.00%	3888.75	99.64%	95.64%	100.00%(177)	100.00%(177)	100.00%(177)	100.00%(177)	99.44%(176)	95.48%(169)	1320	0	100.0%(1320)	100.0%(1320)	100.0%(1320)	100.0%(1320)	100.0%(1320)	100.0%(1320)	99.85%(1318)	97.35%(1285)	合格
260922153603_B183_SKII-JBJC-YY2-260922153621	B183	LC002246-S01-D01-L11-C204C134	1011806	990144	97.86%	2.35%	150	148	0.94	0.90	0.51	991797	99.98%	100.00%	4210.70	99.72%	96.22%	100.00%(177)	100.00%(177)	100.00%(177)	100.00%(177)	100.00%(177)	96.61%(171)	1320	0	100.0%(1320)	100.0%(1320)	100.0%(1320)	100.0%(1320)	100.0%(1320)	100.0%(1320)	99.85%(1318)	99.39%(1312)	合格
260922153603_B183_SKII-JBJC-YY2-260922153621	B183	LC002249-S01-D01-L11-C204C136	829846	818332	98.61%	2.01%	150	148	0.94	0.91	0.52	819795	99.98%	100.00%	3469.16	99.64%	95.74%	100.00%(177)	100.00%(177)	100.00%(177)	100.00%(177)	98.87%(175)	94.92%(168)	1320	0	100.0%(1320)	100.0%(1320)	100.0%(1320)	100.0%(1320)	100.0%(1320)	100.0%(1320)	99.85%(1318)	94.39%(1246)	合格
260922153603_B183_SKII-JBJC-YY2-260922153621	B183	LC002300-S01-D01-L11-C204C148	912686	907106	99.39%	1.20%	150	148	0.94	0.90	0.54	908772	99.99%	100.00%	3864.19	99.78%	93.17%	100.00%(177)	100.00%(177)	100.00%(177)	100.00%(177)	99.44%(176)	94.92%(168)	1320	0	100.0%(1320)	100.0%(1320)	100.0%(1320)	100.0%(1320)	100.0%(1320)	100.0%(1320)	99.77%(1317)	96.06%(1268)	合格
260922153603_B183_SKII-JBJC-YY2-260922153621	B183	LC001909-S01-D01-L12-C202C133	508552	503882	99.08%	1.52%	150	148	0.94	0.90	0.54	505055	100.00%	100.00%	2141.07	99.62%	94.08%	100.00%(177)	100.00%(177)	100.00%(177)	100.00%(177)	93.79%(166)	82.49%(146)	1320	0	100.0%(1320)	100.0%(1320)	100.0%(1320)	100.0%(1320)	100.0%(1320)	99.77%(1317)	96.52%(1274)	81.52%(1076)	合格
260922153603_B183_SKII-JBJC-YY2-260922153621	B183	LC002159-S01-D01-L12-C202C147	608350	600918	98.78%	1.78%	150	148	0.94	0.90	0.53	602211	100.00%	100.00%	2551.30	99.66%	95.40%	100.00%(177)	100.00%(177)	100.00%(177)	99.44%(176)	97.74%(173)	88.70%(157)	1320	0	100.0%(1320)	100.0%(1320)	100.0%(1320)	100.0%(1320)	100.0%(1320)	99.85%(1318)	99.77%(1317)	91.14%(1203)	合格
260922153603_B183_SKII-JBJC-YY2-260922153621	B183	LC002320-S01-D01-L11-C205C167	882816	878406	99.50%	1.00%	150	149	0.94	0.90	0.56	880306	100.00%	100.00%	3747.82	99.73%	89.52%	100.00%(177)	100.00%(177)	100.00%(177)	100.00%(177)	97.18%(172)	88.14%(156)	1320	0	100.0%(1320)	100.0%(1320)	100.0%(1320)	100.0%(1320)	100.0%(1320)	100.0%(1320)	99.7%(1316)	93.71%(1237)	合格
260922153603_B183_SKII-JBJC-YY2-260922153621	B183	LC002324-S01-D01-L11-C205C169	1203778	1197454	99.47%	0.54%	150	149	0.94	0.90	0.52	1002161	100.00%	100.00%	4284.59	99.77%	87.90%	100.00%(177)	100.00%(177)	100.00%(177)	100.00%(177)	92.66%(164)	87.01%(154)	1320	0	100.0%(1320)	100.0%(1320)	100.0%(1320)	100.0%(1320)	100.0%(1320)	99.85%(1318)	98.79%(1304)	93.18%(1230)	合格
260922153603_B183_SKII-JBJC-YY2-260922153621	B183	LC002371-S01-D01-L11-C205C185	910838	896770	98.46%	1.90%	150	148	0.94	0.90	0.52	898645	100.00%	100.00%	3808.77	99.62%	93.43%	100.00%(177)	100.00%(177)	100.00%(177)	100.00%(177)	98.31%(174)	93.79%(166)	1320	0	100.0%(1320)	100.0%(1320)	100.0%(1320)	100.0%(1320)	100.0%(1320)	100.0%(1320)	99.77%(1317)	93.79%(1238)	合格
260922153603_B183_SKII-JBJC-YY2-260922153621	B183	LC002462-S01-D01-L11-C205C118	1023944	1016420	99.27%	1.01%	150	149	0.94	0.90	0.54	1001932	99.98%	100.00%	4269.46	99.72%	93.35%	100.00%(177)	100.00%(177)	100.00%(177)	100.00%(177)	98.87%(175)	93.22%(165)	1320	0	100.0%(1320)	100.0%(1320)	100.0%(1320)	100.0%(1320)	100.0%(1320)	100.0%(1320)	99.77%(1317)	93.79%(1238)	合格
260922153603_B183_SKII-JBJC-YY2-260922153621	B183	LC002401-S01-D01-L11-C201C118	659166	647910	98.29%	1.69%	150	149	0.94	0.91	0.51	649354	99.99%	100.00%	2759.44	99.60%	94.44%	100.00%(177)	100.00%(177)	100.00%(177)	100.00%(177)	96.05%(170)	88.14%(156)	1320	0	100.0%(1320)	100.0%(1320)	100.0%(1320)	100.0%(1320)	100.0%(1320)	99.85%(1318)	99.24%(1310)	91.44%(1207)	合格
260922153603_B183_SKII-JBJC-YY2-260922153621	B183	LC002711-S01-D01-L11-C206C152	1131122	1123226	99.30%	0.67%	150	149	0.94	0.91	0.50	1002265	99.99%	100.00%	4277.28	99.72%	88.63%	100.00%(177)	100.00%(177)	100.00%(177)	98.87%(175)	92.09%(163)	88.70%(157)	1320	0	100.0%(1320)	100.0%(1320)	100.0%(1320)	100.0%(1320)	100.0%(1320)	99.85%(1318)	98.94%(1306)	91.36%(1206)	合格
260922153603_B183_SKII-JBJC-YY2-260922153621	B183	LC002735-S01-D01-L11-C206C169	999268	982214	98.29%	1.76%	150	149	0.94	0.91	0.51	984096	99.98%	100.00%	4178.20	99.58%	92.11%	100.00%(177)	100.00%(177)	100.00%(177)	100.00%(177)	98.31%(174)	92.09%(163)	1320	0	100.0%(1320)	100.0%(1320)	100.0%(1320)	100.0%(1320)	100.0%(1320)	100.0%(1320)	99.85%(1318)	96.29%(1271)	合格
260922153603_B183_SKII-JBJC-YY2-260922153621	B183	LC002920-S01-D01-L11-C206C185	1045050	1039624	99.48%	0.67%	150	149	0.94	0.90	0.53	1002133	99.99%	100.00%	4276.61	99.74%	90.95%	100.00%(177)	100.00%(177)	100.00%(177)	100.00%(177)	97.74%(173)	89.83%(159)	1320	0	100.0%(1320)	100.0%(1320)	100.0%(1320)	100.0%(1320)	100.0%(1320)	99.85%(1318)	99.77%(1317)	93.56%(1235)	合格
260922153603_B183_SKII-JBJC-YY2-260922153621	B183	LC002179-S01-D01-L11-C207C104	598244	587294	98.17%	2.30%	150	148	0.94	0.90	0.53	588553	100.00%	100.00%	2489.89	99.55%	94.11%	100.00%(177)	100.00%(177)	100.00%(177)	99.44%(176)	96.05%(170)	86.44%(153)	1320	0	100.0%(1320)	100.0%(1320)	100.0%(1320)	100.0%(1320)	100.0%(1320)	99.85%(1318)	99.77%(1317)	88.79%(1172)	合格
260922153603_B183_SKII-JBJC-YY2-260922153621	B183	LC001860-S02-D01-L11-C204C101	894912	871096	97.34%	2.55%	150	149	0.94	0.91	0.51	872732	99.99%	100.00%	3711.59	99.70%	95.26%	100.00%(177)	100.00%(177)	100.00%(177)	100.00%(177)	98.87%(175)	93.79%(166)	1320	0	100.0%(1320)	100.0%(1320)	100.0%(1320)	100.0%(1320)	100.0%(1320)	99.85%(1318)	99.47%(1313)	95.76%(1264)	合格
260922153603_B183_SKII-JBJC-YY2-260922153621	B183	LC001876-S02-D01-L11-C204C104	628308	619822	98.65%	2.71%	150	147	0.94	0.90	0.54	620948	99.99%	100.00%	2611.00	99.59%	94.74%	100.00%(177)	100.00%(177)	100.00%(177)	100.00%(177)	96.61%(171)	89.27%(158)	1320	0	100.0%(1320)	100.0%(1320)	100.0%(1320)	100.0%(1320)	100.0%(1320)	100.0%(1320)	99.77%(1317)	91.82%(1212)	合格
260922153603_B183_SKII-JBJC-YY2-260922153621	B183	LC001885-S02-D01-L11-C204C108	813470	800778	98.44%	1.71%	150	149	0.94	0.90	0.51	802261	100.00%	100.00%	3408.60	99.69%	94.90%	100.00%(177)	100.00%(177)	100.00%(177)	100.00%(177)	97.74%(173)	92.66%(164)	1320	0	100.0%(1320)	100.0%(1320)	100.0%(1320)	100.0%(1320)	100.0%(1320)	99.92%(1319)	99.77%(1317)	93.33%(1232)	合格
260922153603_B183_SKII-JBJC-YY2-260922153621	B183	LC001894-S02-D01-L11-C204C110	1069450	1047248	97.92%	2.32%	150	148	0.94	0.91	0.52	1001967	100.00%	100.00%	4251.68	99.69%	95.82%	100.00%(177)	100.00%(177)	100.00%(177)	100.00%(177)	100.00%(177)	96.61%(171)	1320	0	100.0%(1320)	100.0%(1320)	100.0%(1320)	100.0%(1320)	100.0%(1320)	100.0%(1320)	99.85%(1318)	99.39%(1312)	合格
260922153603_B183_SKII-JBJC-YY2-260922153621	B183	LC002130-S01-D01-L11-C204C113	998166	978346	98.01%	2.30%	150	148	0.94	0.90	0.52	980128	99.99%	100.00%	4154.70	99.63%	95.51%	100.00%(177)	100.00%(177)	100.00%(177)	100.00%(177)	99.44%(176)	95.48%(169)	1320	0	100.0%(1320)	100.0%(1320)	100.0%(1320)	100.0%(1320)	100.0%(1320)	100.0%(1320)	99.77%(1317)	99.24%(1310)	合格
260922153603_B183_SKII-JBJC-YY2-260922153621	B183	LC002139-S01-D01-L11-C204C121	874890	858832	98.16%	2.08%	150	148	0.94	0.91	0.51	860375	99.99%	100.00%	3651.83	99.68%	95.93%	100.00%(177)	100.00%(177)	100.00%(177)	100.00%(177)	99.44%(176)	96.05%(170)	1320	0	100.0%(1320)	100.0%(1320)	100.0%(1320)	100.0%(1320)	100.0%(1320)	100.0%(1320)	99.85%(1318)	94.55%(1248)	合格
260922153603_B183_SKII-JBJC-YY2-260922153621	B183	LC002239-S01-D01-L11-C204C128	779820	766904	98.34%	2.63%	150	147	0.94	0.90	0.53	768119	99.99%	100.00%	3238.89	99.65%	95.88%	100.00%(177)	100.00%(177)	100.00%(177)	100.00%(177)	98.87%(175)	94.92%(168)	1320	0	100.0%(1320)	100.0%(1320)	100.0%(1320)	100.0%(1320)	100.0%(1320)	100.0%(1320)	99.77%(1317)	93.26%(1231)	合格
260922153603_B183_SKII-JBJC-YY2-260922153621	B183	LC002240-S01-D01-L11-C204C129	1039008	1016718	97.85%	2.04%	150	149	0.94	0.91	0.51	1001869	99.99%	100.00%	4264.73	99.71%	93.50%	100.00%(177)	100.00%(177)	100.00%(177)	100.00%(177)	98.31%(174)	92.09%(163)	1320	0	100.0%(1320)	100.0%(1320)	100.0%(1320)	100.0%(1320)	100.0%(1320)	99.85%(1318)	99.85%(1318)	96.36%(1272)	合格
