chr,pos,ref,alt,expected_vaf,type,T7_detected_vaf,ilmn_detected_vaf,surfseq5000,C004-A-260227-PE150-H370205N18Q,260429170714_B141_SKII15265-YY223-CTRL-260429170714,260522164411_Cetus_C010-A-H370515N7-260522164428,260521174016_B143_SKII15305-P523NRC-260521174015,260522164010_B162_SKII15306-I-YY2-260522164010,260522163748_B141_SKII15307-T-YY2-260522163749,260603175803_B170_SKII15342-R2JC-YY2-260603175804,260701150403_B169_SKII15399-R2JC-3-YY2-260701150404,260703153244_B174_SKII-R2JC-ZY-Y2_reanalysis_20260710154034,BGISEQ_0707,GeneMind_0713,SKII-JBJC-YY2
1,11205058,C,T,87.10%,WES,87.61%,87.21%,87.57%,88.30%,87.90%,87.65%,87.50%,86.67%,87.76%,87.48%,87.92%,87.83%,86.85%,87.59%,85.26%
1,11288758,G,A,92.19%,WES,91.82%,91.66%,92.40%,91.43%,92.38%,91.27%,91.66%,91.47%,92.50%,91.64%,91.56%,91.73%,91.32%,91.30%,88.75%
1,11301714,A,G,90.65%,WES,91.31%,91.64%,91.93%,91.42%,91.49%,91.42%,91.51%,91.65%,91.41%,91.54%,91.61%,91.34%,91.35%,91.92%,89.01%
1,16256007,T,C,19.31%,WES,19.64%,20.16%,19.82%,19.21%,19.61%,19.34%,20.32%,18.96%,19.21%,19.48%,19.62%,19.85%,19.78%,19.25%,18.49%
1,16259813,A,G,21.83%,WES,19.72%,20.20%,20.02%,20.06%,20.13%,20.24%,18.76%,19.79%,19.47%,20.82%,19.56%,20.05%,19.49%,20.22%,26.79%
1,17380497,G,T,100%,WES,99.95%,99.96%,100%,99.89%,99.96%,99.90%,99.82%,99.88%,99.93%,99.89%,99.98%,99.96%,99.96%,100%,100%
1,23885498,T,C,95.70%,WES,95.92%,95.95%,95.76%,95.74%,95.47%,95.93%,95.75%,95.58%,95.78%,95.56%,95.33%,95.59%,95.75%,95.86%,95.83%
1,36807481,C,T,70.07%,WES,68.19%,67.72%,68.82%,69.39%,68.74%,69.22%,69%,69.34%,69.08%,69.93%,69.12%,69.21%,68.63%,68.13%,77.14%
1,36937059,A,G,85.29%,WES,85.35%,85.52%,85.38%,84.50%,84.43%,85.14%,85.91%,85.59%,85.14%,84.77%,85.39%,85.23%,85.55%,85.77%,85.53%
1,40363054,G,C,100%,WES,99.98%,99.98%,99.98%,99.79%,99.87%,99.41%,99.85%,99.91%,99.91%,99.98%,99.94%,100%,99.98%,100%,100%
1,46743900,C,T,65.62%,WES,63.03%,63.18%,62.97%,64.37%,63.90%,64.13%,64.65%,64.43%,63.79%,64.07%,64.03%,64.67%,63.77%,62.24%,62.18%
1,65310489,T,C,75.41%,WES,76.45%,77.10%,76.22%,75.78%,76.78%,76.88%,77.18%,75.75%,75.83%,76.31%,75.66%,75.87%,74.65%,75.79%,77.27%
1,65312342,G,A,65.61%,,,,,,,,,,,,,,,,
1,72058552,G,A,96.81%,WES,65.36%,64.98%,64.86%,65.05%,65.56%,65.40%,63.54%,66.60%,66.60%,63.81%,65.21%,65.11%,64.32%,64.51%,98.84%
1,98348885,G,A,80.27%,,,,,,,,,,,,,,,,
1,115256530,G,T,1%,,,,,,,,,,,,,,,,
1,118165691,C,T,22.91%,WES,96.67%,96.69%,96.70%,97.04%,96.51%,96.50%,96.85%,96.64%,97.04%,96.82%,96.92%,97.19%,96.50%,96.79%,15.31%
1,118165973,C,T,61.44%,WES,81.61%,79.77%,79.98%,80.17%,80.54%,80.02%,79.75%,79.91%,80.67%,81.18%,79.19%,79.95%,79.67%,78.76%,56.00%
1,118166096,C,T,57.61%,ddPCR,1.35%,1.08%,1.18%,1.32%,1.36%,1.15%,1.18%,1.28%,1.15%,1.36%,1.27%,1.42%,1.16%,1.14%,48.57%
1,120057158,C,T,84.42%,WES,23.22%,22.85%,23.23%,22.51%,20.25%,19.91%,20.20%,23.20%,22.61%,23.16%,22.13%,22.50%,22.54%,22.39%,84.69%
1,120057246,C,A,94.30%,WES,59.67%,59.96%,60.11%,60.81%,59.94%,60.48%,60.67%,59.96%,60.28%,60.03%,59.81%,58.91%,59.50%,60.05%,98.46%
1,120611964,G,C,45.31%,WES,60.02%,59.35%,60.02%,62.54%,60.05%,60.65%,59.73%,61.05%,60.94%,60.32%,59.49%,60.80%,59.26%,59.20%,39.09%
1,120612006,G,A,41.73%,WES,85.17%,86.41%,85.36%,86.28%,86.39%,85.22%,85.43%,85.54%,86.02%,85.88%,85.10%,85.85%,85.48%,85.79%,39.84%
1,155880573,C,G,95.19%,WES,95.48%,95.24%,95.53%,95.51%,95.42%,95.09%,95.24%,95.21%,95.63%,94.91%,95.40%,95.11%,94.91%,95.43%,97.92%
1,156846233,G,A,79.32%,WES,44.08%,42.43%,41.68%,44.09%,40.79%,43.33%,42.32%,41.44%,42.80%,41.56%,42.44%,40.31%,45.12%,41.75%,87.06%
1,158619728,A,C,100%,,,,,,,,,,,,,,,,
1,158647495,A,T,100%,,,,,,,,,,,,,,,,
1,158655036,G,A,100%,WES,43.82%,42.20%,42.16%,39.38%,38.45%,43.01%,41.96%,40.51%,40.53%,41.67%,42.38%,39.95%,41.68%,42.28%,100.00%
1,204434438,G,A,56.81%,WES,96.12%,96.08%,96.24%,96.41%,96.31%,96.08%,96.36%,96.17%,96.42%,96.11%,96.23%,96.21%,96.45%,96.21%,62.12%
1,204438334,C,T,91.72%,WES,81.57%,80.94%,81.22%,82.78%,81.23%,81.82%,81.80%,81.39%,81.42%,81.10%,81.87%,82.01%,81.44%,80.70%,93.75%
1,204438643,G,T,92.27%,WES,99.98%,99.97%,99.95%,99.75%,99.89%,99.87%,99.93%,99.90%,99.89%,99.88%,100%,99.91%,100%,99.96%,90.10%
1,206647742,A,G,100%,WES,99.96%,99.95%,99.96%,99.87%,99.84%,99.91%,99.89%,99.95%,99.96%,99.93%,99.94%,99.91%,99.95%,100%,100%
1,206647787,T,C,36.84%,WES,100%,100%,100%,99.92%,99.90%,99.96%,99.96%,99.98%,99.95%,99.91%,99.98%,100%,100%,100%,39%
1,226570840,T,C,93.27%,WES,59.04%,58.79%,60.39%,59.64%,59.77%,59.03%,58.23%,59.66%,59.58%,58.47%,59.28%,58.86%,58.25%,58.62%,95.74%
1,226573364,A,G,33.16%,WES,92.46%,91.67%,91.88%,91.65%,92.37%,92.07%,91.85%,91.94%,92.19%,91.86%,91.57%,91.74%,92.56%,91.87%,40.50%
2,25536827,G,A,65%,WES,91.54%,92.07%,91.65%,92.18%,91.77%,92.02%,92.26%,91.96%,92.03%,92.04%,92.10%,92.48%,91.79%,91.40%,64.52%
2,29416366,G,C,19.85%,WES,99.99%,99.98%,99.98%,99.65%,99.86%,99.77%,99.88%,99.89%,99.86%,99.90%,99.97%,99.95%,99.95%,99.96%,19.57%
2,29416572,T,C,100%,WES,36.06%,36.17%,36.44%,36.08%,35.84%,35.56%,35.73%,35.04%,36.12%,35.03%,36.44%,36.34%,36.24%,35.60%,100.00%
2,29455267,A,G,20.13%,WES,96.22%,96.41%,96.35%,96.04%,96.01%,96.03%,95.99%,95.56%,95.73%,96.50%,96.41%,96.16%,96.26%,96.51%,23.60%
2,29543663,T,C,95.45%,WES,38.65%,38.19%,38.49%,38.24%,37.81%,39.41%,37.90%,38.17%,37.11%,38.31%,37.38%,38.54%,37.74%,37.63%,95.05%
2,29940529,A,T,81.49%,WES,67.14%,65.78%,67.55%,68.09%,67.15%,66.61%,67.21%,67.03%,68.57%,68.23%,66.36%,66.92%,69.09%,67.73%,75.95%
2,30143499,G,C,90.86%,WES,21.32%,25.04%,22.05%,21.86%,22.62%,22.22%,22.31%,21.89%,23.67%,21.75%,22.54%,22.62%,21.45%,22.99%,95.24%
2,47601106,T,C,95.61%,WES,99.97%,99.97%,100%,99.83%,99.90%,99.92%,99.82%,99.87%,99.96%,99.93%,99.98%,100%,99.98%,100%,98%
2,47607081,A,G,60.05%,WES,20.57%,21.60%,20.87%,20.69%,19.84%,20.72%,20.79%,21.36%,20.53%,21.02%,20.64%,20.04%,20.70%,21.34%,52.56%
2,47698179,A,G,48.88%,WES,95.66%,95.59%,95.83%,95.01%,95.10%,95.23%,95.48%,95.22%,95.10%,95.22%,95.59%,95.18%,95.60%,95.82%,58.02%
2,58388696,A,G,84.79%,WES,80.78%,81.84%,81.24%,81.80%,81.12%,81.62%,81.38%,81.82%,81.31%,80.45%,81.51%,81.78%,81.02%,81.05%,87.50%
2,96919642,C,T,61.07%,WES,90.63%,91.17%,91.17%,90.62%,89.72%,89.67%,90.53%,90.83%,90.42%,89.98%,90.72%,90.83%,90.72%,91.52%,63.54%
2,109381438,A,G,60.58%,WES,95.77%,95.82%,95.75%,95.42%,95.62%,95.97%,95.28%,95.55%,95.20%,95.44%,95.68%,95.56%,95.60%,95.84%,57.94%
2,109389463,G,A,99.70%,WES,62.57%,62.65%,62.61%,62.22%,62.66%,63.16%,62.95%,63.53%,61.49%,63.87%,62.57%,61.98%,62.22%,60.97%,100.00%
2,111907691,T,C,76.88%,WES,61.90%,62.14%,62.34%,61.80%,60.72%,61.53%,61.22%,61.79%,61.28%,60.51%,61.07%,60.85%,58.78%,59.12%,78.72%
2,112751928,G,A,30.48%,WES,84.82%,84.47%,84.68%,84.88%,84.77%,85.05%,85.03%,84.97%,84.56%,84.31%,83.96%,84.40%,84.45%,83.81%,28.71%
2,112755001,A,G,27.90%,WES,62.82%,63.58%,63.49%,63.98%,63.72%,64.12%,62.91%,63.31%,63.54%,64.37%,62.86%,64.02%,62.92%,62.95%,28.85%
2,112765973,A,G,27.97%,WES,60.42%,61.07%,60.09%,60.12%,60.45%,60.18%,60.51%,61.21%,59.55%,60.17%,60.25%,60.97%,60.21%,61%,28%
2,141032088,C,T,88.89%,WES,99.97%,99.96%,100%,99.84%,99.84%,99.96%,99.82%,99.92%,99.95%,99.88%,99.98%,99.97%,99.98%,100%,86%
2,141253217,T,G,64.32%,WES,76.58%,76.07%,76.80%,75.68%,75.76%,76.87%,76.36%,76.55%,75.80%,75.76%,76.61%,75.71%,75.95%,76.37%,62.03%
2,141260668,A,G,99.77%,WES,28.65%,27.56%,27.92%,29.39%,29.60%,26.92%,28.28%,29.38%,31.34%,28.72%,30.31%,29.03%,28.79%,28.44%,100.00%
2,141274576,T,C,19.05%,WES,27.83%,28.47%,28.06%,28.22%,25.70%,24.30%,25.72%,28.30%,27.53%,28.13%,27.45%,27.54%,27.74%,27.31%,13.33%
2,141571329,T,C,87.17%,WES,28.02%,26.78%,27.43%,27.01%,27.95%,27.79%,26%,26.59%,27.57%,27.16%,26.36%,27.03%,27.68%,26.69%,88.89%
2,141816621,A,G,99.62%,WES,89.05%,88.46%,88.75%,89.57%,89.25%,89.45%,89.12%,88.80%,89.35%,89.07%,88.97%,88.76%,88.90%,88.58%,100.00%
2,158626980,C,T,97.46%,WES,65.51%,65.43%,66.17%,65.22%,64.97%,65.38%,65.04%,65.25%,65.99%,65.22%,64.34%,65.04%,65.40%,65.21%,97.62%
2,158636910,G,A,33.79%,WES,99.97%,99.91%,100%,99.77%,99.81%,99.71%,99.83%,99.87%,99.91%,99.90%,99.90%,99.98%,99.88%,99.97%,36.05%
2,198257795,T,C,82.21%,WES,21%,22.08%,21.73%,21.40%,21.25%,20.76%,21.78%,21.40%,20.92%,20.90%,21.07%,20.53%,20.60%,20.21%,79.80%
2,198265526,A,G,81.91%,WES,85.05%,84.93%,85.69%,85.29%,84.83%,85.41%,84.75%,85.65%,84.22%,85.09%,84.79%,85.27%,85.39%,84.57%,79.52%
2,198283305,T,C,79.16%,,,,,,,,,,,,,,,,
2,202122995,A,G,79.43%,WES,100%,100%,99.98%,99.75%,99.90%,99.91%,99.90%,99.90%,99.91%,99.98%,99.98%,99.98%,100%,99.96%,75.82%
2,212251864,T,C,80%,WES,96.33%,96.29%,96.15%,95.91%,96.28%,96.20%,96.44%,96.31%,96.35%,96.19%,96.42%,96.61%,95.66%,96.52%,75.00%
2,215632255,C,T,23.78%,WES,34.38%,34.12%,34.46%,35.21%,34.15%,34.26%,34.01%,34.19%,35.17%,35.88%,35.33%,34.90%,35.14%,33.07%,23.94%
2,215632256,A,G,86.66%,WES,83.52%,82.76%,84.20%,83.11%,82.43%,84.22%,83.40%,82.65%,83.60%,83.45%,83.29%,82.63%,83.18%,83.69%,85.92%
2,215645464,C,G,22.59%,WES,84.31%,83.95%,83.87%,83.54%,83.01%,83.98%,83.91%,83.31%,83.42%,83.57%,83.98%,84.01%,83.84%,83.60%,13.33%
2,215645545,C,G,62.93%,WES,83.26%,82.12%,83.20%,81.78%,81.92%,83.08%,82.50%,83.07%,82.16%,82.17%,82.51%,81.25%,82.64%,82.32%,60.22%
2,225434445,A,G,68.97%,,,,,,,,,,,,,,,,
3,14187449,G,T,81.28%,WES,76.66%,77.39%,77.64%,77.46%,78.27%,78.59%,77.02%,76.99%,77.51%,77.87%,77.37%,76.99%,76.66%,78.52%,85.90%
3,14193889,C,T,59.47%,WES,80.07%,79.57%,79.94%,79.97%,79.29%,80.31%,80.71%,80.08%,78.73%,79.93%,79.51%,79.11%,78.22%,78.58%,57.89%
3,14197987,A,T,100%,WES,22.65%,22.48%,23.28%,22.23%,22.21%,22.01%,21.66%,22.93%,21.36%,22.44%,24.01%,22.92%,23.32%,21.78%,100.00%
3,14199887,G,A,22.37%,WES,87.66%,87.03%,87.16%,86.52%,86.28%,86.90%,86.92%,86.68%,86.34%,86.77%,86.84%,86.56%,86.49%,86.28%,18.45%
3,37053568,A,G,63.47%,WES,24.18%,24.91%,24.55%,24.33%,24.35%,24.91%,25.03%,23.56%,25.25%,24.34%,23.74%,24.33%,24.28%,23.44%,62.20%
3,47125385,G,A,94.99%,WES,62.98%,62.66%,62.95%,62.34%,62.87%,62.65%,61.64%,63.16%,62.63%,62.84%,61.92%,62.94%,63.11%,62.57%,95.96%
3,47162661,A,G,95.77%,WES,65.57%,63.72%,65.12%,66.50%,63.07%,65.62%,63.48%,63.93%,66%,62.55%,64.40%,64.62%,59.79%,61.51%,91.40%
3,49721532,G,A,81.46%,WES,82.63%,82.62%,83.25%,82.86%,81.87%,83.03%,83.35%,82.99%,82.25%,82.60%,83.20%,83.11%,81.88%,82.29%,80.21%
3,49721798,C,A,80.57%,WES,62.72%,62.97%,62.23%,62.73%,62.30%,62.14%,61.31%,63.33%,62.07%,62.67%,63.15%,62.05%,62.14%,61.69%,75.86%
3,49723750,A,G,44.44%,,,,,,,,,,,,,,,,
3,49724808,T,C,90.15%,WES,99.97%,99.96%,99.98%,99.85%,99.95%,99.98%,99.88%,99.89%,99.93%,99.93%,99.98%,99.89%,100%,99.98%,92.63%
3,49928691,T,C,100%,WES,18.76%,19.69%,19.80%,20.36%,19.90%,19.07%,18.84%,19.77%,19.31%,18.75%,19.27%,20.12%,18.17%,19.31%,98.78%
3,51978220,A,G,99.58%,WES,63.65%,63.77%,64.63%,63.40%,63.94%,63.77%,63.37%,63.89%,64.03%,63.81%,63.51%,64.04%,64.45%,63.31%,100.00%
3,52584787,T,C,67.35%,WES,95.94%,96.12%,96.06%,96.12%,96.42%,96.07%,96.46%,96.05%,96.32%,96.40%,96.15%,96.27%,95.74%,96.19%,62.34%
3,52610651,T,A,63.55%,WES,95.51%,96.10%,95.49%,95.67%,95.27%,95.82%,95.95%,95.94%,96%,95.99%,95.49%,95.39%,95.39%,95.73%,70.00%
3,52643685,T,C,67.56%,WES,77.23%,77.77%,77.69%,77.86%,78.67%,77.69%,78.33%,78.21%,77.91%,77.75%,77.69%,77.90%,78.58%,78.11%,70.54%
3,89521693,T,C,22.98%,WES,77.74%,77.19%,77.88%,78.09%,78.59%,77.88%,78.10%,78.84%,77.58%,78.04%,78.74%,77.63%,77.90%,76.83%,22.50%
3,128204951,C,T,60.56%,WES,42.56%,53.06%,55.17%,33.54%,35.94%,32.89%,29.98%,32.33%,35.82%,29.31%,29.90%,33.27%,42.62%,55.43%,56.06%
3,128205860,G,C,78.04%,WES,91.01%,90.56%,91.37%,90.62%,90.25%,90.46%,91.07%,90.53%,89.35%,90.33%,90.56%,90.76%,90.55%,90.59%,85.71%
3,134670524,C,T,86.32%,WES,99.99%,99.97%,100%,99.82%,99.84%,99.92%,99.93%,99.95%,99.93%,99.97%,100%,99.95%,99.92%,99.96%,85.86%
3,142168331,C,T,30.65%,WES,99.83%,99.93%,99.97%,99.72%,99.90%,99.78%,99.85%,99.87%,99.81%,99.90%,99.95%,99.90%,99.89%,99.92%,24.68%
3,142277575,A,T,33.25%,WES,71.23%,69.17%,70.19%,68.69%,69.31%,70.58%,68.82%,70.04%,68.89%,70.22%,69.83%,70.39%,69.89%,69.67%,36.70%
3,142281612,A,G,32.56%,WES,69.34%,70.99%,70.08%,70.77%,70.93%,69.99%,69.68%,70.18%,69.51%,70.33%,69.83%,70.04%,68.73%,69.69%,29.46%
3,178952085,A,G,7%,,,,,,,,,,,,,,,,
3,182681740,C,T,95.14%,WES,70.94%,70.34%,70.38%,74.19%,70.34%,70.74%,70.68%,69.80%,69.85%,73.31%,72.66%,71.01%,69.43%,70.38%,98.21%
3,183211906,A,G,82.75%,WES,25.88%,24.38%,23.97%,25.23%,24.77%,26.08%,25.62%,24.63%,24.51%,24.64%,25.67%,25.23%,24.38%,25.05%,85.37%
3,187447032,G,A,42.78%,WES,64.75%,62.48%,64.39%,64.60%,64.44%,64.44%,64.05%,64.28%,67.09%,64.57%,64.23%,65.50%,63.94%,61.85%,49.46%
4,1807894,G,A,99.81%,WES,79.25%,78.54%,78.85%,79.12%,80.15%,79.96%,79.37%,78.56%,77.83%,78.94%,79.94%,79.82%,78.78%,79.62%,100.00%
4,41748217,G,A,61.40%,WES,87.95%,87.75%,87.83%,88.01%,89.10%,88.61%,88.47%,87.55%,88.79%,87.39%,88.31%,88.12%,87.71%,88.09%,61.54%
4,55127413,C,T,67.03%,WES,31.43%,31.01%,30.91%,32.08%,32.03%,31.66%,31.08%,31.15%,32.18%,31.92%,30.99%,31.75%,29.66%,29.64%,69.77%
4,55141055,A,G,99.60%,WES,31.04%,30.80%,31.73%,31.91%,30.34%,32.37%,30.51%,30.92%,30.83%,31.16%,31.30%,29.57%,29.36%,30.68%,100.00%
4,55161391,T,C,99.81%,WES,29.81%,30.82%,30.41%,29.85%,30.26%,30.43%,30.73%,31.27%,29.81%,30.18%,30.74%,29.96%,29.80%,29.28%,100.00%
4,55599321,A,T,2%,,,,,,,,,,,,,,,,
4,66535284,G,A,75.62%,,,,,,,,,,,,,,,,
4,106157698,T,C,61.45%,ddPCR,7.52%,6.80%,7.10%,6.98%,6.71%,7.41%,6.77%,6.62%,7.39%,6.85%,6.93%,6.84%,7.27%,7.20%,60.67%
4,106196834,C,T,63.38%,WES,96.32%,96.45%,96.43%,96%,95.90%,95.77%,96.08%,96.07%,96.02%,95.93%,95.94%,95.94%,96.03%,96.18%,59.21%
4,106197000,A,G,65.25%,WES,84.53%,84.88%,84.89%,85.07%,84.33%,85.21%,84.35%,84.62%,83.86%,84.54%,84.43%,85.15%,83.30%,83.62%,68.82%
4,185310218,C,T,76.16%,WES,42.43%,41.38%,42.19%,41.16%,42.17%,41.34%,41.66%,42.54%,41.21%,41.18%,42.60%,41.48%,40.94%,41.73%,80.68%
4,187516880,A,G,29.59%,WES,100%,99.96%,99.93%,99.85%,99.97%,99.92%,99.94%,99.92%,100%,99.92%,99.95%,99.92%,99.98%,99.90%,32.91%
4,187519206,C,G,100%,WES,64.22%,63.68%,63.48%,64.84%,64.77%,63.86%,65.11%,63.96%,65.13%,63.48%,64.86%,64.87%,63%,63.13%,100.00%
4,187525020,A,C,32%,WES,66.41%,66.61%,66.93%,66.57%,66.81%,65.50%,66.12%,67.18%,66.70%,66.87%,66.68%,67.02%,66.29%,66.60%,19.28%
4,187534363,G,A,92.41%,WES,99.95%,99.98%,99.99%,99.81%,99.92%,99.90%,99.89%,99.95%,99.92%,99.93%,99.98%,99.97%,99.98%,99.96%,93.10%
4,187534375,A,G,85.97%,WES,99.93%,99.93%,99.96%,99.80%,99.91%,99.89%,99.93%,99.90%,99.95%,99.98%,99.93%,99.95%,99.86%,99.94%,86.83%
4,187538330,G,A,83.38%,ddPCR,2.27%,2.46%,2.34%,2.36%,2.39%,2.84%,2.67%,2.46%,2.57%,2.32%,2.31%,2.46%,2.34%,2.09%,84.21%
4,187538942,T,G,92.04%,WES,76.32%,76.72%,76.73%,74.51%,78.25%,75.56%,76.03%,75.38%,76.89%,69.75%,70.60%,72.45%,76.16%,75.85%,94.37%
4,187557893,T,C,86.86%,WES,60.65%,61.30%,61.16%,60.82%,61.53%,61.73%,62.29%,61.12%,60.70%,60.54%,60.79%,60.73%,60.03%,61.59%,84.34%
4,187627792,T,C,80.09%,WES,62.08%,62.84%,61.50%,62.10%,63.93%,62.09%,62.16%,61.71%,63.20%,61.11%,62.38%,62.38%,61.93%,61.18%,76.34%
4,187628398,C,G,81.58%,WES,65.53%,64.84%,66.17%,65.74%,66.27%,66.20%,65.89%,67.40%,65.70%,65.25%,65.07%,65.08%,64.61%,65.20%,75.90%
4,187629140,G,C,81.27%,WES,78.27%,78.57%,78.19%,78.38%,79.69%,78.51%,78.40%,78.42%,79.34%,77.57%,77.96%,78.60%,77.69%,77.50%,74.77%
4,187630590,G,A,66.91%,WES,28.59%,28.06%,28.90%,28.93%,28.84%,29.44%,29.85%,29.48%,27.62%,28.96%,28.97%,29.96%,28.86%,28.34%,75.64%
5,223646,A,T,55.50%,WES,99.98%,99.96%,99.97%,99.36%,99.84%,99.59%,99.84%,99.49%,100%,99.92%,99.81%,99.92%,99.95%,99.98%,59.26%
5,231111,T,C,89.84%,WES,29.79%,31.24%,30.50%,30.13%,30.84%,31.22%,30.38%,30.30%,30.82%,31.29%,29.81%,30.40%,30.55%,28.81%,91.04%
5,1280327,C,T,56.17%,WES,91.46%,91.53%,91.82%,91.08%,91.87%,90.50%,91.23%,91.08%,90.03%,91.01%,90.96%,91.25%,91.83%,91.44%,61.76%
5,1294086,C,T,55.86%,WES,84.77%,85.25%,85.16%,83.28%,84.46%,83.74%,83.86%,84.02%,82.64%,83.81%,83.40%,83.57%,84.35%,84.31%,64.42%
5,7870973,A,G,37.47%,WES,84.35%,84.09%,83.59%,84.20%,83.10%,83.90%,84.42%,84.02%,83.63%,84.32%,83.96%,83.96%,82.65%,83.12%,33.33%
5,7878179,C,T,39.52%,WES,91.12%,91.03%,91.22%,90.47%,90.77%,91.03%,90.87%,90.50%,90.94%,90.08%,90.55%,90.43%,90.71%,90.93%,43.40%
5,7897319,G,A,38.91%,WES,86.90%,86.69%,86.88%,87.02%,87.17%,87.96%,87.33%,87.39%,87.64%,87.29%,86.98%,87.92%,87.28%,87.34%,44.87%
5,38950776,G,A,93.27%,,,,,,,,,,,,,,,,
5,38955796,G,A,86.32%,WES,80.18%,80.30%,80.14%,78.08%,79.08%,78.89%,78.05%,78.78%,80%,78.23%,79.45%,79.23%,80.95%,79.47%,79.25%
5,38958865,A,G,48.42%,WES,80.35%,80.83%,80.12%,79.65%,80.01%,79.78%,79.07%,79.42%,79.07%,79.49%,79.69%,79.87%,80.64%,79.18%,50.85%
5,56111751,G,C,96.11%,,,,,,,,,,,,,,,,
5,56161787,G,A,100%,WES,80.15%,80.26%,80.34%,80.28%,79.54%,80.16%,80.36%,80.33%,78.89%,80.51%,80.42%,79.36%,80.21%,79.86%,100.00%
5,56168712,C,T,57.19%,WES,65.35%,64.32%,65.28%,66.59%,65.78%,66.15%,66.32%,64.83%,64.58%,66.08%,65.36%,66.17%,63.72%,64.76%,61.04%
5,56177443,G,A,74.49%,WES,56.35%,55.44%,55.95%,55.86%,56.48%,57.05%,56.59%,55.71%,56.85%,55.31%,57.31%,55.57%,53.46%,55.40%,81.11%
5,56177743,G,A,95.51%,WES,88.35%,88.42%,89.32%,88.10%,88.66%,88.66%,88.73%,87.90%,87.94%,88.51%,89.14%,88.57%,89.11%,89.16%,95.74%
5,56178111,A,G,63.53%,WES,56.72%,56.12%,55.95%,55.93%,55.48%,55.95%,56.95%,55.88%,55.71%,54.95%,55.48%,55.41%,55.54%,54.95%,57.43%
5,56178217,A,C,92.09%,WES,55.55%,56.02%,54.98%,56.24%,57.08%,55.59%,55.92%,56.37%,57.45%,56.33%,55.67%,55.57%,54.26%,55.48%,96.51%
5,57751443,A,G,21.89%,WES,32.73%,33.14%,32.82%,32.02%,31.85%,33.19%,32.65%,31.39%,31.74%,31.84%,32.51%,31.98%,32.08%,31.14%,12.99%
5,57755703,C,T,65.75%,WES,38.68%,38.88%,39.86%,38.74%,38.73%,38.68%,39.13%,38.78%,38.69%,39.79%,38.44%,38.48%,38.23%,39.26%,65.33%
5,67522722,C,T,21.58%,WES,39.87%,38.78%,39.76%,40.34%,39.15%,38.25%,38.44%,40.65%,39.91%,40.07%,40.11%,38.83%,39.05%,39.53%,21.82%
5,79950781,A,G,93.64%,,,,,,,,,,,,,,,,
5,80149981,A,G,99.81%,WES,93.45%,92.99%,92.73%,92.45%,92.99%,92.38%,92.35%,92.48%,92.70%,93.20%,92.40%,92.10%,92.58%,92.12%,100.00%
5,80168937,G,A,100%,WES,80.64%,80.67%,80.50%,80.74%,79.70%,80.41%,80.52%,80.60%,80.05%,81.15%,80.71%,80.96%,79.76%,80.75%,100.00%
5,112162854,T,C,77.30%,WES,50.17%,50.86%,50.03%,49.48%,48.53%,49.96%,50.31%,51%,50.70%,49%,50.24%,48.56%,50.75%,51.02%,78.82%
5,112164561,G,A,83.61%,WES,95.77%,95.80%,95.92%,95.61%,96.33%,95.16%,95.90%,95.62%,95.61%,95.51%,95.54%,95.82%,96.59%,95.37%,85.71%
5,112175770,G,A,84.13%,WES,100%,100%,100%,99.87%,99.93%,99.84%,99.93%,99.82%,99.95%,99.92%,99.86%,99.98%,100%,100%,83%
5,112176325,G,A,82.87%,WES,60.63%,60.62%,59.85%,60.53%,61.89%,60.46%,60.99%,59.42%,61.32%,61.21%,60.79%,60.26%,59.60%,57.99%,80.58%
5,112176559,T,G,80.51%,WES,78.10%,78.31%,78%,78.17%,78.17%,78.67%,78.32%,78.97%,79.23%,78.84%,78.92%,78.34%,78.27%,77.92%,81.25%
5,112176756,T,A,86.96%,WES,96.14%,95.22%,95.83%,95.48%,95.61%,95.47%,95.85%,95.78%,95.20%,95.48%,95.78%,95.90%,96.02%,95.69%,91.40%
5,112177171,G,A,87.56%,WES,60.64%,61.96%,61.11%,60.21%,60.60%,60.65%,60.68%,60.04%,59.51%,61.84%,61.51%,61.16%,59.98%,59.94%,89.17%
5,149450132,T,C,63.98%,WES,95.58%,95.61%,95.52%,95.10%,96.01%,95.16%,95.28%,95.55%,95.14%,95.61%,95.27%,95.45%,95.29%,95.12%,57.32%
5,161119071,G,T,95.72%,WES,20.36%,20.77%,21.48%,20.51%,20.38%,21.13%,20.40%,21.10%,20.22%,20.36%,21.25%,20.95%,19.49%,19%,96%
5,161119125,C,G,23.15%,WES,65.45%,64.31%,64.80%,65.15%,65.41%,64.83%,64.79%,64.23%,64.35%,66.28%,65.23%,64.70%,65.71%,64.74%,23.81%
5,161128761,C,G,97.07%,WES,20.48%,19.92%,19.95%,20.54%,19.94%,21.05%,21.25%,19.96%,20.40%,20.81%,19.72%,21.40%,20.43%,21.12%,94.92%
5,176517461,T,G,76.41%,WES,94.79%,95.90%,95.61%,95.08%,95.90%,95%,95.36%,95.70%,93.13%,95.52%,95.16%,95.45%,95.26%,95.52%,77.88%
5,176517797,C,T,85.84%,WES,99.93%,99.98%,99.98%,99.84%,99.93%,99.96%,99.95%,99.93%,99.87%,99.94%,99.96%,99.98%,100%,99.97%,85.71%
5,176518784,C,T,87.68%,WES,100%,99.97%,100%,99.94%,99.92%,99.95%,99.94%,99.89%,100%,99.95%,99.98%,99.95%,100%,100%,77%
5,176721198,T,C,100%,WES,79.73%,80.99%,81.72%,81.07%,80.48%,81.21%,81.15%,80.95%,80.42%,79.94%,80.81%,81.15%,79.54%,79.75%,100.00%
5,176721272,G,C,53.84%,WES,82.77%,84.78%,83.45%,84.57%,85.69%,83.37%,84.14%,84.10%,85.28%,84.02%,85.14%,83.96%,82.23%,83%,62%
5,180039606,C,T,58.09%,WES,84.41%,83.97%,84.13%,84.47%,84.40%,84.10%,84.23%,84.75%,85.03%,83.81%,83.80%,85.34%,83.93%,84.06%,63.16%
5,180046344,G,C,86.29%,WES,84.61%,84.08%,84.12%,84.66%,84.69%,84.48%,84.22%,84.28%,82.93%,84.66%,84.26%,83.91%,84.35%,84.25%,82.26%
5,180057293,T,C,62.59%,WES,84.62%,84.47%,84.73%,84.24%,83.80%,85.04%,84.37%,84.40%,83.45%,85.19%,84.26%,84.40%,83.82%,84.76%,63.53%
6,26045929,T,C,35.63%,WES,84.59%,83.95%,85.02%,84.96%,84.67%,84.66%,84.88%,84.55%,85.14%,85.12%,85.68%,85.31%,83.88%,84.53%,44.05%
6,26056549,A,G,31.99%,WES,84.69%,84.47%,84.82%,85.30%,85.80%,84.68%,84.71%,85.19%,84.95%,84.93%,84.99%,84.78%,83.73%,84.50%,23.86%
6,26271241,G,A,58.89%,WES,60.08%,60.86%,60.57%,60.07%,59.54%,60.81%,59.84%,59.50%,61.21%,60.60%,59.27%,60.26%,59.59%,59.87%,67.74%
6,27858421,A,G,61.29%,WES,96.35%,95.76%,96.02%,96.08%,96.51%,96.16%,96.29%,96.03%,96.15%,95.73%,95.94%,96%,96.17%,96.42%,73.42%
6,29911056,A,G,58.85%,WES,26.03%,25.72%,26.25%,26.43%,26.25%,25.60%,25.29%,26.02%,26.62%,25.98%,26.27%,25.69%,25.95%,25.54%,52.05%
6,35423662,A,C,70.76%,WES,96.48%,96.15%,96.58%,95.88%,96.29%,95.92%,96.24%,96.89%,97.01%,95.96%,95.98%,96.41%,96.23%,96.03%,69.47%
6,35430686,G,A,59.06%,WES,79.35%,78.77%,79.12%,78.02%,78.27%,78.33%,78.76%,78.53%,76.48%,78.47%,78.72%,78.78%,78.40%,78.80%,54.65%
6,36645696,A,G,78.59%,WES,87.21%,87.57%,86.99%,87.21%,86.98%,86.53%,87.19%,87.42%,88.06%,86.69%,86.72%,87.04%,86.26%,86.25%,85.23%
6,93967851,C,T,77.06%,WES,86.35%,86.62%,85.93%,87.71%,87.49%,88.16%,86.84%,86.87%,87.43%,87.56%,87.80%,87.14%,86.27%,85.49%,75.61%
6,93982124,A,G,80.26%,WES,99.98%,99.97%,99.99%,99.76%,99.90%,99.94%,99.93%,99.95%,99.98%,99.95%,99.90%,99.92%,99.95%,100%,79%
6,94067981,C,T,31.16%,WES,60.39%,61.07%,60.78%,59.21%,60.09%,59.86%,60.73%,59.62%,61.38%,60.04%,61.40%,60.37%,60.21%,60.40%,36.36%
6,106555025,G,A,63.03%,WES,61.58%,60.59%,61.17%,61.35%,58.80%,59.62%,59.84%,61.49%,58.33%,59.35%,60.92%,61.37%,61.83%,61.90%,73.24%
6,117631431,T,G,60.55%,WES,86.59%,86.22%,85.55%,86.42%,85.95%,85.67%,85.46%,86.23%,84.81%,85.76%,86.57%,85.68%,85.85%,86.20%,
6,149983216,G,A,74.14%,,,,,,,,,,,,,,,,72.73%
6,150004779,A,G,72.29%,WES,66.29%,66.50%,65.78%,65.59%,65.89%,65.78%,65.66%,65.86%,62.20%,66.23%,65.87%,66.19%,65.39%,65.59%,75.47%
6,150005250,A,G,69.49%,WES,36.32%,36.44%,37.14%,35.73%,35.52%,36.13%,36.14%,35.76%,37.02%,36.08%,36%,36.77%,35.38%,36.50%,67.48%
6,151686905,C,T,31.85%,WES,36.50%,36.55%,37.38%,35.95%,37.02%,35.45%,35.73%,36.62%,36.95%,35.66%,36.74%,35.80%,36.42%,37.05%,37.25%
6,152129077,T,C,18.50%,WES,59.55%,59.78%,59.74%,59.41%,59.80%,59.27%,59.54%,59.04%,59.51%,60.27%,59.88%,59.53%,58.55%,58.59%,16.87%
6,152201875,T,C,100%,WES,64.08%,64.80%,64.89%,64.01%,63.22%,65.15%,63.95%,64.41%,62.73%,64.38%,64.32%,63.08%,64%,63.97%,100.00%
6,152265522,G,C,31.50%,WES,58.85%,57.87%,59.81%,45.21%,57.92%,58.58%,57.35%,56.92%,58.98%,57.68%,59.09%,57.86%,55.30%,55.68%,30.69%
7,2946461,T,C,42.73%,WES,73.75%,72.99%,73.36%,71.79%,72.82%,73.95%,72.44%,72.73%,72.29%,72.46%,72.31%,72.24%,73.03%,73.63%,35.58%
7,2969680,G,A,59.18%,WES,61.30%,61.35%,60.69%,61.21%,59.45%,59.16%,59.77%,60.11%,59.51%,60.34%,60.47%,60.75%,61.25%,60.68%,64.41%
7,2976767,G,A,71.09%,WES,82.48%,81.95%,83.08%,81.85%,82.66%,81.88%,81.97%,82.27%,81.96%,82.79%,82.72%,81.70%,82.48%,82%,69%
7,6026775,T,C,40.72%,WES,75.16%,74.11%,75.32%,75.16%,74.98%,74.70%,75.21%,75.32%,76.14%,74.79%,75.34%,75.01%,73.35%,73.35%,43.70%
7,6036980,G,C,41.42%,WES,82.78%,83.21%,83.24%,81.98%,83.26%,82.90%,83.21%,82.32%,81.30%,82.28%,82.74%,81.53%,81.42%,81.58%,44.29%
7,13978809,T,C,19.34%,WES,28.93%,29.55%,29%,28.62%,29.11%,29.08%,28.98%,29.89%,28.29%,29.56%,27.49%,29.39%,28.78%,27.66%,11.59%
7,14025766,T,A,91.65%,WES,63.71%,63.24%,63.75%,63.89%,64.90%,63.97%,64.02%,63.56%,65.79%,63.62%,62.94%,63.33%,63.67%,62.83%,87.50%
7,55214348,C,T,39.80%,WES,61.35%,64.12%,62.92%,61.03%,62.03%,61.51%,62.31%,61.71%,62.85%,61.67%,61.56%,60.41%,59.73%,62.90%,42.28%
7,55233089,C,T,52.78%,WES,73.72%,73.37%,73.50%,73.73%,74.33%,74.33%,73.50%,74.11%,74.03%,73.90%,74.70%,74.54%,72.79%,74.57%,57.01%
7,55238087,C,T,49.67%,WES,73.73%,73.97%,74.84%,73.87%,73.26%,76.82%,74.67%,73.74%,73.87%,73.61%,73.74%,74.29%,74.58%,74.89%,52.08%
7,55241707,G,A,4%,,,,,,,,,,,,,,,,
7,55249063,G,A,58.21%,WES,66.53%,66.69%,66.80%,65.20%,65.56%,65.40%,66.68%,66.38%,65.34%,67.01%,66.51%,66.53%,66%,66.53%,60.23%
7,55249071,C,T,2%,,,,,,,,,,,,,,,,
7,55259515,T,G,1%,,,,,,,,,,,,,,,,
7,55266417,T,C,87.20%,WES,31.59%,33.40%,32.03%,32.22%,32.17%,32.49%,31.87%,32.55%,32.41%,32.42%,32.59%,31.84%,31.46%,31.95%,88.33%
7,55268916,C,T,46.01%,WES,17.88%,17.90%,17.93%,17.85%,25.80%,24%,23.96%,17.11%,18.50%,18.06%,18.24%,17.60%,17.10%,18.33%,50.80%
7,77649085,C,T,67.09%,WES,99.98%,99.97%,99.97%,99.86%,99.93%,99.93%,99.91%,99.91%,99.86%,99.98%,99.98%,99.98%,100%,99.98%,66.67%
7,77756580,T,C,93.17%,WES,27%,26.82%,26.52%,26.44%,27.26%,27.28%,26.31%,26.43%,28.11%,26.23%,27.01%,26.52%,26.48%,26.94%,89.83%
7,77756724,C,T,93.80%,WES,44.51%,44.59%,44.64%,44.76%,43.68%,45.15%,44.08%,44.04%,42.62%,44.12%,44.45%,43.55%,44.38%,44.40%,89.16%
7,77885552,G,A,53.78%,WES,63.31%,64.27%,64.10%,63.53%,64.32%,63.44%,65.29%,63.97%,63.64%,64.21%,63.47%,63.94%,64.20%,62.04%,59.26%
7,98508849,G,A,51.34%,WES,63.75%,66.10%,64.33%,63.47%,64.22%,62.91%,63.13%,64.78%,65.44%,64.11%,63.71%,63.91%,64.60%,64.06%,44.74%
7,100410597,G,A,21.37%,WES,42.02%,42.12%,43.32%,40.43%,41.57%,40.34%,41.82%,40.89%,41.10%,41.27%,41.96%,41.46%,42.79%,42.15%,20.20%
7,100411278,T,C,78.18%,WES,41.80%,42.12%,42.33%,42.07%,42.03%,42.36%,42.30%,43.06%,41.96%,42.57%,41.90%,41.49%,40.87%,39.66%,80.21%
7,100416250,A,G,71.07%,WES,19.57%,18.12%,21.03%,20.05%,20.06%,20.17%,19.53%,19.80%,19.99%,19.39%,19.09%,19.72%,18.82%,19.99%,62.00%
7,106508978,A,G,46.54%,WES,91.47%,91.83%,91.31%,90.81%,91.17%,91.55%,91.20%,90.65%,91.38%,91.31%,90.80%,91.57%,91.67%,91.22%,48.25%
7,106508987,T,C,47.62%,WES,39.78%,38.53%,38.89%,38.87%,39.74%,38.47%,38.82%,39.14%,39.91%,39.32%,40.05%,39.66%,39.67%,38.64%,49.14%
7,116397572,A,G,20.15%,WES,52.30%,52.11%,51.96%,52.25%,52.08%,52.17%,52.18%,52.10%,51.83%,52.20%,51.85%,52.52%,52.18%,51.53%,17.05%
7,116435768,C,T,72.52%,WES,51.95%,52.47%,51.82%,50.40%,51.86%,49.93%,51.74%,51.60%,53.61%,51.19%,51.26%,51.40%,52.05%,52.61%,72.73%
7,116436022,G,A,75.26%,ddPCR,3.89%,4.26%,3.95%,4.19%,4.23%,4.05%,4.42%,3.95%,4.06%,4.36%,4.23%,4.33%,3.61%,4.06%,69.52%
7,116436097,G,A,74.93%,WES,56.89%,55.01%,57.36%,57.53%,56.93%,57.17%,56.45%,56.94%,57.43%,56.11%,57.24%,55.88%,56.03%,56.67%,77.00%
7,128846328,G,C,100%,ddPCR,1.87%,2.24%,2.33%,2.22%,2.12%,2.27%,2.24%,2.14%,1.95%,2.44%,2.31%,1.94%,2.22%,2.05%,100.00%
7,140453136,A,T,7%,ddPCR,0.89%,0.90%,0.79%,0.81%,0.79%,0.77%,0.91%,0.71%,0.92%,0.98%,0.76%,0.85%,0.99%,0.69%,7.14%
7,151945007,C,T,41.40%,WES,87.52%,88.05%,87.83%,86.66%,87.48%,87.27%,87.67%,86.78%,86.93%,86.36%,87.60%,87.20%,86.98%,87.27%,33.12%
7,151945167,G,T,31.86%,WES,50.59%,49.74%,49.61%,49.87%,50.77%,49.77%,49.92%,49.60%,50.41%,50.37%,49.61%,49.76%,48.88%,48.58%,26.80%
8,68968166,C,A,81.94%,WES,63.01%,64.71%,63.38%,63.62%,62.59%,63.36%,63.36%,64.05%,63.21%,63.99%,63.68%,63.47%,64.01%,63.43%,74.42%
8,68968171,G,A,82.86%,WES,92.87%,93.15%,93.25%,93.05%,92.99%,93.68%,93.31%,92.48%,92.54%,93.35%,92.98%,93.43%,92.87%,92.31%,75.29%
8,90958422,T,C,92.84%,WES,92.56%,92.74%,92.55%,93.08%,93.01%,92.84%,92.84%,93.13%,93.72%,93.52%,92.75%,93.29%,92.75%,92.50%,91.76%
8,90967711,A,G,90.34%,WES,57.92%,58.25%,58.41%,58.49%,57.04%,57.79%,58.39%,58.60%,58.59%,59.29%,59.31%,58.13%,57.76%,57.27%,85.39%
8,90990479,C,G,89.98%,WES,54.43%,53.47%,55.12%,54.21%,54.39%,54.58%,54.09%,54.36%,54.64%,54.72%,54.89%,54.49%,52.92%,52.97%,86.67%
8,90995019,C,T,90.90%,WES,20.89%,21.03%,20.40%,21.74%,19.10%,21.29%,20.59%,20.68%,18.53%,20.65%,21.91%,21.10%,20.17%,20.51%,88.66%
8,145737636,A,G,99.92%,WES,77.44%,77.61%,78.06%,76.83%,76.74%,76.37%,78.20%,76.59%,76.74%,77.19%,77.13%,76.42%,75.98%,76.79%,100.00%
8,145741702,C,G,16.46%,WES,69.53%,69.94%,70.35%,68.99%,69.95%,69.79%,69.41%,70.10%,69.15%,69.25%,70.60%,69.57%,69.68%,70.96%,18.35%
8,145742514,A,G,99.89%,WES,44.75%,46.14%,45.27%,44.24%,41.86%,45.60%,43.73%,45.18%,42.33%,44.36%,44.98%,45.26%,45.79%,46.36%,100.00%
8,145742879,T,C,18.52%,WES,44.84%,46.30%,45.19%,44.83%,41.99%,45.77%,43.70%,44.79%,41.70%,44.16%,45%,45.29%,45.66%,46.05%,21.43%
9,5557672,T,C,100%,WES,19.64%,19.78%,20.40%,19.83%,19.42%,19.34%,19.53%,19.16%,19.52%,19.83%,20.26%,19.11%,19.01%,19%,98%
9,8465598,A,G,65.43%,WES,74.66%,74.94%,74.04%,74.78%,74.25%,74.15%,75.42%,73.33%,74.26%,75.59%,74.73%,74.58%,74.95%,73.51%,62.30%
9,8507344,G,T,65.37%,WES,74.29%,73.03%,75.12%,75.71%,75.72%,76.15%,74.79%,75.78%,74.97%,75.23%,75.60%,75.81%,75.30%,73.30%,68.60%
9,21816758,G,A,73.39%,,,,,,,,,,,,,,,,
9,27183463,A,C,100%,,,,,,,,,,,,,,,,
9,36840623,G,A,94.49%,WES,73.87%,72.64%,75.43%,75.14%,75.55%,74.63%,74.33%,75.06%,73.80%,73.93%,74.64%,75.66%,74.82%,73.53%,95.35%
9,93606309,G,A,64.48%,WES,99.99%,99.97%,100%,99.70%,99.86%,99.90%,99.96%,99.86%,99.97%,99.94%,99.97%,99.95%,99.95%,100%,70%
9,98209594,G,A,26.15%,ddPCR,5.56%,5.35%,5.75%,6.07%,5.90%,5.57%,5.25%,5.59%,5.44%,5.96%,5.95%,6.04%,5.37%,5.55%,21.05%
9,127951863,G,A,37.63%,WES,38.70%,40.84%,39.40%,42.78%,39.97%,42.62%,40.37%,40.67%,41.40%,41.25%,40.22%,41.26%,38.39%,39.58%,
9,133759546,G,A,50.77%,WES,25.25%,25.53%,24.99%,22.18%,24.26%,24.55%,24.35%,25.14%,25.22%,25.09%,24.88%,25.03%,24.92%,25.47%,55.17%
9,133760592,C,T,50.47%,WES,82.52%,82.31%,82.77%,82.88%,83.84%,82.77%,83.07%,83.29%,82.44%,83.38%,82.82%,83.21%,81.59%,81.45%,47.37%
9,133761001,A,G,81.34%,WES,82.48%,82.60%,82.68%,83.71%,83.98%,82.91%,83.24%,83.64%,82.58%,83.62%,83.19%,83.51%,81.57%,81.46%,74.31%
9,135782221,T,C,62.27%,WES,91.15%,90.83%,91.05%,90.63%,90.19%,90.70%,90.64%,90.67%,90.39%,91.04%,90.48%,90.43%,90.64%,90.88%,
9,135786904,A,G,60.04%,WES,90.56%,90.79%,90.66%,90.35%,90.08%,90.45%,90.31%,90.88%,90.67%,90.79%,90.37%,90.34%,90.01%,90.70%,54.88%
9,139391636,G,A,69.62%,WES,89.19%,89.24%,89.79%,89.31%,89.95%,89.43%,89.96%,89.08%,89.33%,89.02%,89.51%,89.71%,87.77%,88.78%,73.04%
9,139397707,G,A,72.66%,WES,90.36%,90.20%,90.42%,90.66%,90.22%,90.25%,90.74%,90.18%,90.10%,90.44%,90.05%,90.80%,90.84%,89.80%,69.09%
9,139418260,A,G,27.31%,WES,99.98%,99.99%,99.98%,99.77%,99.86%,99.88%,99.90%,99.87%,99.93%,99.94%,99.98%,99.99%,99.94%,99.99%,20.95%
10,43595968,A,G,23.72%,WES,17.72%,16.73%,16.81%,17.96%,17.16%,17.34%,17.69%,17.10%,16.79%,16.76%,17.31%,16.81%,17.10%,17.26%,22.37%
10,43606687,A,G,78.76%,WES,99.98%,99.95%,99.97%,99.58%,99.95%,99.66%,99.95%,99.91%,100%,99.97%,99.97%,99.95%,99.93%,99.97%,72.46%
10,43613843,G,T,33.66%,WES,17.35%,18.33%,17.32%,17.14%,17.21%,17.39%,16.97%,16.75%,16.01%,17.59%,16.84%,17.92%,17.28%,16.99%,35.94%
10,70332672,T,A,62.31%,WES,99.99%,100%,99.97%,99.32%,99.77%,99.34%,99.73%,99.57%,99.90%,99.81%,99.84%,99.92%,99.95%,99.98%,66.98%
10,70405855,A,G,91.59%,WES,68.96%,69.93%,69.11%,68.52%,69.16%,69.79%,69.87%,68.75%,69.27%,69.58%,67.93%,69.16%,68.37%,68.82%,92.14%
10,90771829,T,C,69.12%,WES,68.90%,69.52%,69.13%,69.11%,70%,68.95%,69.16%,68.76%,68.03%,69.50%,69.61%,67.94%,69.11%,68.01%,
10,104386934,T,C,58.21%,WES,73.49%,73.32%,74.23%,74.01%,73.73%,73.53%,74.93%,73.13%,74.49%,74.67%,73.17%,73.77%,73.19%,72.78%,54.41%
10,123239112,G,A,73.32%,WES,99.98%,99.95%,100%,99.87%,100%,99.97%,99.91%,99.97%,99.92%,99.95%,99.98%,100%,99.97%,99.96%,67.44%
10,123298158,T,C,95.16%,WES,96.34%,96.22%,95.88%,95.85%,95.77%,95.40%,96.41%,96.12%,96.32%,96.10%,95.60%,96.22%,95.80%,96.02%,95.89%
11,534242,A,G,90.41%,WES,63.21%,64.36%,64.54%,65.47%,64.19%,65.84%,65.01%,65.04%,66.68%,64.90%,65.68%,65.47%,64.53%,64.44%,87.67%
11,4141132,C,A,89.41%,WES,24.10%,26.40%,30.03%,26.56%,26.50%,24.57%,26.95%,25.70%,26.09%,25.12%,25.61%,25.37%,23.08%,31.91%,93.22%
11,4159457,A,G,90.27%,WES,37.88%,37.44%,37.57%,39.90%,37.58%,38.12%,37.92%,39.89%,39.54%,38.85%,39.10%,37.97%,37.80%,36.53%,
11,4159466,G,A,95.16%,WES,51.07%,51.03%,51.40%,52.78%,52.05%,52.16%,52.62%,52.96%,53.10%,52.38%,52.89%,51.85%,51.72%,51.70%,
11,8251921,G,C,91.33%,WES,51.33%,51.18%,51.35%,52.60%,51.34%,50.97%,50.68%,50.74%,51.84%,52.24%,52%,51.04%,51.41%,51.18%,92.86%
11,32456298,G,A,56.59%,WES,79.30%,79.05%,79.61%,78.78%,78.32%,79.10%,79.60%,79.03%,78.25%,78.52%,78.94%,79.04%,79.36%,79.55%,60.98%
11,32456694,C,A,73.65%,WES,57.38%,57.27%,58.02%,51.59%,55.36%,52.85%,55.80%,55.92%,55.98%,54.32%,55.54%,54.39%,56.08%,55.67%,73.08%
11,64127744,A,G,62.92%,WES,56.95%,56.46%,56.96%,56.86%,56.60%,57.49%,56.25%,56.26%,56.23%,57.53%,56.69%,56.61%,57.77%,56.64%,63.08%
11,64572018,T,C,95.55%,WES,70.29%,69.98%,69.88%,69.86%,67.67%,68.87%,67.92%,69.26%,67.82%,70.50%,69.10%,69.79%,70.12%,70.49%,97.12%
11,64572557,A,G,99.84%,WES,71.15%,70.50%,71.62%,71.04%,71.84%,71.45%,71.63%,70.29%,70.29%,71.48%,71.01%,71.64%,70.70%,71.07%,100.00%
11,67200819,C,T,89.28%,WES,28.64%,28.71%,28.63%,28.24%,27.89%,28.70%,28.77%,27.86%,27.02%,27.27%,28.02%,28.40%,27.96%,27.05%,94.94%
11,67202156,C,T,91.62%,WES,27.02%,27.01%,27.64%,27.32%,26.44%,28.83%,27.82%,27.89%,26.92%,28.20%,27.53%,27.02%,26.55%,27.50%,92.94%
11,69633633,C,A,19.96%,WES,76.43%,75.23%,75.37%,75.17%,75.37%,75.19%,75.56%,76.05%,74.80%,76.01%,75.94%,77.03%,76.93%,76.16%,
11,100909991,T,C,42.99%,WES,32.83%,33.13%,33.13%,34.02%,33.23%,33.58%,32.50%,32.96%,31.58%,32.33%,33.29%,32.43%,32.54%,32.67%,38.55%
11,100922202,G,A,30.94%,WES,63.87%,62.85%,63.85%,63.54%,62.32%,63.14%,63.32%,62.21%,62.78%,62.17%,63.58%,63.04%,61.99%,61.94%,28.79%
11,100933412,C,A,26.73%,WES,90.32%,90.78%,90.53%,90.19%,90.43%,91.02%,90.70%,90.70%,89.80%,90.96%,90.30%,90.03%,90.19%,90.39%,27.59%
11,100998771,C,G,24.17%,WES,67.60%,67.65%,65.96%,66.20%,65.26%,66.21%,66.03%,66.67%,66.12%,65.01%,66.83%,66.85%,66.02%,63.81%,25.97%
11,108183167,A,G,100%,WES,59.15%,59.02%,57.88%,56.60%,56.67%,59.47%,57.78%,57.32%,56.52%,57.78%,58.50%,57.34%,57.65%,56.47%,98.59%
11,125525195,A,G,100%,WES,75.52%,74.70%,75.73%,75%,75.97%,75.13%,75.37%,75.74%,75.94%,75.85%,76.23%,75.35%,75.19%,75.39%,100.00%
12,406292,G,A,21.20%,WES,95.74%,95.28%,96%,95.21%,95.84%,95.52%,95.59%,95.91%,96.08%,95.83%,95.21%,95.65%,95.35%,95.65%,25.00%
12,427575,A,G,20.94%,WES,90.87%,90.43%,91.03%,87.93%,90.33%,83.64%,89.81%,89.91%,90.80%,90.59%,90.21%,90.69%,91.11%,90.89%,25.25%
12,1036042,C,T,60.54%,WES,90.63%,91.53%,91.06%,91.42%,90.49%,91.14%,91.05%,90.70%,91.50%,91.17%,90.98%,91.23%,90.07%,90.39%,55.66%
12,4554413,C,T,18.47%,WES,90.81%,90.19%,90.28%,90.36%,90.86%,90.33%,89.71%,90.57%,92.15%,90.31%,90.39%,90.47%,89.74%,90.44%,15.19%
12,4554548,G,C,94.42%,WES,95.33%,95.16%,95.61%,95.05%,95.22%,95.08%,94.51%,95.16%,96.11%,94.88%,95.02%,94.97%,94.88%,95.17%,98.97%
12,6711147,C,A,91.69%,WES,91.67%,92.37%,92.21%,92.78%,92.11%,93.15%,93.30%,92.68%,93.36%,92.79%,92.94%,93.02%,92.06%,92.43%,89.00%
12,15669737,T,C,59.11%,WES,61.53%,61.88%,63.48%,60.49%,61.26%,59.88%,60.41%,60.67%,62.12%,60.98%,61.34%,62.35%,60.91%,62.76%,73.08%
12,15679120,C,A,20.85%,WES,73.63%,73.96%,73.46%,73.16%,71.95%,73.36%,73.34%,73.82%,73.67%,73.48%,72.32%,73.45%,75.62%,74.24%,13.41%
12,18656225,G,A,70.83%,WES,61.19%,61.69%,61.19%,61.75%,59.64%,61.39%,60.85%,60.75%,60.77%,61.39%,60.41%,60.84%,59.31%,60.42%,70.00%
12,25362777,A,G,64.16%,WES,96.62%,96.62%,96.27%,96.07%,96.41%,96.33%,96.64%,96.17%,96.65%,96.46%,96.14%,96.21%,96.58%,96.24%,53.85%
12,25368462,C,T,100%,WES,99.94%,99.97%,99.96%,99.74%,99.90%,99.84%,99.83%,99.90%,99.97%,99.89%,99.90%,99.92%,99.92%,99.96%,100.00%
12,25378562,C,T,1%,WES,91.46%,91.72%,91.42%,91.69%,92.04%,91.58%,91.87%,91.57%,91.74%,92.02%,92.63%,92.32%,91.98%,91.94%,
12,25398281,C,T,4%,WES,91.59%,91.57%,91.68%,92.13%,92.15%,92.01%,92.47%,92.18%,93.07%,91.94%,92.85%,92.12%,91.41%,92.17%,
12,25398284,C,T,2%,WES,23.18%,20.93%,19.94%,25.31%,23.30%,21.13%,20.12%,20.59%,21.78%,20.17%,20.87%,20.46%,24.55%,21.86%,
12,49425978,T,C,85.46%,WES,42.71%,43.69%,43.20%,42.66%,42.87%,42.41%,42.88%,43.67%,44.15%,43.57%,43.85%,43.58%,44.42%,42.15%,90.32%
12,49427652,C,T,90.37%,WES,28.56%,29.84%,29.52%,29.96%,30.87%,30.36%,29.94%,29.79%,30.02%,30.36%,31.14%,30.49%,28.91%,29.53%,96.40%
12,49431532,C,G,59.30%,WES,28.92%,30.82%,30.75%,29.38%,29.96%,28.36%,28.50%,29.37%,30.17%,29.55%,29.79%,29.37%,27.94%,29.34%,61.22%
12,49434074,C,A,91.51%,WES,28.05%,26.64%,25.32%,26.47%,29.64%,29.80%,28.97%,29.80%,27.60%,27.95%,28.52%,28.71%,27.40%,26.60%,94.59%
12,49444545,G,A,90.24%,WES,99.97%,99.92%,99.98%,98.27%,99.62%,98.37%,99.39%,99.40%,99.73%,99.80%,99.48%,99.72%,99.98%,100%,94%
12,56494991,G,A,63.38%,WES,99.92%,99.97%,99.99%,99.71%,99.88%,99.79%,99.89%,99.71%,99.93%,99.93%,99.91%,99.97%,99.98%,100%,70%
12,57859431,G,A,25.10%,WES,21.84%,20.28%,21.07%,22.05%,22.52%,22.30%,22.20%,21.28%,22.19%,21.66%,21.29%,21.89%,20.35%,19.97%,34.72%
12,57865321,G,A,27.35%,WES,20.78%,21.71%,21.34%,20.54%,21.29%,21.29%,21.37%,19.92%,21.11%,21.22%,21.01%,20.98%,21.45%,20.91%,26.00%
12,57865821,G,C,33.41%,WES,63.29%,62.62%,62.73%,63.61%,62.97%,62.99%,62.63%,63.07%,63.20%,63.12%,62.99%,63.43%,63.32%,62.05%,33.33%
12,69967862,G,A,88.43%,WES,17.36%,17.44%,17.66%,17.55%,19.26%,17.30%,16.69%,17.92%,18.64%,17.59%,18.33%,16.86%,17.24%,17.88%,89.13%
12,111884608,T,C,86.13%,WES,95.85%,95.72%,95.70%,95.65%,95.48%,95.77%,95.63%,95.94%,95.75%,95.85%,95.55%,95.36%,96.12%,95.51%,92.00%
12,121416622,C,G,68.39%,WES,91.39%,91.33%,91.54%,92.37%,92.35%,91.41%,91.55%,92.23%,92.45%,92.16%,92%,91.92%,91.17%,91.12%,69.33%
12,121416650,A,C,61.68%,WES,62.24%,62.75%,63.19%,61.27%,62.36%,62.52%,62.17%,62.46%,61.48%,61.52%,62.17%,62.44%,61.70%,62.83%,61.54%
12,121435342,C,T,61.37%,WES,21.10%,20.42%,20.63%,21.23%,21.69%,20.79%,19.87%,20.56%,21.55%,20.71%,20.26%,20.66%,20.23%,18.62%,64.44%
12,121435427,G,A,59.27%,WES,68.01%,67.79%,68.66%,69.03%,69.78%,68.04%,68.49%,69.21%,68.47%,67.40%,68.48%,68.39%,68.08%,68.09%,56.16%
12,121437382,A,G,100%,WES,64.93%,65.28%,64.27%,64.33%,65.48%,64.97%,65.65%,65.96%,65.95%,65.68%,63.84%,65.12%,64.64%,63.48%,100.00%
12,133208979,T,C,83.76%,WES,100%,100%,99.97%,99.85%,99.93%,99.97%,99.85%,99.84%,100%,99.90%,99.93%,99.98%,100%,100%,86%
12,133219831,T,C,81.79%,ddPCR,0.93%,0.57%,0.82%,0.84%,0.68%,0.82%,0.68%,0.72%,0.65%,0.77%,0.59%,0.94%,0.63%,0.95%,89.02%
12,133236000,C,T,83.75%,ddPCR,3.98%,3.39%,3.75%,4%,4.10%,3.95%,3.89%,3.90%,4.13%,3.93%,3.91%,3.54%,3.44%,3.69%,84.11%
13,21562832,C,T,85.55%,ddPCR,1.87%,2.02%,1.69%,1.76%,1.98%,1.89%,1.90%,1.51%,1.91%,1.75%,1.77%,1.81%,1.79%,2.21%,83.95%
13,21562948,G,A,86.55%,WES,86.74%,85.92%,86.03%,85.68%,84.77%,85.51%,85.31%,85.69%,85.70%,86.11%,86%,86.32%,86.04%,86.21%,91.76%
13,21620085,T,C,23.80%,WES,90.34%,90.10%,90.34%,90.57%,90.83%,90.47%,90.34%,90.75%,90.99%,90.55%,90.70%,90.64%,91.31%,90.53%,21.05%
13,28624294,G,A,86.17%,WES,61.92%,61.87%,62.50%,62.44%,61.94%,62.32%,62.32%,61.32%,62.38%,62.07%,62.56%,61.67%,62.05%,63.11%,86.73%
13,28636084,G,A,97%,WES,89.96%,90.20%,91.20%,90.82%,91.14%,90.76%,90.80%,90.46%,90.43%,90.65%,90.72%,90.81%,90.10%,90.75%,98.65%
13,28674628,T,C,18.82%,WES,90.89%,90.37%,90.38%,90.73%,91.89%,90.65%,90.89%,90.66%,90.66%,90.78%,90.60%,91.02%,90.64%,90.38%,21.05%
13,28883061,G,A,100%,WES,62.86%,62.79%,63.75%,64.03%,64.37%,63.42%,64.45%,64.42%,65.59%,63.82%,64.39%,63.41%,62.73%,62.32%,100.00%
13,32911888,A,G,84.80%,WES,28.26%,28.69%,27.82%,30.24%,29.85%,29.39%,29.33%,28.97%,27.33%,29.52%,30.01%,30.56%,27.43%,27.86%,86.90%
13,32913055,A,G,99.88%,WES,28.69%,29.19%,28.10%,28.03%,27.26%,29.09%,27.68%,27.24%,29.05%,28.19%,27.52%,28.31%,27.40%,28.47%,100.00%
13,32915005,G,C,100%,WES,36.36%,36.08%,35.95%,35.86%,35.41%,36.51%,35.67%,35.47%,35.43%,35.43%,35.43%,36.23%,35.64%,35.16%,98.88%
13,32929232,A,G,80.58%,WES,88.14%,87.75%,88.13%,88.67%,88.16%,88.33%,88.18%,88.11%,89.07%,88.58%,88.57%,88.68%,88.33%,89.17%,81.82%
13,32929387,T,C,100%,WES,88.34%,88.21%,88.13%,87.55%,88.12%,88.07%,88.28%,89.06%,87.88%,88.24%,88.24%,87.94%,88.37%,88.26%,100.00%
13,73343039,C,T,100%,WES,70.48%,72.06%,71.98%,70.96%,71%,71.92%,71.21%,71.36%,71.64%,71.20%,71.72%,71.50%,71.07%,71.58%,100.00%
13,73349359,G,C,83.18%,WES,63.02%,64.03%,64.14%,62.70%,61.99%,63.85%,62.93%,61.71%,62.63%,62.77%,62.97%,63.69%,63.26%,64.21%,85.71%
13,110435231,C,T,80.83%,WES,63.41%,63.76%,63.16%,64.24%,62.54%,62.06%,63.57%,62.05%,62.90%,62.91%,62.38%,62.29%,61.67%,63.29%,83.05%
13,110435953,A,G,89.76%,WES,61.95%,63.58%,62.52%,60.21%,54.35%,55.16%,55.85%,53.49%,53.67%,55.12%,54.57%,55.48%,61.18%,62.10%,89.29%
13,110436232,G,A,88.15%,WES,99.90%,99.92%,99.92%,99.79%,99.81%,99.89%,99.89%,99.94%,99.94%,99.93%,99.89%,99.93%,99.95%,99.91%,84.91%
14,20824181,T,C,88.77%,WES,87.69%,88.20%,88.20%,87.60%,87.18%,87.56%,88.17%,87.16%,88.22%,88.55%,88.38%,87.17%,87.54%,87.65%,91.25%
14,35873770,G,A,57.79%,WES,81.81%,82.66%,82.80%,81.57%,81.88%,81.94%,82.13%,80.78%,83.19%,81.45%,82.35%,81.40%,81.46%,82.12%,63.22%
14,38061742,C,T,88.24%,WES,83.40%,82.58%,82.40%,82.22%,81.86%,81.73%,81.84%,82.28%,83.40%,83.23%,83.11%,82.93%,82.29%,82.51%,88.10%
14,81562998,T,C,22.44%,WES,87.16%,87.20%,86.74%,87.31%,87.51%,86.06%,86.80%,86.97%,87.88%,86.75%,87.79%,87.52%,88.40%,87.25%,26.15%
14,81610583,G,C,87.72%,WES,87.51%,86.71%,86.63%,87.69%,87.98%,87.48%,87.50%,87.28%,88.10%,88.23%,87.83%,87.58%,88.11%,86.75%,86.75%
14,102550803,G,A,92.34%,WES,24.96%,25.03%,25.43%,23.72%,24.74%,24.77%,24.80%,24.86%,23.93%,25.12%,25.06%,24.48%,23.96%,25.20%,92.11%
14,102568296,G,A,90.48%,WES,87.83%,87.61%,87.73%,87.39%,87.76%,87.06%,87.32%,86.79%,87.19%,87.42%,87.22%,87.55%,87.77%,87.35%,95.42%
14,102568367,T,A,91.32%,WES,96.18%,95.99%,96.08%,95.61%,95.77%,96%,96.09%,96.14%,96.60%,95.67%,96.22%,96.32%,95.90%,95.64%,93.28%
15,34640218,C,T,100%,WES,20.65%,20.71%,20.42%,13.15%,21.50%,21.03%,19.73%,21.06%,20.81%,20.72%,20.52%,20.74%,17.10%,21.11%,100.00%
15,34640378,T,C,100%,WES,99.99%,99.98%,100%,99.87%,99.97%,99.91%,99.93%,99.93%,99.98%,100%,99.91%,99.97%,100%,100%,100%
15,41991315,A,T,100%,WES,84.71%,84.71%,85.03%,83.76%,84.71%,84.61%,84.23%,83.61%,84.63%,84.13%,84.93%,84.08%,84.10%,83.16%,100.00%
15,42026764,C,T,99.81%,WES,99.99%,99.96%,99.97%,99.88%,99.90%,99.94%,99.95%,99.99%,99.98%,99.94%,99.95%,99.93%,100%,99.98%,
15,42032383,C,G,72.11%,WES,99.97%,99.97%,100%,99.79%,99.87%,99.66%,99.90%,99.72%,99.94%,99.93%,99.99%,99.96%,99.95%,99.96%,74.23%
15,42041712,G,A,99.92%,WES,81.25%,81.15%,80.48%,80.74%,80.77%,80.98%,80.21%,80.73%,80.74%,80.42%,80.44%,80.80%,80.28%,80.34%,100.00%
15,67457335,A,G,92.81%,WES,99.99%,99.98%,99.95%,99.85%,99.86%,99.89%,100%,99.98%,99.94%,99.93%,99.91%,99.93%,99.94%,99.98%,93.27%
15,88679785,G,A,100%,WES,99.96%,100%,100%,99.90%,99.92%,99.93%,99.94%,99.92%,100%,99.95%,100%,99.93%,99.97%,100%,100%
15,88680684,G,A,23.12%,WES,86.04%,86.47%,86.36%,85.80%,86.13%,86.42%,86.57%,86.35%,86.35%,86.25%,86.66%,86.01%,85.48%,86.28%,20.48%
15,93510603,A,G,85.91%,WES,82.91%,82.18%,83.86%,86.08%,85.09%,82.58%,84.12%,82.72%,83.72%,83.34%,82.53%,82.37%,82.19%,82.69%,87.50%
15,93521604,A,G,86.11%,WES,90.34%,90.59%,90.36%,89.76%,90.70%,90.20%,89.66%,90.34%,90.92%,90.05%,90.15%,90.48%,90.69%,91.32%,87.39%
15,93536197,C,T,66.31%,WES,90.65%,90.42%,90.89%,91.34%,89.63%,91.25%,91.66%,91.54%,90.32%,91.34%,91.54%,91.55%,90.43%,91.22%,67.47%
15,93567864,A,C,75.03%,WES,88.58%,89.43%,89.68%,89.22%,88.61%,89.30%,88.66%,89.40%,88.37%,88.88%,88.56%,89.39%,89.08%,88.99%,78.22%
16,396264,A,G,96.30%,WES,60.58%,59.86%,60.33%,60.16%,61.22%,60.17%,60.26%,59.25%,62.32%,60.75%,60.04%,60.43%,60.97%,60.24%,95.19%
16,3639139,A,G,76.72%,WES,89.05%,89.26%,88.88%,90.46%,89.31%,90.04%,90.30%,90.01%,90.64%,91.09%,90.58%,90.34%,89.42%,89.14%,75.63%
16,3639977,G,A,62.30%,WES,21.16%,20.85%,20.94%,20.37%,21.11%,21.30%,20.69%,20.83%,20.11%,21.12%,21.29%,21.21%,20.17%,20.64%,59.63%
16,3640274,G,A,69.78%,WES,88.42%,88.16%,87.61%,87.75%,88.21%,87.39%,88.42%,87.07%,88.57%,87.38%,87.96%,88.36%,87.68%,87.68%,68.47%
16,3640784,G,A,63.67%,WES,92.59%,92.27%,92.34%,92.75%,93.23%,94.35%,92.87%,92.89%,92.58%,92.85%,92.59%,92.73%,92.39%,91.73%,48.33%
16,3640785,C,T,63.77%,WES,92.60%,92.88%,92.46%,92.85%,92.76%,92.42%,92.62%,93.11%,93.49%,92.72%,92.79%,92.30%,92.51%,92.76%,47.46%
16,3645607,A,G,63.19%,WES,92.82%,92.71%,92.74%,93.04%,92.94%,92.83%,92.57%,93%,93.76%,92.78%,92.92%,92.97%,92.27%,92.59%,67.27%
16,3647692,A,C,58.82%,WES,99.91%,99.93%,99.99%,99.84%,99.94%,99.94%,99.88%,99.87%,99.94%,99.92%,99.94%,99.98%,99.95%,99.97%,60.00%
16,3650987,T,C,54.94%,WES,99.92%,99.93%,100%,99.75%,99.85%,99.90%,99.87%,99.95%,99.90%,99.90%,99.96%,99.89%,99.86%,99.96%,
16,3650991,T,C,54.84%,WES,99.94%,99.96%,99.97%,99.86%,99.89%,99.96%,99.88%,99.90%,99.95%,99.98%,99.98%,99.96%,100%,100%,
16,3656625,G,A,62.43%,WES,100%,100%,100%,99.67%,99.89%,99.61%,99.96%,99.76%,99.86%,99.91%,99.89%,99.97%,99.97%,100%,72%
16,3656680,G,A,59.73%,WES,71.75%,71.02%,71.76%,70.89%,70.86%,70.77%,71.71%,71.04%,71.30%,71.02%,71.77%,70.53%,71.34%,71.43%,68.54%
16,9916204,C,G,63.66%,WES,99.99%,99.96%,99.97%,99.89%,99.97%,99.96%,99.94%,99.95%,99.96%,99.95%,99.97%,99.94%,99.99%,99.98%,61.97%
16,9943666,C,T,61.42%,WES,92.12%,92.27%,92.30%,91.75%,92.63%,91.93%,91.98%,92.53%,92.37%,92.13%,92.26%,92.25%,92.39%,92.26%,66.67%
16,56855496,C,G,90.13%,WES,99.99%,100%,100%,99.90%,99.97%,99.95%,99.96%,99.98%,99.93%,99.93%,99.97%,99.98%,100%,100%,
16,68857441,T,C,23.55%,WES,20.98%,21.16%,21.18%,21.93%,21.31%,21.53%,22.11%,22.12%,20.78%,21.30%,21.52%,21.18%,20.98%,21.46%,17.20%
16,72827758,T,C,99.92%,WES,88.46%,88.18%,87.83%,87.05%,87.26%,87.13%,87.17%,88.36%,87.97%,87.05%,87.86%,87.15%,87.13%,86.97%,100.00%
16,72832135,T,A,95.48%,WES,87.05%,86.16%,82.96%,86.69%,87.29%,87.63%,87.23%,87.47%,86.39%,86.98%,87.24%,87.44%,86.29%,79.20%,97.59%
16,72991660,C,G,35.38%,WES,67.44%,67.05%,66.93%,68.13%,69.53%,66.81%,68.49%,67.82%,70.58%,67.90%,68.42%,69.17%,68.21%,66.38%,31.51%
16,72991715,A,G,32.02%,WES,75.55%,76.54%,76.70%,75.26%,76.02%,75.96%,75.94%,76%,76.74%,76.91%,76.57%,75.35%,75.99%,75.83%,33.78%
16,72993831,A,C,70.34%,WES,95.40%,95.77%,95.98%,95.57%,95.73%,95.69%,95.20%,95.62%,95.08%,95.40%,95.96%,95.53%,95.85%,95.39%,72.60%
16,81819768,T,C,92.89%,WES,78.46%,78.39%,78.15%,77.57%,78.85%,78.43%,78.90%,78.80%,78.65%,78.63%,78.39%,79.01%,78.40%,78.95%,92.78%
16,81941319,C,T,87.23%,WES,60.76%,62.41%,62.14%,62.69%,61.94%,62.57%,63.13%,63.15%,62.08%,62.28%,62.95%,62.76%,60.06%,60.82%,89.29%
16,81971403,T,C,75.09%,WES,67.14%,65.62%,66.78%,66.81%,67.06%,66.42%,66.38%,66.67%,66.10%,67.52%,67.02%,65.89%,66.85%,66.17%,75.34%
16,89350038,G,A,95.10%,WES,62.87%,62.20%,62.37%,62.42%,63.78%,62.40%,62.78%,62.13%,63.21%,62.08%,62.74%,61.64%,62.58%,62.37%,93.94%
16,89350178,G,A,94.84%,WES,62.77%,62.14%,62.36%,62.58%,63.83%,62.38%,62.74%,62.10%,63.36%,61.97%,62.85%,61.77%,62.46%,61.97%,95.65%
16,89805914,T,C,61.10%,WES,61.60%,61.04%,62.11%,61.16%,60.93%,61.20%,61.88%,60.98%,61.65%,62.14%,61.78%,61.42%,62.04%,62.65%,68.18%
16,89807233,C,G,59.83%,WES,61.16%,56.36%,63.05%,60.87%,62.44%,62.01%,62.62%,61.73%,61.42%,60.56%,61.38%,60.80%,62.93%,62.34%,67.61%
16,89809319,T,C,63.18%,WES,59.85%,58.33%,58.37%,56.80%,58.23%,58.44%,58.26%,58.71%,56.39%,58.25%,57.35%,58.55%,57.21%,57.78%,63.30%
16,89815152,G,A,57.22%,WES,59.80%,58.49%,58.81%,57.05%,58.48%,58.39%,58.52%,58.86%,56.14%,58.53%,57.69%,58.58%,57.35%,58.04%,64.15%
16,89825065,G,A,63.93%,WES,63.29%,62.89%,63.37%,63.66%,62.34%,62.97%,62.79%,62.87%,63.31%,63.41%,63.83%,61.88%,62.78%,61.08%,64.00%
16,89836323,C,T,70.29%,WES,63.16%,65.39%,64.26%,63.96%,63.10%,62.72%,63.29%,62.45%,63.34%,63.16%,64.46%,62.49%,61.48%,61.69%,71.03%
16,89839766,G,C,62.39%,WES,62.62%,63.53%,62.43%,62.92%,61.90%,62.90%,60.89%,62.54%,61.87%,62.57%,62.48%,62.67%,61.20%,61.90%,61.00%
16,89849480,C,T,77.16%,WES,63.48%,62.01%,61.26%,62.70%,61.46%,61.70%,61.14%,61.71%,60.33%,61.32%,60.70%,62%,63%,61.79%,68.57%
16,89857935,G,A,61.12%,WES,87.15%,86.98%,86.86%,86.50%,86.66%,86.28%,86.60%,86.86%,86.03%,85.67%,86.93%,86.70%,85.49%,85.44%,67.27%
16,89858417,C,A,60.76%,WES,20.12%,21.19%,20.99%,20.67%,20.52%,20.89%,20.67%,20.61%,19.73%,20.94%,20.44%,21.18%,21%,21.04%,63.19%
16,89866043,T,C,63.31%,WES,99.96%,99.94%,99.97%,99.75%,99.90%,99.89%,99.88%,99.92%,99.92%,99.97%,99.94%,99.97%,99.97%,99.98%,67.82%
17,7217463,T,C,76.76%,WES,95.85%,95.89%,95.62%,95.94%,95.86%,95.92%,96.01%,96.39%,95.26%,95.68%,95.92%,95.79%,96.06%,95.66%,69.23%
17,7578206,T,C,62.47%,WES,36.15%,37.59%,36.93%,33%,35.18%,33.62%,37.10%,35.32%,34.38%,36.86%,36.67%,36.84%,34.86%,36.73%,58.04%
17,7579472,G,C,94.89%,WES,32.41%,35.46%,33.62%,18.33%,32.35%,30.74%,33.34%,32.70%,31.80%,32.81%,33.12%,34.12%,30.09%,33.39%,97.54%
17,8108331,A,G,95.11%,WES,74.14%,74.65%,72.26%,62.05%,71.93%,72.65%,73.65%,71.99%,73.33%,73.54%,73.52%,73.06%,73.60%,72.73%,97.75%
17,8108339,G,A,94.84%,WES,92.02%,91.93%,91.85%,91.72%,91.55%,91.76%,91.69%,91.15%,90.92%,91.72%,91.93%,91.73%,92.32%,91.93%,97.89%
17,17948475,G,A,74.17%,WES,91.28%,91.99%,91.07%,91.58%,91.69%,91.37%,91.54%,90.61%,91.87%,91.36%,91.81%,91.70%,90.96%,91.26%,75.68%
17,37884037,C,G,25.14%,WES,73.63%,74.84%,74.15%,74.35%,74.28%,74.81%,74.11%,73.41%,74.23%,73.94%,74.18%,73.83%,74.48%,73.42%,20.08%
17,38546274,A,C,62.46%,WES,95.61%,95.45%,95%,95.61%,96.18%,96.05%,95.62%,95.59%,95.14%,95.87%,95.41%,95.55%,95.44%,95.55%,66.67%
17,41244429,C,T,61.25%,WES,95.50%,95.72%,95.44%,95.59%,95.64%,95.64%,95.45%,95.70%,95.30%,95.69%,95.84%,95.39%,95.59%,95.71%,58.62%
17,41244936,G,A,16.42%,WES,64.07%,64.10%,64.83%,63.64%,64.13%,64.16%,63.35%,64.19%,61.69%,63.67%,64.96%,64.14%,62.84%,63.59%,15.44%
17,43342141,G,C,81.63%,WES,63.98%,63.64%,63.36%,60.48%,60.52%,58.98%,61.76%,62.36%,60.87%,61.66%,61.14%,61.73%,61.46%,60.83%,89.80%
17,46805590,G,A,33.75%,WES,63.65%,64.69%,63.79%,63.03%,63.16%,63.72%,62.33%,62.26%,62.54%,62.69%,62.61%,63.03%,63.02%,63.88%,40.41%
17,56438301,G,A,71.56%,WES,63.60%,62.63%,63.88%,64.86%,63.02%,64.06%,63.63%,64.48%,64.74%,64.58%,63.26%,63.55%,63.03%,63.21%,66.67%
17,59760996,A,G,87.32%,WES,64.39%,64.02%,64.43%,64.48%,66.28%,62.96%,63.17%,63.55%,65.94%,65.34%,64.92%,64.50%,64.83%,64.61%,91.07%
17,59763347,A,G,89.58%,WES,72.15%,73.08%,71.34%,71.44%,72.54%,71.92%,72.08%,72.30%,72.97%,72.14%,71.96%,71.85%,72.77%,72.23%,92.13%
17,59763465,T,C,89.06%,WES,61.86%,62.82%,63.91%,62.63%,63.36%,62.47%,63.04%,62.44%,61.74%,62.86%,61.96%,62.66%,62.08%,62.29%,84.78%
17,62007498,A,G,87.43%,WES,80.31%,81.11%,81.10%,80.02%,80.03%,80.41%,80.31%,80.57%,80.30%,80.52%,80.56%,80.93%,79.85%,81.19%,86.00%
17,63533768,G,A,86.76%,WES,63%,63.12%,62.76%,63.31%,63.15%,60.73%,62.84%,63.39%,63.48%,63.93%,63.62%,64.13%,62.88%,63.58%,86.79%
17,63533789,T,C,100%,WES,63.82%,64.01%,63.88%,64.03%,63.96%,64.39%,63.85%,63.98%,63.25%,63.73%,63.82%,63.28%,63.97%,62.39%,100.00%
17,63554591,G,A,57.82%,WES,69.44%,70.39%,71.42%,70.71%,69.97%,71.09%,70.92%,70.25%,71.04%,70.69%,70.37%,70.17%,68.21%,70.34%,55.42%
17,70118935,C,T,65.92%,WES,75.39%,75.06%,76.24%,74.27%,75.78%,75.05%,76.42%,75.57%,75.14%,74.79%,75.48%,74.95%,74.55%,75.31%,59.68%
17,74475024,G,A,96.14%,WES,64.29%,64.92%,65.17%,63.42%,63.75%,63.92%,64.47%,63.24%,63.99%,63.88%,63.86%,64.85%,63.46%,64.55%,95.00%
17,74475975,C,A,76.05%,WES,96.12%,96.01%,96.39%,96.02%,95.71%,96.38%,95.95%,95.79%,96.12%,96.14%,96.19%,96.26%,95.71%,96.57%,74.07%
17,74732507,A,G,99.50%,WES,95.84%,96.37%,95.76%,95.67%,95.86%,95.67%,95.13%,95.68%,96.03%,95.61%,95.92%,95.94%,95.79%,95.90%,100.00%
17,74733099,G,A,96.47%,WES,95.74%,96.16%,95.71%,95.70%,95.92%,95.50%,95.07%,95.74%,96.14%,95.79%,95.93%,96%,95.63%,96.01%,97.67%
17,78820329,C,T,29%,WES,75.17%,75.35%,75.37%,75.82%,75.14%,75.19%,75.80%,75.48%,76.11%,76.08%,75.12%,75.33%,74.83%,73.76%,23.86%
17,78820374,G,A,64.05%,WES,24.32%,25.01%,23.35%,23.89%,23.53%,22.24%,23.45%,23.51%,23.67%,23.20%,23.59%,23.24%,24.48%,23.81%,65.85%
17,78865546,T,C,22.30%,WES,64.37%,64.05%,63.58%,63.82%,61.62%,64.49%,62.19%,63.39%,62.65%,61.60%,64.03%,62.64%,64.15%,64.35%,18.75%
17,78896529,C,T,75.61%,WES,64.85%,64.30%,64.50%,63.24%,65.13%,63.57%,63.92%,64.13%,65%,64.96%,63.99%,65.60%,63.33%,64.62%,80.30%
17,78921117,C,T,62.40%,WES,19.98%,20.04%,19.68%,20.03%,20.45%,19.68%,20.08%,20.49%,20.68%,19.66%,20.40%,19.46%,19.96%,19.45%,67.01%
18,724612,A,G,100%,WES,82.94%,83.73%,82.71%,83%,82.76%,82.88%,83.29%,82.38%,82.92%,83.69%,82.61%,82.58%,82.57%,82.42%,98.75%
19,1619333,G,A,71.46%,WES,33.06%,34.03%,33.52%,36.61%,34.44%,34.11%,34.70%,33.75%,35.15%,34.38%,34.33%,34.16%,33.50%,33.37%,76.25%
19,1619339,T,C,76.56%,WES,68.77%,70.09%,68.62%,69.23%,69.79%,68.25%,68.10%,69.10%,70.34%,69.16%,68.79%,69.71%,67.69%,68.48%,84.62%
19,1619348,G,A,61.91%,WES,88.88%,89.11%,89.40%,89%,89.06%,89.55%,89.75%,89.35%,88.92%,88.90%,89.67%,89.03%,88.99%,89.13%,68.00%
19,1619350,C,T,62.15%,WES,88.76%,88.84%,88.98%,87.41%,88.03%,87.79%,88.23%,88.55%,88.12%,87.96%,87.72%,87.85%,88.14%,88.55%,66.23%
19,2226772,G,C,65.25%,WES,88.56%,88.58%,88.78%,84.62%,87.56%,86.21%,87.75%,88.25%,87.69%,86.28%,85.87%,86.64%,87.56%,88.29%,68.83%
19,3119239,C,T,72.27%,WES,88.19%,88.19%,87.80%,87.05%,87.44%,87.04%,87.43%,87.41%,87.01%,87.58%,87.67%,87.22%,87.25%,87.23%,77.78%
19,5212380,C,T,16.85%,WES,87.80%,87.88%,88.32%,88.29%,89.01%,87.78%,88.35%,88.11%,88.57%,89.17%,88.27%,89.07%,87.81%,87.89%,17.65%
19,5214697,A,G,99.88%,WES,99.99%,99.98%,99.97%,99.76%,99.89%,99.87%,99.92%,99.92%,100%,99.96%,99.90%,99.96%,99.98%,99.98%,100.00%
19,5273571,T,G,84.30%,WES,58.43%,56.92%,57.79%,58.28%,58.10%,58.52%,58.78%,57.91%,59.42%,58.58%,59.15%,58.08%,59.33%,58.68%,84.81%
19,6586268,G,A,66.07%,WES,63.84%,65.04%,65.22%,65.43%,64.91%,64.41%,64.30%,65.47%,65.82%,65.56%,65.73%,65.44%,65.09%,64.86%,67.05%
19,7125297,G,A,77.99%,WES,96%,96.01%,96.69%,96.59%,96.26%,96.38%,96.19%,95.83%,96.47%,96.39%,96.41%,96.37%,96.19%,96.27%,72.22%
19,7293898,G,C,100%,WES,77.34%,77.05%,79.25%,92.62%,77.10%,77.41%,77.05%,77.40%,76.50%,76.80%,77.43%,76.10%,77.43%,76.58%,
19,10265312,T,C,99.87%,WES,99.99%,99.99%,99.99%,99.79%,99.86%,99.92%,99.93%,99.95%,100%,99.91%,99.97%,99.97%,100%,99.99%,100.00%
19,10265593,G,T,23.19%,WES,96.02%,96.18%,96.20%,96.53%,96.41%,95.91%,95.55%,96.30%,97.01%,96.10%,96.05%,95.78%,96.13%,95.87%,20.20%
19,15271771,G,A,34.71%,WES,27.14%,25.35%,25.36%,26.77%,25.77%,27.03%,26.54%,26.02%,26.48%,26.26%,26.49%,26.92%,27.08%,26.27%,33.33%
19,15285052,T,C,39.13%,WES,64.43%,65.48%,65.26%,65.12%,65.37%,64.34%,63.95%,64.89%,65.58%,64.56%,65.67%,64.92%,63.78%,64.76%,38.56%
19,15292437,T,C,36.70%,WES,22.35%,23.02%,22.13%,21.89%,20.72%,22.57%,22.27%,22.27%,20.80%,21.65%,21.78%,21.85%,22.17%,21.06%,23.46%
19,15295134,G,A,27.79%,WES,75.70%,75.81%,76.22%,75.80%,75.29%,75.21%,76.66%,75.77%,76.21%,76.24%,75.50%,76.19%,76.76%,76.74%,20.59%
19,15302844,T,C,39.85%,WES,64.04%,65.48%,64.77%,64.87%,64.59%,64.83%,63.75%,64.78%,63.86%,63.77%,64.35%,65.91%,65.52%,64.37%,36.08%
19,18272190,A,C,99.84%,WES,99.97%,99.98%,99.99%,99.82%,99.88%,99.67%,99.87%,99.89%,99.97%,99.90%,99.91%,99.93%,99.95%,99.98%,100.00%
19,18273047,T,C,100%,WES,69.89%,71.45%,71.94%,71.21%,65.95%,70.50%,69.29%,71.05%,65.68%,70.83%,70.59%,70.13%,74.55%,71.23%,100.00%
19,18279638,T,C,27.72%,WES,74.90%,76.52%,76.43%,76.23%,70.84%,75.48%,73.80%,75.61%,70.99%,74.90%,74.70%,74.26%,78.23%,76.38%,30.36%
19,30308425,A,G,58.61%,WES,60.79%,62.22%,62.53%,61.98%,57.49%,61.75%,59.21%,61.17%,56.80%,61.36%,61.52%,61.31%,65.72%,61.58%,61.80%
19,41743861,A,G,100%,WES,60.94%,62.26%,62.76%,62.24%,57.91%,62.11%,59.40%,61.21%,57.39%,61.64%,61.45%,61.49%,65.82%,61.74%,100.00%
19,42799049,C,T,71.34%,WES,64.03%,63.97%,63.86%,64.19%,68.02%,64.37%,63.33%,63.09%,64.52%,63.74%,64.11%,64.21%,63.13%,64.19%,62.39%
19,45854919,T,G,68.17%,WES,71.51%,73.51%,73.30%,72.89%,71.31%,72.26%,70.92%,72.03%,72.59%,71.75%,72.50%,73.04%,71.83%,72.72%,68.35%
19,45855524,G,A,67.36%,WES,16.98%,16.24%,16.51%,17.12%,16.77%,16.57%,16.84%,16.14%,17.32%,16.37%,16.50%,17.14%,16.68%,17.13%,63.04%
19,45867259,C,T,69.76%,WES,99.95%,99.96%,99.93%,99.76%,99.90%,99.82%,99.87%,99.87%,99.87%,99.91%,99.93%,99.91%,99.94%,99.97%,67.80%
19,45868309,T,G,78.68%,WES,82.21%,82.29%,83.20%,82.11%,82.68%,83.78%,83.01%,83.15%,83.06%,82.64%,82.58%,81.71%,82.02%,82.26%,69.89%
19,45923653,A,G,20.63%,WES,67.39%,66.08%,66.83%,67.39%,66.76%,67.66%,66.85%,67.35%,66.53%,67.91%,66.91%,66.89%,66.89%,67.55%,23.40%
20,31022959,T,C,100%,WES,76.20%,77.33%,77.11%,75.47%,76.13%,76.20%,76.01%,76.79%,76.24%,77.18%,77.09%,77.01%,76.05%,75.44%,100.00%
20,31024274,T,C,25.08%,WES,99.93%,99.89%,99.94%,99.04%,100%,99.72%,100%,100%,100%,99.84%,99.72%,99.96%,100%,99.88%,28.87%
20,31386347,T,C,32.48%,WES,99.96%,99.90%,99.99%,99.79%,99.83%,99.94%,99.86%,99.92%,99.97%,99.93%,99.95%,99.97%,99.92%,99.97%,27.88%
20,31386449,T,C,32.05%,WES,25.84%,24.95%,25.25%,25.68%,24.86%,24.93%,25.87%,25.26%,25.92%,25.54%,25.53%,25.44%,24.72%,24.67%,22.50%
20,36030939,G,C,100%,WES,32.38%,32.28%,33.30%,32.98%,32.13%,31.77%,31.74%,32.23%,33.45%,32.33%,32.76%,32.33%,32.48%,31.72%,100.00%
20,41306600,A,G,27.75%,WES,38.47%,39.63%,39.45%,38.96%,38.78%,39.87%,39.44%,39.24%,37.30%,39.36%,39.61%,39.24%,38.10%,40.07%,
20,41818289,C,G,84.13%,WES,35.58%,35.28%,35.55%,34.86%,35.72%,36.13%,36.37%,35.46%,35.80%,36.33%,35.13%,34.93%,35.59%,35.66%,91.53%
20,52192512,G,C,59.06%,WES,27.93%,27.06%,27.35%,27.62%,26.84%,25.96%,27.34%,26.62%,28.72%,27.98%,26.90%,28.08%,27.47%,27.43%,61.11%
20,54961463,T,C,63.19%,WES,39.85%,39.56%,39.13%,38.39%,39.90%,39.29%,37.33%,39.16%,38.53%,39.74%,39.46%,39.22%,40.59%,39.27%,63.64%
20,54961541,A,T,39.77%,WES,99.89%,99.97%,99.97%,99.47%,99.86%,99.85%,99.89%,99.97%,99.81%,99.90%,99.94%,99.98%,99.80%,99.89%,43.78%
21,42845383,A,G,89.09%,WES,99.97%,99.93%,99.94%,99.16%,99.66%,99.38%,99.86%,99.77%,99.78%,99.90%,99.83%,99.94%,99.97%,99.89%,91.04%
21,42879909,C,A,18.59%,WES,29.23%,29.73%,29.66%,28.69%,27.90%,28.97%,29.47%,28.95%,28.26%,28.62%,29.35%,28.57%,29.06%,29.62%,11.11%
22,23523630,C,A,79.93%,WES,62.90%,64.05%,62.85%,62.24%,62.32%,62.69%,62.20%,63.20%,60.24%,62.23%,62.29%,62.71%,62.51%,62.55%,78.31%
22,23627369,A,G,100%,WES,100%,99.97%,99.97%,99.08%,99.91%,97.95%,99.87%,99.82%,99.91%,99.92%,99.97%,99.94%,99.98%,100%,100%
22,23631801,T,C,76.39%,WES,70.03%,69.56%,69.64%,71.38%,70.34%,70.70%,69.54%,70.14%,71.70%,71.09%,71.64%,70.40%,70.75%,71.45%,66.67%
22,38369976,A,G,93.69%,WES,69.40%,69.79%,69.68%,68.19%,68.70%,68.41%,67.93%,68.28%,67.39%,68.77%,68.78%,67.96%,69.22%,70.35%,94.25%
22,41551039,T,A,22.20%,WES,66.02%,66.40%,65.65%,65.27%,67.45%,65.94%,65.87%,66.42%,68.01%,66.36%,65.61%,65.76%,67.12%,65.25%,17.39%
22,42522613,G,C,19.87%,WES,70.77%,70.32%,69.87%,70.23%,69.90%,70.71%,68.77%,70.91%,71.13%,70.88%,69.63%,69.76%,71.11%,70.16%,21.88%
22,42523943,A,G,94.53%,WES,73.88%,72.73%,74.11%,72.53%,74.07%,73.59%,72.94%,73.84%,73.69%,74.50%,74.08%,72.82%,73.45%,74.15%,93.18%
22,42525798,G,C,53.36%,WES,22.43%,21.99%,22.18%,22.03%,21.87%,22.82%,22.11%,22.13%,21.88%,22.12%,22.09%,22.06%,22.83%,22.17%,52.17%
22,42525811,T,C,51.53%,WES,99.98%,99.96%,99.97%,99.88%,99.95%,99.88%,99.91%,99.96%,99.98%,99.96%,99.96%,99.92%,99.94%,99.98%,47.83%
22,42525821,G,T,50.31%,WES,25.13%,25.60%,25.76%,24.72%,24.70%,24.90%,25.30%,24.55%,24.46%,25.05%,25.24%,24.78%,25.01%,25.41%,44.44%
22,42526694,G,A,69.62%,WES,32.56%,32.77%,32.02%,31.91%,32.10%,32.30%,31.95%,32.05%,32.17%,32.06%,31.74%,31.43%,33.20%,33.05%,71.84%
X,39933339,A,G,92.81%,WES,32.88%,32.71%,32.53%,32.77%,30.87%,32.49%,32.02%,32.16%,31.89%,31.81%,32.23%,31.23%,32.78%,31.60%,94.52%
X,53246418,C,T,68.72%,WES,99.97%,99.96%,99.97%,99.79%,99.88%,99.91%,99.93%,99.87%,99.96%,99.94%,99.93%,99.95%,99.94%,99.97%,59.32%
X,66941751,C,G,66.33%,WES,30.72%,30.74%,29.69%,31.28%,29.52%,30.78%,30.14%,30.24%,28.48%,30.17%,31.38%,30.32%,29.63%,30.73%,65.00%
X,129147079,T,C,100%,WES,88.23%,86.22%,85.64%,86.18%,85.56%,86.35%,86.24%,86.66%,86.03%,87.13%,87.28%,86.26%,88.51%,86.58%,100.00%