Chrom,Start,End,Target,Avg_SE1,Avg_SE2,Ratio,Ratio_Std
chr1,25870139,25870327,PA320-F|PA320-R,10478.739130434782,8737.08695652174,1.1993401442128258,0.06980685733351036
chr1,25880373,25880607,PA321-F|PA321-R,3464.608695652174,3027.913043478261,1.144223313517705,0.06339712518985044
chr1,25881293,25881506,PA322-F|PA322-R,2354.6521739130435,2364.5652173913045,0.9958076675553921,0.06165429116047757
chr1,25883581,25883727,PA86-F|PA86-R,422.69565217391306,437.1304347826087,0.9669783170877263,0.05532116431594072
chr1,25883663,25883860,PA87-F|PA87-R-3,498.04347826086956,481.60869565217394,1.034124763022479,0.06771323076211837
chr1,25889087,25889237,PA324-F|PA324-R,544.0,562.1739130434783,0.9676720804331014,0.06738793263276222
chr1,25889517,25889670,PA325-F|PA325-R,521.6086956521739,494.0869565217391,1.055702217529039,0.08612142667707434
chr1,25890110,25890332,PA326-F|PA326-R,1429.608695652174,1388.695652173913,1.029461490294302,0.060161658769033954
chr1,25890995,25891177,PA554-F|PA554-R,1175.2608695652175,1066.8695652173913,1.1015975222104493,0.06473158706100302
chr1,25891617,25891738,PA327-F|PA327-R,1612.1304347826087,1790.8260869565217,0.9002160771079657,0.0546398821935745
chr1,25893316,25893556,PA328-F|PA328-R,2801.782608695652,2718.0,1.03082509517868,0.0604112069526879
chr1,55505363,55505585,PA340-F|PA340-R,12549.565217391304,10096.304347826086,1.2429860258811878,0.07746835720900316
chr1,55505515,55505744,PA341-F|PA341-R,2783.5652173913045,2794.913043478261,0.9959398285705396,0.0651916221895822
chr1,55509457,55509748,PA342-F|PA342-R,2922.608695652174,2896.521739130435,1.009006304413089,0.06728044740175934
chr1,55512141,55512372,PA343-F|PA343-R,933.6521739130435,939.2608695652174,0.9940286071378975,0.06387295561518712
chr1,55517909,55518135,PA344-F|PA344-R,1569.2173913043478,1463.1304347826087,1.0725068346606441,0.06321106358345585
chr1,55518248,55518504,PA345-F|PA345-R,2268.2608695652175,2103.217391304348,1.0784719063959978,0.06380042170470211
chr1,55521612,55521844,PA346-F|PA346-R,2818.695652173913,2685.1304347826085,1.049742543476149,0.06893891998040749
chr1,55521680,55521901,PA347-F|PA347-R,430.2608695652174,576.5652173913044,0.7462483975567453,0.19303197030649277
chr1,55522970,55523233,PA348-F|PA348-R,9852.173913043478,9638.217391304348,1.022198764880751,0.06432608392684439
chr1,55523668,55523902,PA349-F|PA349-R,1704.1304347826087,1672.0434782608695,1.0191902644512054,0.06431412222686347
chr1,55524124,55524336,PA350-F|PA350-R,12717.826086956522,11941.652173913044,1.0649971965134821,0.06468181862846617
chr1,55525117,55525352,PA351-F|PA351-R,1027.2608695652175,998.695652173913,1.0286025250326514,0.06821478365251574
chr1,55527007,55527240,PA352-F|PA352-R,2097.782608695652,2348.0434782608695,0.8934172761781316,0.047943527152108215
chr1,55529002,55529152,PA126-F|PA126-R,909.5217391304348,882.9130434782609,1.030137391047422,0.06791658376838869
chr1,55529116,55529262,PA127-F|PA127-R,2416.695652173913,2346.913043478261,1.0297337853609736,0.06212303536356851
chr12,21329693,21329827,PA361-F|PA361-R,2926.9565217391305,3029.478260869565,0.9661586153448722,0.05970102489968294
chr12,21331519,21331639,PA361-F-2|PA361-R-2,2543.0,318.2608695652174,7.990300546448088,6.950673763576151
chr19,11199928,11200191,PA362-F|PA362-R,2939.0,2854.7391304347825,1.0295161364017118,0.061890250715194946
chr19,11200092,11200334,PA363-F|PA363-R,3123.6521739130435,2963.8695652173915,1.0539101351053997,0.06644572449822712
chr19,11210857,11211086,PA364-F|PA364-R-2,3534.4347826086955,3561.9565217391305,0.992273420811718,0.05925256349376177
chr19,11213287,11213514,PA365-F|PA365-R,1001.6521739130435,963.1739130434783,1.0399494425134295,0.07206633834650376
chr19,11215855,11216102,PA366-F|PA366-R,2521.695652173913,2343.8260869565215,1.0758885508644358,0.06790199043755143
chr19,11216057,11216223,PA367-F-2|PA226-R,1579.7826086956522,1551.608695652174,1.0181578726146776,0.07173562807823974
chr19,11216148,11216302,PA227-F-5|PA227-R-3,3829.7391304347825,3687.086956521739,1.038689668997559,0.060877955694572945
chr19,11217174,11217416,PA368-F|PA368-R,2199.3478260869565,2055.478260869565,1.0699932312378375,0.061092571523096564
chr19,11218026,11218238,PA369-F|PA369-R,4136.826086956522,4041.217391304348,1.0236583896372164,0.06115051029072308
chr19,11221259,11221509,PA370-F|PA370-R,2792.5652173913045,2719.0434782608695,1.027039559947552,0.060209899337878695
chr19,11222126,11222377,PA371-F|PA371-R,3998.086956521739,3521.8695652173915,1.1352172141772525,0.07091459562002535
chr19,11223905,11224156,PA372-F|PA372-R,7721.695652173913,7527.217391304348,1.0258366738675877,0.06240193395667447
chr19,11224012,11224275,PA373-F-2|PA373-R,693.695652173913,495.60869565217394,1.3996841828230544,0.24479395278952745
chr19,11224164,11224404,PA277-F-2|PA374-R,929.3478260869565,892.8695652173913,1.0408550837553565,0.08149642274285725
chr19,11224286,11224485,PA375-F-2|PA375-R,2224.391304347826,2280.5652173913045,0.9753684250662497,0.06714172881644451
chr19,11226707,11226941,PA376-F|PA376-R,2629.608695652174,2572.8260869565215,1.0220701309674696,0.06740196040837093
chr19,11227494,11227724,PA377-F|PA377-R,3064.6521739130435,14.782608695652174,207.31470588235294,222.5892571089901
chr19,11230715,11230966,PA378-F|PA378-R-2,958.695652173913,960.6521739130435,0.9979633401221996,0.05752823305588622
chr19,11230955,11231145,PA379-F|PA379-R,250.8695652173913,232.91304347826087,1.077095389210379,0.07577070020020668
chr19,11231005,11231237,PA380-F|PA380-R,3720.1304347826085,3638.913043478261,1.0223191349542982,0.06269762432524362
chr19,11231251,11231386,PA381-F|PA381-R,980.5652173913044,7.217391304347826,135.86144578313252,
chr19,11233814,11234058,PA382-F|PA382-R,2326.1739130434785,2285.086956521739,1.0179804783378048,0.062216410303456295
chr19,11238643,11238835,PA383-F|PA383-R,3726.1739130434785,3502.1304347826085,1.063973481979913,0.0663800092102018
chr19,11240150,11240381,PA384-F|PA384-R,1646.2173913043478,1586.0,1.0379680903558308,0.07294732312060659
chr19,11240208,11240426,PA577-F|PA577-R,1531.9130434782608,1594.4782608695652,0.9607613230442014,0.05644446603170155
chr19,11241908,11242169,PA385-F|PA385-R,2812.9565217391305,2880.391304347826,0.9765883258615224,0.057312560023635016
chr19,45411879,45412104,PA553-F|PA553-R,3071.3478260869565,2891.0,1.0623825064292483,0.06317423144454322
chr2,21224329,21224567,PA551-F|PA551-R,1412.5217391304348,1414.9565217391305,0.9982792527040314,0.05663472526178512
chr2,21224490,21224729,PA552-F|PA552-R,1556.3478260869565,1659.5652173913043,0.9378045585538382,0.05563431204334134
chr2,21224553,21224786,PA462-F|PA462-R,1192.4347826086957,1193.1739130434783,0.9993805341981563,0.1184101191974899
chr2,21224728,21224997,PA463-F|PA463-R,719.3913043478261,755.695652173913,0.9519590357286694,0.057424438192537876
chr2,21224914,21225201,PA464-F|PA464-R,2241.4347826086955,1376.5652173913043,1.6282808502574144,0.09551942262428584
chr2,21225101,21225356,PA465-F|PA465-R,4530.913043478261,4765.130434782609,0.9508476432051679,0.06029498002376735
chr2,21225277,21225542,PA466-F|PA466-R,3805.217391304348,3927.4347826086955,0.9688811150103509,0.07417429759571081
chr2,21225434,21225704,PA467-F|PA467-R,577.3913043478261,564.8695652173913,1.0221674876847293,0.10020836532054589
chr2,21225640,21225908,PA468-F|PA468-R,993.8695652173913,1024.0869565217392,0.9704933344654835,0.06439075929684887
chr2,21225808,21226067,PA469-F|PA469-R,2357.3478260869565,2422.217391304348,0.9732189334242788,0.05819865024907148
chr2,21226012,21226219,PA470-F|PA470-R,3960.608695652174,4091.304347826087,0.9680552603613177,0.058989826306289406
chr2,21227084,21227324,PA471-F|PA471-R,2560.0434782608695,63.0,40.635610766045545,25.204898801693613
chr2,21227225,21227490,PA472-F|PA472-R,2664.6521739130435,2830.4347826086955,0.9414285714285715,0.06089487780619143
chr2,21227346,21227610,PA473-F|PA473-R,3106.8260869565215,1701.5652173913043,1.8258636549468519,0.23038923594528643
chr2,21227916,21228160,PA474-F|PA474-R,1363.0,1434.2173913043478,0.9503440749386122,0.05113915010593863
chr2,21228110,21228368,PA475-F-2|PA475-R,2658.6521739130435,346.2608695652174,7.678176795580111,1.3530736220211041
chr2,21228285,21228554,PA476-F|PA476-R,1973.0,2007.9130434782608,0.9826122731800269,0.06115178263989517
chr2,21228484,21228745,PA477-F|PA477-R,1665.4347826086957,1698.304347826087,0.9806456567932209,0.0662664044202938
chr2,21228664,21228932,PA478-F|PA478-R,2143.521739130435,2207.782608695652,0.9708934795880189,0.0567798039811584
chr2,21228863,21229126,PA479-F|PA479-R-2,1450.9565217391305,1417.695652173913,1.0234612199834392,0.06259600991847004
chr2,21229061,21229317,PA480-F|PA480-R,8276.08695652174,8581.347826086956,0.9644273981486643,0.05187827797727453
chr2,21229233,21229503,PA481-F|PA481-R,3303.6521739130435,3462.086956521739,0.9542372029939218,0.060300098901767574
chr2,21229437,21229702,PA482-F|PA482-R,3305.1304347826085,3379.0,0.9781386311875137,0.0699153558522028
chr2,21229643,21229886,PA483-F|PA483-R,5203.695652173913,5354.695652173913,0.9718004514526056,0.06029664853325392
chr2,21229827,21230058,PA484-F|PA484-R-2,1536.4347826086957,1495.4347826086957,1.0274167756941417,0.06199315751520315
chr2,21230011,21230274,PA485-F|PA485-R,6388.478260869565,6732.782608695652,0.9488615082593927,0.05470391208061457
chr2,21230235,21230484,PA486-F-3|PA486-R-3,1207.9130434782608,1293.3478260869565,0.9339429186136416,0.06054915434375646
chr2,21230398,21230623,PA487-F|PA487-R,2368.5652173913045,2450.478260869565,0.9665726300101135,0.06798129002300357
chr2,21230577,21230847,PA488-F|PA488-R,3325.4347826086955,3450.2608695652175,0.9638212611522757,0.05176984989674745
chr2,21230752,21231022,PA489-F|PA489-R,657.7826086956521,699.8695652173913,0.9398645710380816,0.06322480324644371
chr2,21230957,21231226,PA490-F|PA490-R,3491.5652173913045,3557.6521739130435,0.9814239972624839,0.061101421103035916
chr2,21231147,21231390,PA491-F|PA491-R,2104.7391304347825,2142.5652173913045,0.982345420970393,0.06739319518420413
chr2,21231341,21231605,PA492-F|PA492-R,23551.130434782608,23363.391304347828,1.0080356112684652,0.056136559223483956
chr2,21231522,21231789,PA493-F|PA493-R,1243.9565217391305,1299.8260869565217,0.9570176612255821,0.05019109555603259
chr2,21231713,21231966,PA494-F|PA494-R-2,5736.95652173913,6053.95652173913,0.9476375492850525,0.05687974170572403
chr2,21231893,21232163,PA495-F|PA495-R,2343.2608695652175,2261.3478260869565,1.0362231066505163,0.07628857964071865
chr2,21232099,21232366,PA496-F|PA496-R,2895.8695652173915,2953.391304347826,0.9805234954657874,0.05415401700814387
chr2,21232288,21232550,PA497-F|PA497-R,1285.0,1089.9565217391305,1.1789461087398778,0.08288393792332954
chr2,21232471,21232720,PA498-F|PA498-R-2,934.3913043478261,1011.0,0.9242248312045758,0.07249806066353166
chr2,21232669,21232939,PA499-F|PA499-R,1156.9130434782608,1201.0869565217392,0.9632217194570134,0.06074902680610661
chr2,21232862,21233103,PA500-F|PA500-R,2400.7391304347825,2504.521739130435,0.9585619054232344,0.06073020787483758
chr2,21233073,21233254,PA501-F-1|PA501-R-2,2003.6521739130435,2037.9565217391305,0.9831672818040236,0.050046791120084755
chr2,21233233,21233484,PA502-F|PA502-R,1875.7391304347825,1311.1304347826087,1.4306274041650084,0.08819341620796545
chr2,21233425,21233693,PA503-F|PA503-R,2646.5652173913045,2641.913043478261,1.0017609110657626,0.0645259133804407
chr2,21233605,21233879,PA504-F|PA504-R,2822.695652173913,2837.521739130435,0.9947749873588403,0.06082289726241083
chr2,21233810,21234065,PA505-F|PA505-R,1365.4347826086957,1373.0434782608695,0.9944585180493984,0.06879113775654709
chr2,21233999,21234267,PA506-F|PA506-R,1264.1739130434783,1268.2173913043478,0.9968116836367377,0.07379190525680375
chr2,21234200,21234449,PA507-F-3|PA507-R,2254.1739130434785,2338.2608695652175,0.9640386760877651,0.05814100286033158
chr2,21234361,21234631,PA508-F|PA508-R,1593.7826086956522,1621.2173913043478,0.9830776657369664,0.06281012629356172
chr2,21234567,21234824,PA509-F|PA509-R,1411.2173913043478,1475.2608695652175,0.9565883705166366,0.05373335308316093
chr2,21234760,21235030,PA510-F|PA510-R,1080.1739130434783,1101.304347826087,0.9808132649032767,0.05912881602325071
chr2,21234947,21235214,PA511-F|PA511-R,2247.6521739130435,2283.4347826086955,0.9843294807593443,0.06116141251549193
chr2,21235141,21235410,PA512-F|PA512-R,2383.478260869565,2235.7391304347825,1.0660806658628603,0.07375753955323314
chr2,21235319,21235581,PA513-F|PA513-R,3351.391304347826,3458.7391304347825,0.9689633065580571,0.06454356186339856
chr2,21235981,21236251,PA514-F|PA514-R,1049.5217391304348,1058.5652173913043,0.9914568530003697,0.06612906952000318
chr2,21236189,21236459,PA515-F|PA515-R,1311.0,1341.7391304347825,0.9770900842514583,0.058525399507512704
chr2,21237265,21237521,PA516-F|PA516-R,2741.478260869565,2637.2608695652175,1.039517285721351,0.061464583001353004
chr2,21237879,21238147,PA517-F|PA517-R,2117.1739130434785,2236.695652173913,0.9465632532462485,0.04600576363555654
chr2,21238053,21238323,PA518-F|PA518-R,5908.608695652174,5867.565217391304,1.006994976065919,0.059562384171474254
chr2,21238214,21238478,PA520-F|PA520-R,4270.0,4279.478260869565,0.997785183077986,0.08292786936487062
chr2,21239292,21239515,PA521-F-2|PA521-R-2,792.0434782608696,802.3913043478261,0.9871037659170957,0.06754348310414957
chr2,21239371,21239581,PA522-F-2|PA522-R-2,2704.1304347826085,2738.521739130435,0.9874416537008223,0.05654236463041916
chr2,21241811,21242065,PA523-F|PA523-R,1855.0869565217392,1906.9130434782608,0.972821997765567,0.06062811421882299
chr2,21242554,21242811,PA524-F-2|PA524-R,1819.2608695652175,1805.9130434782608,1.0073911787365177,0.06292988452101307
chr2,21245626,21245894,PA525-F|PA525-R,2913.086956521739,2947.695652173913,0.9882590675103617,0.05531103992396911
chr2,21245754,21246014,PA526-F|PA526-R,3068.0434782608695,3179.391304347826,0.9649782567076006,0.06924490506402232
chr2,21246333,21246597,PA527-F|PA527-R,2841.8695652173915,2926.8695652173915,0.9709587331768621,0.05947415241819524
chr2,21247699,21247940,PA528-F|PA528-R,1533.4347826086957,1589.5652173913043,0.9646881838074399,0.07042817998171998
chr2,21247840,21248082,PA529-F|PA529-R,3450.5652173913045,3609.9565217391305,0.9558467523395441,0.05533272072087135
chr2,21249608,21249873,PA530-F|PA530-R,3786.8260869565215,3923.8695652173915,0.9650744052565678,0.05394650937835867
chr2,21250629,21250895,PA531-F|PA531-R,1988.5652173913043,2372.2608695652175,0.838257395256772,0.08961344215222035
chr2,21250727,21251003,PA532-F|PA532-R,3676.608695652174,3345.3478260869565,1.0990213534694515,0.165773902545968
chr2,21251103,21251369,PA533-F|PA533-R,404.7826086956522,396.60869565217394,1.0206095154571366,0.056743814647152425
chr2,21251233,21251473,PA534-F|PA534-R,2850.086956521739,2917.086956521739,0.9770318811202361,0.06029968207626052
chr2,21252443,21252709,PA535-F|PA535-R,3557.1739130434785,3627.0,0.9807482528380145,0.05799834760601077
chr2,21252689,21252940,PA536-F|PA536-R,2414.782608695652,2495.913043478261,0.9674946869665191,0.057895426694534124
chr2,21255131,21255385,PA537-F|PA537-R,3261.7391304347825,3271.8695652173915,0.9969037779224748,0.0606523483073227
chr2,21255341,21255532,PA538-F|PA538-R,713.4782608695652,681.304347826087,1.0472239948947033,0.0666326334758428
chr2,21256092,21256349,PA539-F|PA539-R,700.7826086956521,754.8260869565217,0.9284027417775473,0.04706439833313468
chr2,21256219,21256489,PA540-F|PA540-R,3826.2608695652175,3824.478260869565,1.0004661050669033,0.06424520417960333
chr2,21257560,21257806,PA541-F|PA541-R,1603.304347826087,1637.7826086956522,0.9789482067482546,0.05754395732708184
chr2,21258356,21258620,PA542-F|PA542-R,1901.2608695652175,1851.0434782608695,1.0271292338046696,0.07016427387965352
chr2,21259891,21260161,PA543-F|PA543-R,1619.4347826086957,1646.0,0.9838607427756353,0.05942671898483594
chr2,21260758,21261017,PA544-F|PA544-R,3718.5652173913045,4136.913043478261,0.898874396998392,0.04811106698025819
chr2,21263756,21264013,PA545-F|PA545-R,2376.217391304348,2313.913043478261,1.026925967681323,0.06874923710768223
chr2,21265113,21265385,PA546-F-2|PA546-R,7600.086956521739,7367.260869565217,1.0316028020561,0.062095020530092644
chr2,21266273,21266513,PA547-F|PA547-R,2650.391304347826,2721.6521739130435,0.9738170548579826,0.05723697566096926
chr2,21266672,21266833,PA548-F-2|PA548-R-3,9105.608695652174,8730.304347826086,1.042988690070071,0.061782597393084226
chr2,21266743,21266979,PA549-F|PA549-R,3183.521739130435,3271.7391304347825,0.9730365448504984,0.06322349158173887
chr2,44040140,44040374,PA402-F|PA402-R,2171.2608695652175,2269.0,0.9569241381953361,0.059718059009493306
chr2,44040367,44040493,PA403-F|PA403-R,659.4347826086956,675.2173913043479,0.9766258853831293,0.07215249170120033
chr2,44041564,44041772,PA404-F|PA404-R,4170.217391304348,4342.478260869565,0.9603312073850837,0.054069805816695585
chr2,44047047,44047248,PA405-F|PA405-R,2664.2608695652175,2721.0434782608695,0.9791320465294645,0.0579258319865536
chr2,44049875,44050117,PA406-F|PA406-R,1276.9565217391305,1190.3478260869565,1.0727591496822266,0.07035260064096943
chr2,44050994,44051239,PA407-F|PA407-R,1103.4782608695652,1208.391304347826,0.9131795775914799,0.07821194099032443
chr2,44051089,44051314,PA408-F|PA408-R,3772.7391304347825,3763.1304347826085,1.0025533783159257,0.07268366797662244
chr2,44051342,44051620,PA409-F|PA409-R,3848.391304347826,4007.478260869565,0.960302477975958,0.05779942156927529
chr2,44051996,44052211,PA410-F|PA410-R,1609.0,1671.1304347826087,0.9628213133520658,0.060447456277079724
chr2,44053469,44053705,PA411-F|PA411-R,2750.608695652174,2726.1304347826085,1.0089791231399818,0.06509062129865738
chr2,44055080,44055294,PA412-F|PA412-R,3734.478260869565,3739.2608695652175,0.9987209748497144,0.06035625387091244
chr2,44058866,44059042,PA413-F|PA413-R,548.4782608695652,538.1739130434783,1.0191468734852158,0.07310297105125187
chr2,44059066,44059266,PA414-F|PA414-R,589.3478260869565,579.0,1.0178718930690096,0.06724477306148173
chr2,44064923,44065132,PA415-F|PA415-R,3073.1739130434785,3093.0434782608695,0.9935760472308126,0.060792125925671125
chr2,44065660,44065889,PA416-F|PA416-R,3836.7391304347825,3802.304347826087,1.0090562930945766,0.05804479469411235
chr2,44065801,44066019,PA417-F|PA417-R,277.3478260869565,266.69565217391306,1.0399413107270947,0.07612118688762047
chr2,44066100,44066350,PA418-F|PA418-R,1754.8695652173913,1709.4782608695652,1.0265527239432322,0.06326687604091316
chr2,44071590,44071807,PA419-F|PA419-R,3186.4347826086955,3117.1739130434785,1.0222191226724318,0.0683614280482702
chr2,44073249,44073494,PA420-F|PA420-R,2893.695652173913,2839.2608695652175,1.0191721666692188,0.062487057010431085
chr2,44078684,44078902,PA421-F|PA421-R,1986.608695652174,1966.1739130434783,1.0103931714652161,0.056776610070025574
chr2,44078824,44079011,PA422-F|PA422-R,1248.7391304347825,1240.6521739130435,1.006518310846329,0.058705986442059564
chr2,44079471,44079690,PA423-F|PA423-R,1176.1739130434783,1063.2173913043478,1.1062402878874622,0.0892202879701281
chr2,44079711,44079910,PA424-F|PA424-R,631.8695652173913,656.9565217391304,0.9618133686300463,0.07179311665321418
chr2,44079806,44080015,PA425-F|PA425-R,1085.695652173913,1112.304347826087,0.9760778642066997,0.06295925066469366
chr2,44099080,44099288,PA426-F|PA426-R,1854.391304347826,1894.4347826086957,0.9788625722941338,0.06049470969381761
chr2,44099330,44099516,PA427-F|PA427-R,269.04347826086956,273.30434782608694,0.9844097995545658,0.059174940990566686
chr2,44100880,44101116,PA428-F|PA428-R,1487.5217391304348,1545.6521739130435,0.9623909985935302,0.062136295164713654
chr2,44100977,44101175,PA429-F|PA429-R,2308.0,2306.8260869565215,1.0005088866690541,0.062364084400312415
chr2,44101511,44101652,PA430-F|PA430-R-2,1954.3478260869565,2013.304347826087,0.9707165378136742,0.06232475137379347
chr2,44102268,44102495,PA431-F|PA431-R,50.869565217391305,1840.0434782608695,0.027645849578223577,0.02056344492180546
chr2,44102375,44102599,PA432-F|PA432-R,2935.1304347826085,1382.304347826087,2.1233604881577706,0.6551048557357275
chr2,44104648,44104876,PA433-F|PA433-R,3734.217391304348,3812.608695652174,0.9794389326034896,0.05908039987038048
chr2,44104856,44105118,PA434-F|PA434-R,1210.3478260869565,1205.5652173913043,1.0039671090594346,0.06701581929314496
