Sample,Mean_SE1,Mean_SE2,Pearson_R,Ratio
SKII15275V26_1-LC002401-S01-D01-L11-C201C118,2431.7118644067796,2115.491525423729,0.9858245898770059,1.1494784238947553
SKII15275V26_10-LC002241-S01-D01-L11-C204C130,2806.446327683616,2809.169491525424,0.9779358078815403,0.9990306160414945
SKII15275V26_11-LC002246-S01-D01-L11-C204C134,2807.7514124293784,2810.7796610169494,0.9752303455789256,0.998922630389863
SKII15275V26_12-LC002249-S01-D01-L11-C204C136,2803.2203389830506,2642.0338983050847,0.9671528743763748,1.061008468052348
SKII15275V26_13-LC002300-S01-D01-L11-C204C148,2810.9717514124295,2816.830508474576,0.9782350661788524,0.997920088892633
SKII15275V26_14-LC001909-S01-D01-L12-C202C133,1894.7457627118645,1651.5254237288136,0.9807639485461385,1.1472701149425288
SKII15275V26_15-LC002159-S01-D01-L12-C202C147,2281.898305084746,1979.677966101695,0.977866708552128,1.1526613642006491
SKII15275V26_16-LC002320-S01-D01-L11-C205C167,2812.3276836158193,2743.186440677966,0.9825702877784361,1.0252047188308373
SKII15275V26_17-LC002324-S01-D01-L11-C205C169,2817.3728813559323,2820.875706214689,0.9880984368769439,0.9987582491312752
SKII15275V26_18-LC002371-S01-D01-L11-C205C185,2803.858757062147,2810.8192090395482,0.9845923310598327,0.9975236927529824
SKII15275V26_19-LC002462-S01-D01-L11-C205C118,2811.723163841808,2815.6892655367233,0.9871876695463261,0.9985914277745562
SKII15275V26_2-LC001860-S02-D01-L11-C204C101,2805.423728813559,2809.4802259887006,0.9783380476263689,0.9985561396241136
SKII15275V26_20-LC002711-S01-D01-L11-C206C152,2815.214689265537,2818.3841807909603,0.99124251591099,0.9988754224682974
SKII15275V26_21-LC002735-S01-D01-L11-C206C169,2805.864406779661,2810.593220338983,0.9890121233738002,0.9983175033921302
SKII15275V26_22-LC002920-S01-D01-L11-C206C185,2814.0338983050847,2817.1525423728813,0.9886092197016129,0.9988929800495753
SKII15275V26_23-LC002179-S01-D01-L11-C207C104,2191.813559322034,1906.4858757062148,0.9761956333110556,1.1496615774874943
SKII15275V26_3-LC001876-S02-D01-L11-C204C104,2353.0,2011.5141242937852,0.9331552194558413,1.1697655868193846
SKII15275V26_4-LC001885-S02-D01-L11-C204C108,2804.7570621468926,2612.468926553672,0.983239435899844,1.0736039895589817
SKII15275V26_5-LC001894-S02-D01-L11-C204C110,2808.497175141243,2811.0960451977403,0.9718523656745863,0.9990754958156137
SKII15275V26_6-LC002130-S01-D01-L11-C204C113,2803.5706214689267,2807.598870056497,0.9715303999534457,0.9985652335771564
SKII15275V26_7-LC002139-S01-D01-L11-C204C121,2806.107344632768,2752.0734463276835,0.9757592047171966,1.0196338867253658
SKII15275V26_8-LC002239-S01-D01-L11-C204C128,2803.225988700565,2456.960451977401,0.9298240463617712,1.140932482834424
SKII15275V26_9-LC002240-S01-D01-L11-C204C129,2808.7796610169494,2811.2655367231637,0.9854383719877783,0.9991157449647706
