runID,仪器号,【其他信息】,样本ID,阳性符合率,阴性符合率,CYP分型一致率,HLA分型一致率,HLA用药结果分型一致率
241023164810_B121_SKII13126-121-YY2-1-241023164810,B121,,LC002351-S01-D01-LPD-D503D729,1,1,1,0.833333333,1
241023164810_B121_SKII13126-121-YY2-1-241023164810,B121,,LC002375-S01-D01-LPD-D503D730,1,1,1,1,1
241023164810_B121_SKII13126-121-YY2-1-241023164810,B121,,LC002394-S01-D01-LPD-D503D731,1,1,1,1,1
241023164810_B121_SKII13126-121-YY2-1-241023164810,B121,,LC002395-S01-D01-LPD-D503D732,1,1,1,1,1
241023164810_B121_SKII13126-121-YY2-1-241023164810,B121,,LC002653-S01-D01-LPD-D503D733,1,0.976190476,1,1,1
241023164810_B121_SKII13126-121-YY2-1-241023164810,B121,,LC002657-S01-D01-LPD-D503D734,1,1,1,1,1
241023164810_B121_SKII13126-121-YY2-1-241023164810,B121,,LC002659-S01-D01-LPD-D503D735,1,1,1,1,1
241023164810_B121_SKII13126-121-YY2-1-241023164810,B121,,LC002978-S01-D01-LPD-D503D737,1,1,1,1,1
241023164810_B121_SKII13126-121-YY2-1-241023164810,B121,,LC003171-S01-D01-LPD-D503D738,1,1,1,1,1
241023164810_B121_SKII13126-121-YY2-1-241023164810,B121,,LC003178-S01-D01-LPD-D503D739,1,1,1,1,1
241023164810_B121_SKII13126-121-YY2-1-241023164810,B121,,CN001477-S09-D03-LPD-D502D733,1,1,1,1,1
241023164810_B121_SKII13126-121-YY2-1-241023164810,B121,,LC003179-S01-D01-LPD-D503D740,1,1,1,1,1
241023164810_B121_SKII13126-121-YY2-1-241023164810,B121,,LC003181-S01-D01-LPD-D503D741,1,1,1,1,1
241023164810_B121_SKII13126-121-YY2-1-241023164810,B121,,LC003182-S01-D01-LPD-D503D742,1,1,1,1,1
241023164810_B121_SKII13126-121-YY2-1-241023164810,B121,,LC001881-S02-D01-LPD-D503D744,1,1,1,1,1
241023164810_B121_SKII13126-121-YY2-1-241023164810,B121,,LC002160-S01-D01-LPD-D502D741,1,1,1,1,1
241023164810_B121_SKII13126-121-YY2-1-241023164810,B121,,LC002397-S01-D01-LPD-D503D720,1,1,1,1,1
241023164810_B121_SKII13126-121-YY2-1-241023164810,B121,,LC002134-S01-D01-LPD-D503D721,1,1,1,1,1
241023164810_B121_SKII13126-121-YY2-1-241023164810,B121,,LC002136-S01-D01-LPD-D503D722,1,1,1,1,1
241023164810_B121_SKII13126-121-YY2-1-241023164810,B121,,LC002325-S01-D01-LPD-D503D725,1,1,1,1,1
241023164810_B121_SKII13126-121-YY2-1-241023164810,B121,,LC002328-S01-D01-LPD-D503D726,1,1,1,1,1
241023164810_B121_SKII13126-121-YY2-1-241023164810,B121,,LC002331-S01-D01-LPD-D503D727,1,1,1,1,1
241023164810_B121_SKII13126-121-YY2-1-241023164810,B121,,LC002348-S01-D01-LPD-D503D728,1,1,1,1,1
241024151121_B115_SKII13133-115-YY2-1-241024151122,B115,,LC002351-S01-D01-LPD-D503D729,1,1,1,0.833333333,1
241024151121_B115_SKII13133-115-YY2-1-241024151122,B115,,LC002375-S01-D01-LPD-D503D730,1,1,1,1,1
241024151121_B115_SKII13133-115-YY2-1-241024151122,B115,,LC002394-S01-D01-LPD-D503D731,1,1,1,1,1
241024151121_B115_SKII13133-115-YY2-1-241024151122,B115,,LC002395-S01-D01-LPD-D503D732,1,1,1,1,1
241024151121_B115_SKII13133-115-YY2-1-241024151122,B115,,LC002653-S01-D01-LPD-D503D733,1,0.976190476,1,1,1
241024151121_B115_SKII13133-115-YY2-1-241024151122,B115,,LC002657-S01-D01-LPD-D503D734,1,1,1,1,1
241024151121_B115_SKII13133-115-YY2-1-241024151122,B115,,LC002659-S01-D01-LPD-D503D735,1,1,1,1,1
241024151121_B115_SKII13133-115-YY2-1-241024151122,B115,,LC002978-S01-D01-LPD-D503D737,1,1,1,1,1
241024151121_B115_SKII13133-115-YY2-1-241024151122,B115,,LC003171-S01-D01-LPD-D503D738,1,1,1,1,1
241024151121_B115_SKII13133-115-YY2-1-241024151122,B115,,LC003178-S01-D01-LPD-D503D739,1,1,1,1,1
241024151121_B115_SKII13133-115-YY2-1-241024151122,B115,,CN001477-S09-D03-LPD-D502D733,1,1,1,1,1
241024151121_B115_SKII13133-115-YY2-1-241024151122,B115,,LC003179-S01-D01-LPD-D503D740,1,1,1,1,1
241024151121_B115_SKII13133-115-YY2-1-241024151122,B115,,LC003181-S01-D01-LPD-D503D741,1,1,1,1,1
241024151121_B115_SKII13133-115-YY2-1-241024151122,B115,,LC003182-S01-D01-LPD-D503D742,1,1,1,1,1
241024151121_B115_SKII13133-115-YY2-1-241024151122,B115,,LC001881-S02-D01-LPD-D503D744,1,1,1,1,1
241024151121_B115_SKII13133-115-YY2-1-241024151122,B115,,LC002160-S01-D01-LPD-D502D741,1,1,1,1,1
241024151121_B115_SKII13133-115-YY2-1-241024151122,B115,,LC002397-S01-D01-LPD-D503D720,1,1,1,1,1
241024151121_B115_SKII13133-115-YY2-1-241024151122,B115,,LC002134-S01-D01-LPD-D503D721,1,1,1,1,1
241024151121_B115_SKII13133-115-YY2-1-241024151122,B115,,LC002136-S01-D01-LPD-D503D722,1,1,1,1,1
241024151121_B115_SKII13133-115-YY2-1-241024151122,B115,,LC002325-S01-D01-LPD-D503D725,1,1,1,1,1
241024151121_B115_SKII13133-115-YY2-1-241024151122,B115,,LC002328-S01-D01-LPD-D503D726,1,1,1,1,1
241024151121_B115_SKII13133-115-YY2-1-241024151122,B115,,LC002331-S01-D01-LPD-D503D727,1,1,1,1,1
241024151121_B115_SKII13133-115-YY2-1-241024151122,B115,,LC002348-S01-D01-LPD-D503D728,1,1,1,1,1
241025162532_B116_SKII13141-116-YY2-2-241025162531,B116,,LC002351-S01-D01-LPD-D503D729,1,1,1,0.833333333,1
241025162532_B116_SKII13141-116-YY2-2-241025162531,B116,,LC002375-S01-D01-LPD-D503D730,1,1,1,0.666666667,1
241025162532_B116_SKII13141-116-YY2-2-241025162531,B116,,LC002394-S01-D01-LPD-D503D731,1,1,1,1,1
241025162532_B116_SKII13141-116-YY2-2-241025162531,B116,,LC002395-S01-D01-LPD-D503D732,1,1,1,1,1
241025162532_B116_SKII13141-116-YY2-2-241025162531,B116,,LC002653-S01-D01-LPD-D503D733,1,1,1,1,1
241025162532_B116_SKII13141-116-YY2-2-241025162531,B116,,LC002657-S01-D01-LPD-D503D734,1,1,1,1,1
241025162532_B116_SKII13141-116-YY2-2-241025162531,B116,,LC002659-S01-D01-LPD-D503D735,1,1,1,1,1
241025162532_B116_SKII13141-116-YY2-2-241025162531,B116,,LC002978-S01-D01-LPD-D503D737,1,1,1,1,1
241025162532_B116_SKII13141-116-YY2-2-241025162531,B116,,LC003171-S01-D01-LPD-D503D738,1,1,1,1,1
241025162532_B116_SKII13141-116-YY2-2-241025162531,B116,,LC003178-S01-D01-LPD-D503D739,1,1,1,1,1
241025162532_B116_SKII13141-116-YY2-2-241025162531,B116,,CN001477-S09-D03-LPD-D502D733,1,1,1,1,1
241025162532_B116_SKII13141-116-YY2-2-241025162531,B116,,LC003179-S01-D01-LPD-D503D740,1,1,1,1,1
241025162532_B116_SKII13141-116-YY2-2-241025162531,B116,,LC003181-S01-D01-LPD-D503D741,1,1,1,1,1
241025162532_B116_SKII13141-116-YY2-2-241025162531,B116,,LC003182-S01-D01-LPD-D503D742,1,1,1,1,1
241025162532_B116_SKII13141-116-YY2-2-241025162531,B116,,LC001881-S02-D01-LPD-D503D744,1,1,1,1,1
241025162532_B116_SKII13141-116-YY2-2-241025162531,B116,,LC002160-S01-D01-LPD-D502D741,1,1,1,1,1
241025162532_B116_SKII13141-116-YY2-2-241025162531,B116,,LC002397-S01-D01-LPD-D503D720,1,1,1,1,1
241025162532_B116_SKII13141-116-YY2-2-241025162531,B116,,LC002134-S01-D01-LPD-D503D721,1,1,1,1,1
241025162532_B116_SKII13141-116-YY2-2-241025162531,B116,,LC002136-S01-D01-LPD-D503D722,1,1,1,1,1
241025162532_B116_SKII13141-116-YY2-2-241025162531,B116,,LC002325-S01-D01-LPD-D503D725,1,1,1,1,1
241025162532_B116_SKII13141-116-YY2-2-241025162531,B116,,LC002328-S01-D01-LPD-D503D726,1,1,1,1,1
241025162532_B116_SKII13141-116-YY2-2-241025162531,B116,,LC002331-S01-D01-LPD-D503D727,1,1,1,1,1
241025162532_B116_SKII13141-116-YY2-2-241025162531,B116,,LC002348-S01-D01-LPD-D503D728,1,1,1,1,1
241026150107_B121_SKII13147-121-YY2-2-241026150108,B121,,LC002351-S01-D01-LPD-D503D729,1,1,1,0.833333333,1
241026150107_B121_SKII13147-121-YY2-2-241026150108,B121,,LC002375-S01-D01-LPD-D503D730,1,1,1,1,1
241026150107_B121_SKII13147-121-YY2-2-241026150108,B121,,LC002394-S01-D01-LPD-D503D731,1,1,1,1,1
241026150107_B121_SKII13147-121-YY2-2-241026150108,B121,,LC002395-S01-D01-LPD-D503D732,1,1,1,1,1
241026150107_B121_SKII13147-121-YY2-2-241026150108,B121,,LC002653-S01-D01-LPD-D503D733,1,0.976190476,1,1,1
241026150107_B121_SKII13147-121-YY2-2-241026150108,B121,,LC002657-S01-D01-LPD-D503D734,1,1,1,1,1
241026150107_B121_SKII13147-121-YY2-2-241026150108,B121,,LC002659-S01-D01-LPD-D503D735,1,1,1,1,1
241026150107_B121_SKII13147-121-YY2-2-241026150108,B121,,LC002978-S01-D01-LPD-D503D737,1,1,1,1,1
241026150107_B121_SKII13147-121-YY2-2-241026150108,B121,,LC003171-S01-D01-LPD-D503D738,1,1,1,1,1
241026150107_B121_SKII13147-121-YY2-2-241026150108,B121,,LC003178-S01-D01-LPD-D503D739,1,1,1,1,1
241026150107_B121_SKII13147-121-YY2-2-241026150108,B121,,CN001477-S09-D03-LPD-D502D733,1,1,1,1,1
241026150107_B121_SKII13147-121-YY2-2-241026150108,B121,,LC003179-S01-D01-LPD-D503D740,1,1,1,1,1
241026150107_B121_SKII13147-121-YY2-2-241026150108,B121,,LC003181-S01-D01-LPD-D503D741,1,1,1,1,1
241026150107_B121_SKII13147-121-YY2-2-241026150108,B121,,LC003182-S01-D01-LPD-D503D742,1,1,1,1,1
241026150107_B121_SKII13147-121-YY2-2-241026150108,B121,,LC001881-S02-D01-LPD-D503D744,1,1,1,1,1
241026150107_B121_SKII13147-121-YY2-2-241026150108,B121,,LC002160-S01-D01-LPD-D502D741,1,1,1,1,1
241026150107_B121_SKII13147-121-YY2-2-241026150108,B121,,LC002397-S01-D01-LPD-D503D720,1,1,1,1,1
241026150107_B121_SKII13147-121-YY2-2-241026150108,B121,,LC002134-S01-D01-LPD-D503D721,1,1,1,1,1
241026150107_B121_SKII13147-121-YY2-2-241026150108,B121,,LC002136-S01-D01-LPD-D503D722,1,1,1,1,1
241026150107_B121_SKII13147-121-YY2-2-241026150108,B121,,LC002325-S01-D01-LPD-D503D725,1,1,1,1,1
241026150107_B121_SKII13147-121-YY2-2-241026150108,B121,,LC002328-S01-D01-LPD-D503D726,1,1,1,1,1
241026150107_B121_SKII13147-121-YY2-2-241026150108,B121,,LC002331-S01-D01-LPD-D503D727,1,1,1,1,1
241026150107_B121_SKII13147-121-YY2-2-241026150108,B121,,LC002348-S01-D01-LPD-D503D728,1,1,1,1,1
241026152151_B115_SKII13148-115-YY2-2-241026152151,B115,,LC002351-S01-D01-LPD-D503D729,1,1,1,0.833333333,1
241026152151_B115_SKII13148-115-YY2-2-241026152151,B115,,LC002375-S01-D01-LPD-D503D730,1,1,1,0.666666667,1
241026152151_B115_SKII13148-115-YY2-2-241026152151,B115,,LC002394-S01-D01-LPD-D503D731,1,1,1,1,1
241026152151_B115_SKII13148-115-YY2-2-241026152151,B115,,LC002395-S01-D01-LPD-D503D732,1,1,1,1,1
241026152151_B115_SKII13148-115-YY2-2-241026152151,B115,,LC002653-S01-D01-LPD-D503D733,1,1,1,1,1
241026152151_B115_SKII13148-115-YY2-2-241026152151,B115,,LC002657-S01-D01-LPD-D503D734,1,1,1,1,1
241026152151_B115_SKII13148-115-YY2-2-241026152151,B115,,LC002659-S01-D01-LPD-D503D735,1,1,1,1,1
241026152151_B115_SKII13148-115-YY2-2-241026152151,B115,,LC002978-S01-D01-LPD-D503D737,1,1,1,1,1
241026152151_B115_SKII13148-115-YY2-2-241026152151,B115,,LC003171-S01-D01-LPD-D503D738,1,1,1,1,1
241026152151_B115_SKII13148-115-YY2-2-241026152151,B115,,LC003178-S01-D01-LPD-D503D739,1,1,1,1,1
241026152151_B115_SKII13148-115-YY2-2-241026152151,B115,,CN001477-S09-D03-LPD-D502D733,1,1,1,1,1
241026152151_B115_SKII13148-115-YY2-2-241026152151,B115,,LC003179-S01-D01-LPD-D503D740,1,1,1,1,1
241026152151_B115_SKII13148-115-YY2-2-241026152151,B115,,LC003181-S01-D01-LPD-D503D741,1,1,1,1,1
241026152151_B115_SKII13148-115-YY2-2-241026152151,B115,,LC003182-S01-D01-LPD-D503D742,1,1,1,1,1
241026152151_B115_SKII13148-115-YY2-2-241026152151,B115,,LC001881-S02-D01-LPD-D503D744,1,1,1,1,1
241026152151_B115_SKII13148-115-YY2-2-241026152151,B115,,LC002160-S01-D01-LPD-D502D741,1,1,1,1,1
241026152151_B115_SKII13148-115-YY2-2-241026152151,B115,,LC002397-S01-D01-LPD-D503D720,1,1,1,1,1
241026152151_B115_SKII13148-115-YY2-2-241026152151,B115,,LC002134-S01-D01-LPD-D503D721,1,1,1,1,1
241026152151_B115_SKII13148-115-YY2-2-241026152151,B115,,LC002136-S01-D01-LPD-D503D722,1,1,1,1,1
241026152151_B115_SKII13148-115-YY2-2-241026152151,B115,,LC002325-S01-D01-LPD-D503D725,1,1,1,1,1
241026152151_B115_SKII13148-115-YY2-2-241026152151,B115,,LC002328-S01-D01-LPD-D503D726,1,1,1,1,1
241026152151_B115_SKII13148-115-YY2-2-241026152151,B115,,LC002331-S01-D01-LPD-D503D727,1,1,1,1,1
241026152151_B115_SKII13148-115-YY2-2-241026152151,B115,,LC002348-S01-D01-LPD-D503D728,1,1,1,1,1
241027150041_B116_SKII13151-116-YY2-3-241027150041,B116,,LC002351-S01-D01-LPD-D503D729,1,1,1,0.833333333,1
241027150041_B116_SKII13151-116-YY2-3-241027150041,B116,,LC002375-S01-D01-LPD-D503D730,1,1,1,0.666666667,1
241027150041_B116_SKII13151-116-YY2-3-241027150041,B116,,LC002394-S01-D01-LPD-D503D731,1,1,1,1,1
241027150041_B116_SKII13151-116-YY2-3-241027150041,B116,,LC002395-S01-D01-LPD-D503D732,1,1,1,1,1
241027150041_B116_SKII13151-116-YY2-3-241027150041,B116,,LC002653-S01-D01-LPD-D503D733,1,1,1,1,1
241027150041_B116_SKII13151-116-YY2-3-241027150041,B116,,LC002657-S01-D01-LPD-D503D734,1,1,1,1,1
241027150041_B116_SKII13151-116-YY2-3-241027150041,B116,,LC002659-S01-D01-LPD-D503D735,1,1,1,1,1
241027150041_B116_SKII13151-116-YY2-3-241027150041,B116,,LC002978-S01-D01-LPD-D503D737,1,1,1,1,1
241027150041_B116_SKII13151-116-YY2-3-241027150041,B116,,LC003171-S01-D01-LPD-D503D738,1,1,1,1,1
241027150041_B116_SKII13151-116-YY2-3-241027150041,B116,,LC003178-S01-D01-LPD-D503D739,1,1,1,1,1
241027150041_B116_SKII13151-116-YY2-3-241027150041,B116,,CN001477-S09-D03-LPD-D502D733,1,1,1,1,1
241027150041_B116_SKII13151-116-YY2-3-241027150041,B116,,LC003179-S01-D01-LPD-D503D740,1,1,1,1,1
241027150041_B116_SKII13151-116-YY2-3-241027150041,B116,,LC003181-S01-D01-LPD-D503D741,1,1,1,1,1
241027150041_B116_SKII13151-116-YY2-3-241027150041,B116,,LC003182-S01-D01-LPD-D503D742,1,1,1,1,1
241027150041_B116_SKII13151-116-YY2-3-241027150041,B116,,LC001881-S02-D01-LPD-D503D744,1,1,1,1,1
241027150041_B116_SKII13151-116-YY2-3-241027150041,B116,,LC002160-S01-D01-LPD-D502D741,1,1,1,1,1
241027150041_B116_SKII13151-116-YY2-3-241027150041,B116,,LC002397-S01-D01-LPD-D503D720,1,1,1,1,1
241027150041_B116_SKII13151-116-YY2-3-241027150041,B116,,LC002134-S01-D01-LPD-D503D721,1,1,1,1,1
241027150041_B116_SKII13151-116-YY2-3-241027150041,B116,,LC002136-S01-D01-LPD-D503D722,1,1,1,1,1
241027150041_B116_SKII13151-116-YY2-3-241027150041,B116,,LC002325-S01-D01-LPD-D503D725,1,1,1,1,1
241027150041_B116_SKII13151-116-YY2-3-241027150041,B116,,LC002328-S01-D01-LPD-D503D726,1,1,1,1,1
241027150041_B116_SKII13151-116-YY2-3-241027150041,B116,,LC002331-S01-D01-LPD-D503D727,1,1,1,1,1
241027150041_B116_SKII13151-116-YY2-3-241027150041,B116,,LC002348-S01-D01-LPD-D503D728,1,1,1,1,1
241028160314_B121_SKII13155-121-YY2-3-241028160314,B121,,LC002351-S01-D01-LPD-D503D729,1,1,1,0.833333333,1
241028160314_B121_SKII13155-121-YY2-3-241028160314,B121,,LC002375-S01-D01-LPD-D503D730,1,1,1,0.666666667,1
241028160314_B121_SKII13155-121-YY2-3-241028160314,B121,,LC002394-S01-D01-LPD-D503D731,1,1,1,1,1
241028160314_B121_SKII13155-121-YY2-3-241028160314,B121,,LC002395-S01-D01-LPD-D503D732,1,1,1,1,1
241028160314_B121_SKII13155-121-YY2-3-241028160314,B121,,LC002653-S01-D01-LPD-D503D733,1,1,1,1,1
241028160314_B121_SKII13155-121-YY2-3-241028160314,B121,,LC002657-S01-D01-LPD-D503D734,1,1,1,1,1
241028160314_B121_SKII13155-121-YY2-3-241028160314,B121,,LC002659-S01-D01-LPD-D503D735,1,1,1,1,1
241028160314_B121_SKII13155-121-YY2-3-241028160314,B121,,LC002978-S01-D01-LPD-D503D737,1,1,1,1,1
241028160314_B121_SKII13155-121-YY2-3-241028160314,B121,,LC003171-S01-D01-LPD-D503D738,1,1,1,1,1
241028160314_B121_SKII13155-121-YY2-3-241028160314,B121,,LC003178-S01-D01-LPD-D503D739,1,1,1,1,1
241028160314_B121_SKII13155-121-YY2-3-241028160314,B121,,CN001477-S09-D03-LPD-D502D733,1,1,1,1,1
241028160314_B121_SKII13155-121-YY2-3-241028160314,B121,,LC003179-S01-D01-LPD-D503D740,1,1,1,1,1
241028160314_B121_SKII13155-121-YY2-3-241028160314,B121,,LC003181-S01-D01-LPD-D503D741,1,1,1,1,1
241028160314_B121_SKII13155-121-YY2-3-241028160314,B121,,LC003182-S01-D01-LPD-D503D742,1,1,1,1,1
241028160314_B121_SKII13155-121-YY2-3-241028160314,B121,,LC001881-S02-D01-LPD-D503D744,1,1,1,1,1
241028160314_B121_SKII13155-121-YY2-3-241028160314,B121,,LC002160-S01-D01-LPD-D502D741,1,1,1,1,1
241028160314_B121_SKII13155-121-YY2-3-241028160314,B121,,LC002397-S01-D01-LPD-D503D720,1,1,1,1,1
241028160314_B121_SKII13155-121-YY2-3-241028160314,B121,,LC002134-S01-D01-LPD-D503D721,1,1,1,1,1
241028160314_B121_SKII13155-121-YY2-3-241028160314,B121,,LC002136-S01-D01-LPD-D503D722,1,1,1,1,1
241028160314_B121_SKII13155-121-YY2-3-241028160314,B121,,LC002325-S01-D01-LPD-D503D725,1,1,1,1,1
241028160314_B121_SKII13155-121-YY2-3-241028160314,B121,,LC002328-S01-D01-LPD-D503D726,1,1,1,1,1
241028160314_B121_SKII13155-121-YY2-3-241028160314,B121,,LC002331-S01-D01-LPD-D503D727,1,1,1,1,1
241028160314_B121_SKII13155-121-YY2-3-241028160314,B121,,LC002348-S01-D01-LPD-D503D728,1,1,1,1,1
241024172116_B130_SKII13138-1011N29-241024172117,B130,,LC002351-S01-D01-LPD-D503D729,1,1,1,0.833333333,1
241024172116_B130_SKII13138-1011N29-241024172117,B130,,LC002375-S01-D01-LPD-D503D730,1,1,1,1,1
241024172116_B130_SKII13138-1011N29-241024172117,B130,,LC002394-S01-D01-LPD-D503D731,1,1,1,1,1
241024172116_B130_SKII13138-1011N29-241024172117,B130,,LC002395-S01-D01-LPD-D503D732,1,1,1,1,1
241024172116_B130_SKII13138-1011N29-241024172117,B130,,LC002653-S01-D01-LPD-D503D733,1,1,1,1,1
241024172116_B130_SKII13138-1011N29-241024172117,B130,,LC002657-S01-D01-LPD-D503D734,1,1,1,1,1
241024172116_B130_SKII13138-1011N29-241024172117,B130,,LC002659-S01-D01-LPD-D503D735,1,1,1,1,1
241024172116_B130_SKII13138-1011N29-241024172117,B130,,LC002978-S01-D01-LPD-D503D737,1,1,1,1,1
241024172116_B130_SKII13138-1011N29-241024172117,B130,,LC003171-S01-D01-LPD-D503D738,1,1,1,1,1
241024172116_B130_SKII13138-1011N29-241024172117,B130,,LC003178-S01-D01-LPD-D503D739,1,1,1,1,1
241024172116_B130_SKII13138-1011N29-241024172117,B130,,CN001477-S09-D03-LPD-D502D733,1,1,1,1,1
241024172116_B130_SKII13138-1011N29-241024172117,B130,,LC003179-S01-D01-LPD-D503D740,1,1,1,1,1
241024172116_B130_SKII13138-1011N29-241024172117,B130,,LC003181-S01-D01-LPD-D503D741,1,1,1,1,1
241024172116_B130_SKII13138-1011N29-241024172117,B130,,LC003182-S01-D01-LPD-D503D742,1,1,1,1,1
241024172116_B130_SKII13138-1011N29-241024172117,B130,,LC001881-S02-D01-LPD-D503D744,1,1,1,1,1
241024172116_B130_SKII13138-1011N29-241024172117,B130,,LC002160-S01-D01-LPD-D502D741,1,1,1,1,1
241024172116_B130_SKII13138-1011N29-241024172117,B130,,LC002397-S01-D01-LPD-D503D720,1,1,1,1,1
241024172116_B130_SKII13138-1011N29-241024172117,B130,,LC002134-S01-D01-LPD-D503D721,1,1,1,1,1
241024172116_B130_SKII13138-1011N29-241024172117,B130,,LC002136-S01-D01-LPD-D503D722,1,1,1,1,1
241024172116_B130_SKII13138-1011N29-241024172117,B130,,LC002325-S01-D01-LPD-D503D725,1,1,1,1,1
241024172116_B130_SKII13138-1011N29-241024172117,B130,,LC002328-S01-D01-LPD-D503D726,1,1,1,1,1
241024172116_B130_SKII13138-1011N29-241024172117,B130,,LC002331-S01-D01-LPD-D503D727,1,1,1,1,1
241024172116_B130_SKII13138-1011N29-241024172117,B130,,LC002348-S01-D01-LPD-D503D728,1,1,1,1,1
241026165346_B130_SKII13144-121021N12-241026165347,B130,,LC002351-S01-D01-LPD-D503D729,1,1,1,0.833333333,1
241026165346_B130_SKII13144-121021N12-241026165347,B130,,LC002375-S01-D01-LPD-D503D730,1,1,1,1,1
241026165346_B130_SKII13144-121021N12-241026165347,B130,,LC002394-S01-D01-LPD-D503D731,1,1,1,1,1
241026165346_B130_SKII13144-121021N12-241026165347,B130,,LC002395-S01-D01-LPD-D503D732,1,1,1,1,1
241026165346_B130_SKII13144-121021N12-241026165347,B130,,LC002653-S01-D01-LPD-D503D733,1,0.976190476,1,1,1
241026165346_B130_SKII13144-121021N12-241026165347,B130,,LC002657-S01-D01-LPD-D503D734,1,1,1,1,1
241026165346_B130_SKII13144-121021N12-241026165347,B130,,LC002659-S01-D01-LPD-D503D735,1,1,1,1,1
241026165346_B130_SKII13144-121021N12-241026165347,B130,,LC002978-S01-D01-LPD-D503D737,1,1,1,1,1
241026165346_B130_SKII13144-121021N12-241026165347,B130,,LC003171-S01-D01-LPD-D503D738,1,1,1,1,1
241026165346_B130_SKII13144-121021N12-241026165347,B130,,LC003178-S01-D01-LPD-D503D739,1,1,1,1,1
241026165346_B130_SKII13144-121021N12-241026165347,B130,,CN001477-S09-D03-LPD-D502D733,1,1,1,1,1
241026165346_B130_SKII13144-121021N12-241026165347,B130,,LC003179-S01-D01-LPD-D503D740,1,1,1,1,1
241026165346_B130_SKII13144-121021N12-241026165347,B130,,LC003181-S01-D01-LPD-D503D741,1,1,1,1,1
241026165346_B130_SKII13144-121021N12-241026165347,B130,,LC003182-S01-D01-LPD-D503D742,1,1,1,1,1
241026165346_B130_SKII13144-121021N12-241026165347,B130,,LC001881-S02-D01-LPD-D503D744,1,1,1,1,1
241026165346_B130_SKII13144-121021N12-241026165347,B130,,LC002160-S01-D01-LPD-D502D741,1,1,1,1,1
241026165346_B130_SKII13144-121021N12-241026165347,B130,,LC002397-S01-D01-LPD-D503D720,1,1,1,1,1
241026165346_B130_SKII13144-121021N12-241026165347,B130,,LC002134-S01-D01-LPD-D503D721,1,1,1,1,1
241026165346_B130_SKII13144-121021N12-241026165347,B130,,LC002136-S01-D01-LPD-D503D722,1,1,1,1,1
241026165346_B130_SKII13144-121021N12-241026165347,B130,,LC002325-S01-D01-LPD-D503D725,1,1,1,1,1
241026165346_B130_SKII13144-121021N12-241026165347,B130,,LC002328-S01-D01-LPD-D503D726,1,1,1,1,1
241026165346_B130_SKII13144-121021N12-241026165347,B130,,LC002331-S01-D01-LPD-D503D727,1,1,1,1,1
241026165346_B130_SKII13144-121021N12-241026165347,B130,,LC002348-S01-D01-LPD-D503D728,1,1,1,1,1
PL2402402_-,-,,LC002351-S01-D01-LPD-D503D729,1,1,1,1,1
PL2402402_-,-,,LC002375-S01-D01-LPD-D503D730,1,1,1,1,1
PL2402402_-,-,,LC002394-S01-D01-LPD-D503D731,1,1,1,1,1
PL2402402_-,-,,LC002395-S01-D01-LPD-D503D732,1,1,1,1,1
PL2402402_-,-,,LC002653-S01-D01-LPD-D503D733,1,1,1,1,1
PL2402402_-,-,,LC002657-S01-D01-LPD-D503D734,1,1,1,1,1
PL2402402_-,-,,LC002659-S01-D01-LPD-D503D735,1,1,1,1,1
PL2402402_-,-,,LC002978-S01-D01-LPD-D503D737,1,1,1,1,1
PL2402402_-,-,,LC003171-S01-D01-LPD-D503D738,1,1,1,1,1
PL2402402_-,-,,LC003178-S01-D01-LPD-D503D739,1,1,1,1,1
PL2402402_-,-,,CN001477-S09-D03-LPD-D502D733,1,1,1,1,1
PL2402402_-,-,,LC003179-S01-D01-LPD-D503D740,1,1,1,1,1
PL2402402_-,-,,LC003181-S01-D01-LPD-D503D741,1,1,1,1,1
PL2402402_-,-,,LC003182-S01-D01-LPD-D503D742,1,1,1,1,1
PL2402402_-,-,,LC001881-S02-D01-LPD-D503D744,1,1,1,1,1
PL2402402_-,-,,LC002160-S01-D01-LPD-D502D741,1,1,1,1,1
PL2402402_-,-,,LC002397-S01-D01-LPD-D503D720,1,1,1,1,1
PL2402402_-,-,,LC002134-S01-D01-LPD-D503D721,1,1,1,1,1
PL2402402_-,-,,LC002136-S01-D01-LPD-D503D722,1,1,1,1,1
PL2402402_-,-,,LC002325-S01-D01-LPD-D503D725,1,1,1,1,1
PL2402402_-,-,,LC002328-S01-D01-LPD-D503D726,1,1,1,1,1
PL2402402_-,-,,LC002331-S01-D01-LPD-D503D727,1,1,1,1,1
PL2402402_-,-,,LC002348-S01-D01-LPD-D503D728,1,1,1,1,1
GZ240557652_-,-,,LC002351-S01-D01-LPD-D503D729,1,1,1,1,1
GZ240557652_-,-,,LC002375-S01-D01-LPD-D503D730,1,1,1,1,1
GZ240557652_-,-,,LC002394-S01-D01-LPD-D503D731,1,1,1,1,1
GZ240557652_-,-,,LC002395-S01-D01-LPD-D503D732,1,1,1,1,1
GZ240557652_-,-,,LC002653-S01-D01-LPD-D503D733,1,1,1,1,1
GZ240557652_-,-,,LC002657-S01-D01-LPD-D503D734,1,1,1,1,1
GZ240557652_-,-,,LC002659-S01-D01-LPD-D503D735,1,1,1,1,1
GZ240557652_-,-,,LC002978-S01-D01-LPD-D503D737,1,1,1,1,1
GZ240557652_-,-,,LC003171-S01-D01-LPD-D503D738,1,1,1,1,1
GZ240557652_-,-,,LC003178-S01-D01-LPD-D503D739,1,1,1,1,1
GZ240557652_-,-,,CN001477-S09-D03-LPD-D502D733,1,1,1,1,1
GZ240557652_-,-,,LC003179-S01-D01-LPD-D503D740,1,1,1,1,1
GZ240557652_-,-,,LC003181-S01-D01-LPD-D503D741,1,1,1,1,1
GZ240557652_-,-,,LC003182-S01-D01-LPD-D503D742,1,1,1,1,1
GZ240557652_-,-,,LC001881-S02-D01-LPD-D503D744,1,1,1,1,1
GZ240557652_-,-,,LC002160-S01-D01-LPD-D502D741,1,1,1,1,1
GZ240557652_-,-,,LC002397-S01-D01-LPD-D503D720,1,1,1,1,1
GZ240557652_-,-,,LC002134-S01-D01-LPD-D503D721,1,1,1,1,1
GZ240557652_-,-,,LC002136-S01-D01-LPD-D503D722,1,1,1,1,1
GZ240557652_-,-,,LC002325-S01-D01-LPD-D503D725,1,1,1,0.833333333,1
GZ240557652_-,-,,LC002328-S01-D01-LPD-D503D726,1,1,1,1,1
GZ240557652_-,-,,LC002331-S01-D01-LPD-D503D727,1,1,1,1,1
GZ240557652_-,-,,LC002348-S01-D01-LPD-D503D728,1,1,1,1,1
GZ240557663_-,-,,LC002351-S01-D01-LPD-D503D729,1,1,1,1,1
GZ240557663_-,-,,LC002375-S01-D01-LPD-D503D730,1,1,1,0.666666667,1
GZ240557663_-,-,,LC002394-S01-D01-LPD-D503D731,1,1,1,1,1
GZ240557663_-,-,,LC002395-S01-D01-LPD-D503D732,1,1,1,1,1
GZ240557663_-,-,,LC002653-S01-D01-LPD-D503D733,1,1,1,1,1
GZ240557663_-,-,,LC002657-S01-D01-LPD-D503D734,1,1,1,1,1
GZ240557663_-,-,,LC002659-S01-D01-LPD-D503D735,1,1,1,1,1
GZ240557663_-,-,,LC002978-S01-D01-LPD-D503D737,1,1,1,1,1
GZ240557663_-,-,,LC003171-S01-D01-LPD-D503D738,1,1,1,1,1
GZ240557663_-,-,,LC003178-S01-D01-LPD-D503D739,1,1,1,1,1
GZ240557663_-,-,,CN001477-S09-D03-LPD-D502D733,1,1,1,1,1
GZ240557663_-,-,,LC003179-S01-D01-LPD-D503D740,1,1,1,1,1
GZ240557663_-,-,,LC003181-S01-D01-LPD-D503D741,1,1,1,1,1
GZ240557663_-,-,,LC003182-S01-D01-LPD-D503D742,1,1,1,1,1
GZ240557663_-,-,,LC001881-S02-D01-LPD-D503D744,1,1,1,1,1
GZ240557663_-,-,,LC002160-S01-D01-LPD-D502D741,1,1,1,1,1
GZ240557663_-,-,,LC002397-S01-D01-LPD-D503D720,1,1,1,1,1
GZ240557663_-,-,,LC002134-S01-D01-LPD-D503D721,1,1,1,1,1
GZ240557663_-,-,,LC002136-S01-D01-LPD-D503D722,1,1,1,1,1
GZ240557663_-,-,,LC002325-S01-D01-LPD-D503D725,1,1,1,1,1
GZ240557663_-,-,,LC002328-S01-D01-LPD-D503D726,1,1,1,1,1
GZ240557663_-,-,,LC002331-S01-D01-LPD-D503D727,1,1,1,1,1
GZ240557663_-,-,,LC002348-S01-D01-LPD-D503D728,1,1,1,1,1
PL2402602_-,-,,LC002351-S01-D01-LPD-D503D729,1,1,1,0.833333333,1
PL2402602_-,-,,LC002375-S01-D01-LPD-D503D730,1,1,1,0.666666667,1
PL2402602_-,-,,LC002394-S01-D01-LPD-D503D731,1,1,1,1,1
PL2402602_-,-,,LC002395-S01-D01-LPD-D503D732,1,1,1,1,1
PL2402602_-,-,,LC002653-S01-D01-LPD-D503D733,1,1,1,1,1
PL2402602_-,-,,LC002657-S01-D01-LPD-D503D734,1,1,1,1,1
PL2402602_-,-,,LC002659-S01-D01-LPD-D503D735,1,1,1,1,1
PL2402602_-,-,,LC002978-S01-D01-LPD-D503D737,1,1,1,1,1
PL2402602_-,-,,LC003171-S01-D01-LPD-D503D738,1,1,1,1,1
PL2402602_-,-,,LC003178-S01-D01-LPD-D503D739,1,1,1,1,1
PL2402602_-,-,,CN001477-S09-D03-LPD-D502D733,1,1,1,1,1
PL2402602_-,-,,LC003179-S01-D01-LPD-D503D740,1,1,1,1,1
PL2402602_-,-,,LC003181-S01-D01-LPD-D503D741,1,1,1,1,1
PL2402602_-,-,,LC003182-S01-D01-LPD-D503D742,1,1,1,1,1
PL2402602_-,-,,LC001881-S02-D01-LPD-D503D744,1,1,1,1,1
PL2402602_-,-,,LC002160-S01-D01-LPD-D502D741,1,1,1,1,1
PL2402602_-,-,,LC002397-S01-D01-LPD-D503D720,1,1,1,1,1
PL2402602_-,-,,LC002134-S01-D01-LPD-D503D721,1,1,1,1,1
PL2402602_-,-,,LC002136-S01-D01-LPD-D503D722,1,1,1,1,1
PL2402602_-,-,,LC002325-S01-D01-LPD-D503D725,1,1,1,1,1
PL2402602_-,-,,LC002328-S01-D01-LPD-D503D726,1,1,1,1,1
PL2402602_-,-,,LC002331-S01-D01-LPD-D503D727,1,1,1,1,1
PL2402602_-,-,,LC002348-S01-D01-LPD-D503D728,1,1,1,1,1
250219151728_B137_SKII13548-YY2-250219151728,B137,,LC002351-S01-D01-LPD-D503D729,1,1,1,0.833333333,1
250219151728_B137_SKII13548-YY2-250219151728,B137,,LC002375-S01-D01-LPD-D503D730,1,1,1,0.666666667,1
250219151728_B137_SKII13548-YY2-250219151728,B137,,LC002394-S01-D01-LPD-D503D731,1,1,1,1,1
250219151728_B137_SKII13548-YY2-250219151728,B137,,LC002395-S01-D01-LPD-D503D732,1,1,1,1,1
250219151728_B137_SKII13548-YY2-250219151728,B137,,LC002653-S01-D01-LPD-D503D733,1,1,1,1,1
250219151728_B137_SKII13548-YY2-250219151728,B137,,LC002657-S01-D01-LPD-D503D734,1,1,1,1,1
250219151728_B137_SKII13548-YY2-250219151728,B137,,LC002659-S01-D01-LPD-D503D735,1,1,1,1,1
250219151728_B137_SKII13548-YY2-250219151728,B137,,LC002978-S01-D01-LPD-D503D737,1,1,1,1,1
250219151728_B137_SKII13548-YY2-250219151728,B137,,LC003171-S01-D01-LPD-D503D738,1,1,1,1,1
250219151728_B137_SKII13548-YY2-250219151728,B137,,LC003178-S01-D01-LPD-D503D739,1,1,1,1,1
250219151728_B137_SKII13548-YY2-250219151728,B137,,CN001477-S09-D03-LPD-D502D733,1,1,1,1,1
250219151728_B137_SKII13548-YY2-250219151728,B137,,LC003179-S01-D01-LPD-D503D740,1,1,1,1,1
250219151728_B137_SKII13548-YY2-250219151728,B137,,LC003181-S01-D01-LPD-D503D741,1,1,1,1,1
250219151728_B137_SKII13548-YY2-250219151728,B137,,LC003182-S01-D01-LPD-D503D742,1,1,1,1,1
250219151728_B137_SKII13548-YY2-250219151728,B137,,LC001881-S02-D01-LPD-D503D744,1,1,1,1,1
250219151728_B137_SKII13548-YY2-250219151728,B137,,LC002160-S01-D01-LPD-D502D741,0.970588235,1,1,1,1
250219151728_B137_SKII13548-YY2-250219151728,B137,,LC002397-S01-D01-LPD-D503D720,1,1,1,1,1
250219151728_B137_SKII13548-YY2-250219151728,B137,,LC002134-S01-D01-LPD-D503D721,1,1,1,1,1
250219151728_B137_SKII13548-YY2-250219151728,B137,,LC002136-S01-D01-LPD-D503D722,1,1,1,0.833333333,1
250219151728_B137_SKII13548-YY2-250219151728,B137,,LC002325-S01-D01-LPD-D503D725,1,1,1,1,1
250219151728_B137_SKII13548-YY2-250219151728,B137,,LC002328-S01-D01-LPD-D503D726,1,1,1,1,1
250219151728_B137_SKII13548-YY2-250219151728,B137,,LC002331-S01-D01-LPD-D503D727,1,1,1,1,1
250219151728_B137_SKII13548-YY2-250219151728,B137,,LC002348-S01-D01-LPD-D503D728,1,1,1,1,1
250307163627_B137_SKII13657-YY2-250307163628,B137,,LC002351-S01-D01-LPD-D503D729,1,1,1,0.833333333,1
250307163627_B137_SKII13657-YY2-250307163628,B137,,LC002375-S01-D01-LPD-D503D730,1,1,1,1,1
250307163627_B137_SKII13657-YY2-250307163628,B137,,LC002394-S01-D01-LPD-D503D731,1,1,1,1,1
250307163627_B137_SKII13657-YY2-250307163628,B137,,LC002395-S01-D01-LPD-D503D732,1,1,1,1,1
250307163627_B137_SKII13657-YY2-250307163628,B137,,LC002653-S01-D01-LPD-D503D733,1,0.976190476,1,1,1
250307163627_B137_SKII13657-YY2-250307163628,B137,,LC002657-S01-D01-LPD-D503D734,1,1,1,1,1
250307163627_B137_SKII13657-YY2-250307163628,B137,,LC002659-S01-D01-LPD-D503D735,1,1,1,1,1
250307163627_B137_SKII13657-YY2-250307163628,B137,,LC002978-S01-D01-LPD-D503D737,1,1,1,1,1
250307163627_B137_SKII13657-YY2-250307163628,B137,,LC003171-S01-D01-LPD-D503D738,1,1,1,1,1
250307163627_B137_SKII13657-YY2-250307163628,B137,,LC003178-S01-D01-LPD-D503D739,1,1,1,1,1
250307163627_B137_SKII13657-YY2-250307163628,B137,,CN001477-S09-D03-LPD-D502D733,1,1,1,1,1
250307163627_B137_SKII13657-YY2-250307163628,B137,,LC003179-S01-D01-LPD-D503D740,1,1,1,1,1
250307163627_B137_SKII13657-YY2-250307163628,B137,,LC003181-S01-D01-LPD-D503D741,1,1,1,1,1
250307163627_B137_SKII13657-YY2-250307163628,B137,,LC003182-S01-D01-LPD-D503D742,1,1,1,1,1
250307163627_B137_SKII13657-YY2-250307163628,B137,,LC001881-S02-D01-LPD-D503D744,1,1,1,1,1
250307163627_B137_SKII13657-YY2-250307163628,B137,,LC002160-S01-D01-LPD-D502D741,1,1,1,1,1
250307163627_B137_SKII13657-YY2-250307163628,B137,,LC002397-S01-D01-LPD-D503D720,1,1,1,1,1
250307163627_B137_SKII13657-YY2-250307163628,B137,,LC002134-S01-D01-LPD-D503D721,1,1,1,1,1
250307163627_B137_SKII13657-YY2-250307163628,B137,,LC002136-S01-D01-LPD-D503D722,1,1,1,1,1
250307163627_B137_SKII13657-YY2-250307163628,B137,,LC002325-S01-D01-LPD-D503D725,1,1,1,1,1
250307163627_B137_SKII13657-YY2-250307163628,B137,,LC002328-S01-D01-LPD-D503D726,1,1,1,1,1
250307163627_B137_SKII13657-YY2-250307163628,B137,,LC002331-S01-D01-LPD-D503D727,1,1,1,1,1
250307163627_B137_SKII13657-YY2-250307163628,B137,,LC002348-S01-D01-LPD-D503D728,1,1,1,1,1
250314152904_B096_SKII13727-QC6-100M-1-250314152905,B096,,LC002351-S01-D01-LPD-D503D729,1,1,1,0.833333333,1
250314152904_B096_SKII13727-QC6-100M-1-250314152905,B096,,LC002375-S01-D01-LPD-D503D730,1,1,1,0.666666667,1
250314152904_B096_SKII13727-QC6-100M-1-250314152905,B096,,LC002394-S01-D01-LPD-D503D731,1,1,1,1,1
250314152904_B096_SKII13727-QC6-100M-1-250314152905,B096,,LC002395-S01-D01-LPD-D503D732,1,1,1,1,1
250314152904_B096_SKII13727-QC6-100M-1-250314152905,B096,,LC002653-S01-D01-LPD-D503D733,1,0.976190476,1,1,1
250314152904_B096_SKII13727-QC6-100M-1-250314152905,B096,,LC002657-S01-D01-LPD-D503D734,1,1,1,1,1
250314152904_B096_SKII13727-QC6-100M-1-250314152905,B096,,LC002659-S01-D01-LPD-D503D735,1,1,1,1,1
250314152904_B096_SKII13727-QC6-100M-1-250314152905,B096,,LC002978-S01-D01-LPD-D503D737,1,1,1,1,1
250314152904_B096_SKII13727-QC6-100M-1-250314152905,B096,,LC003171-S01-D01-LPD-D503D738,1,1,1,1,1
250314152904_B096_SKII13727-QC6-100M-1-250314152905,B096,,LC003178-S01-D01-LPD-D503D739,1,1,1,1,1
250314152904_B096_SKII13727-QC6-100M-1-250314152905,B096,,CN001477-S09-D03-LPD-D502D733,1,1,1,1,1
250314152904_B096_SKII13727-QC6-100M-1-250314152905,B096,,LC003179-S01-D01-LPD-D503D740,1,1,1,1,1
250314152904_B096_SKII13727-QC6-100M-1-250314152905,B096,,LC003181-S01-D01-LPD-D503D741,1,1,1,1,1
250314152904_B096_SKII13727-QC6-100M-1-250314152905,B096,,LC003182-S01-D01-LPD-D503D742,1,1,1,1,1
250314152904_B096_SKII13727-QC6-100M-1-250314152905,B096,,LC001881-S02-D01-LPD-D503D744,1,1,1,1,1
250314152904_B096_SKII13727-QC6-100M-1-250314152905,B096,,LC002160-S01-D01-LPD-D502D741,1,1,1,1,1
250314152904_B096_SKII13727-QC6-100M-1-250314152905,B096,,LC002397-S01-D01-LPD-D503D720,1,1,1,1,1
250314152904_B096_SKII13727-QC6-100M-1-250314152905,B096,,LC002134-S01-D01-LPD-D503D721,1,1,1,1,1
250314152904_B096_SKII13727-QC6-100M-1-250314152905,B096,,LC002136-S01-D01-LPD-D503D722,1,1,1,1,1
250314152904_B096_SKII13727-QC6-100M-1-250314152905,B096,,LC002325-S01-D01-LPD-D503D725,1,1,1,0.833333333,1
250314152904_B096_SKII13727-QC6-100M-1-250314152905,B096,,LC002328-S01-D01-LPD-D503D726,1,1,1,1,1
250314152904_B096_SKII13727-QC6-100M-1-250314152905,B096,,LC002331-S01-D01-LPD-D503D727,1,1,1,1,1
250314152904_B096_SKII13727-QC6-100M-1-250314152905,B096,,LC002348-S01-D01-LPD-D503D728,1,1,1,1,1
250315103452_B097_SKII13731-QC6-100M-1-250315103453,B097,,LC002351-S01-D01-LPD-D503D729,1,1,1,0.833333333,1
250315103452_B097_SKII13731-QC6-100M-1-250315103453,B097,,LC002375-S01-D01-LPD-D503D730,1,1,1,0.666666667,1
250315103452_B097_SKII13731-QC6-100M-1-250315103453,B097,,LC002394-S01-D01-LPD-D503D731,1,1,1,1,1
250315103452_B097_SKII13731-QC6-100M-1-250315103453,B097,,LC002395-S01-D01-LPD-D503D732,1,1,1,1,1
250315103452_B097_SKII13731-QC6-100M-1-250315103453,B097,,LC002653-S01-D01-LPD-D503D733,1,1,1,1,1
250315103452_B097_SKII13731-QC6-100M-1-250315103453,B097,,LC002657-S01-D01-LPD-D503D734,1,1,1,1,1
250315103452_B097_SKII13731-QC6-100M-1-250315103453,B097,,LC002659-S01-D01-LPD-D503D735,1,1,1,1,1
250315103452_B097_SKII13731-QC6-100M-1-250315103453,B097,,LC002978-S01-D01-LPD-D503D737,1,1,1,1,1
250315103452_B097_SKII13731-QC6-100M-1-250315103453,B097,,LC003171-S01-D01-LPD-D503D738,1,1,1,1,1
250315103452_B097_SKII13731-QC6-100M-1-250315103453,B097,,LC003178-S01-D01-LPD-D503D739,1,1,1,1,1
250315103452_B097_SKII13731-QC6-100M-1-250315103453,B097,,CN001477-S09-D03-LPD-D502D733,1,1,1,1,1
250315103452_B097_SKII13731-QC6-100M-1-250315103453,B097,,LC003179-S01-D01-LPD-D503D740,1,1,1,1,1
250315103452_B097_SKII13731-QC6-100M-1-250315103453,B097,,LC003181-S01-D01-LPD-D503D741,1,1,1,1,1
250315103452_B097_SKII13731-QC6-100M-1-250315103453,B097,,LC003182-S01-D01-LPD-D503D742,1,1,1,1,1
250315103452_B097_SKII13731-QC6-100M-1-250315103453,B097,,LC001881-S02-D01-LPD-D503D744,1,1,1,1,1
250315103452_B097_SKII13731-QC6-100M-1-250315103453,B097,,LC002160-S01-D01-LPD-D502D741,1,1,1,1,1
250315103452_B097_SKII13731-QC6-100M-1-250315103453,B097,,LC002397-S01-D01-LPD-D503D720,1,1,1,1,1
250315103452_B097_SKII13731-QC6-100M-1-250315103453,B097,,LC002134-S01-D01-LPD-D503D721,1,1,1,1,1
250315103452_B097_SKII13731-QC6-100M-1-250315103453,B097,,LC002136-S01-D01-LPD-D503D722,1,1,1,1,1
250315103452_B097_SKII13731-QC6-100M-1-250315103453,B097,,LC002325-S01-D01-LPD-D503D725,1,1,1,1,1
250315103452_B097_SKII13731-QC6-100M-1-250315103453,B097,,LC002328-S01-D01-LPD-D503D726,1,1,1,1,1
250315103452_B097_SKII13731-QC6-100M-1-250315103453,B097,,LC002331-S01-D01-LPD-D503D727,1,1,1,1,1
250315103452_B097_SKII13731-QC6-100M-1-250315103453,B097,,LC002348-S01-D01-LPD-D503D728,1,1,1,1,1
250506154409_B085_SK13920_RPA-B-YY2-250506154409,B085,,LC002351-S01-D01-LPD-D503D729,1,1,1,0.833333333,1
250506154409_B085_SK13920_RPA-B-YY2-250506154409,B085,,LC002375-S01-D01-LPD-D503D730,1,1,1,1,1
250506154409_B085_SK13920_RPA-B-YY2-250506154409,B085,,LC002394-S01-D01-LPD-D503D731,1,1,1,1,1
250506154409_B085_SK13920_RPA-B-YY2-250506154409,B085,,LC002395-S01-D01-LPD-D503D732,1,1,1,1,1
250506154409_B085_SK13920_RPA-B-YY2-250506154409,B085,,LC002653-S01-D01-LPD-D503D733,1,0.952380952,1,1,1
250506154409_B085_SK13920_RPA-B-YY2-250506154409,B085,,LC002657-S01-D01-LPD-D503D734,1,1,1,1,1
250506154409_B085_SK13920_RPA-B-YY2-250506154409,B085,,LC002659-S01-D01-LPD-D503D735,1,1,1,1,1
250506154409_B085_SK13920_RPA-B-YY2-250506154409,B085,,LC002978-S01-D01-LPD-D503D737,1,1,1,1,1
250506154409_B085_SK13920_RPA-B-YY2-250506154409,B085,,LC003171-S01-D01-LPD-D503D738,1,1,1,1,1
250506154409_B085_SK13920_RPA-B-YY2-250506154409,B085,,LC003178-S01-D01-LPD-D503D739,1,1,1,1,1
250506154409_B085_SK13920_RPA-B-YY2-250506154409,B085,,CN001477-S09-D03-LPD-D502D733,1,0.977272727,1,1,1
250506154409_B085_SK13920_RPA-B-YY2-250506154409,B085,,LC003179-S01-D01-LPD-D503D740,1,1,1,1,1
250506154409_B085_SK13920_RPA-B-YY2-250506154409,B085,,LC003181-S01-D01-LPD-D503D741,1,1,1,1,1
250506154409_B085_SK13920_RPA-B-YY2-250506154409,B085,,LC003182-S01-D01-LPD-D503D742,1,1,1,1,1
250506154409_B085_SK13920_RPA-B-YY2-250506154409,B085,,LC001881-S02-D01-LPD-D503D744,1,1,1,1,1
250506154409_B085_SK13920_RPA-B-YY2-250506154409,B085,,LC002160-S01-D01-LPD-D502D741,1,1,1,1,1
250506154409_B085_SK13920_RPA-B-YY2-250506154409,B085,,LC002397-S01-D01-LPD-D503D720,1,1,1,1,1
250506154409_B085_SK13920_RPA-B-YY2-250506154409,B085,,LC002134-S01-D01-LPD-D503D721,1,1,1,1,1
250506154409_B085_SK13920_RPA-B-YY2-250506154409,B085,,LC002136-S01-D01-LPD-D503D722,1,1,1,1,1
250506154409_B085_SK13920_RPA-B-YY2-250506154409,B085,,LC002325-S01-D01-LPD-D503D725,1,1,0.666666667,0.833333333,0.666666667
250506154409_B085_SK13920_RPA-B-YY2-250506154409,B085,,LC002328-S01-D01-LPD-D503D726,1,1,1,1,1
250506154409_B085_SK13920_RPA-B-YY2-250506154409,B085,,LC002331-S01-D01-LPD-D503D727,1,1,1,1,1
250506154409_B085_SK13920_RPA-B-YY2-250506154409,B085,,LC002348-S01-D01-LPD-D503D728,1,1,1,1,1
250508152712_B094_SKII13926-RPA-B-YY2-250508152713,B094,,LC002351-S01-D01-LPD-D503D729,1,1,1,0.833333333,1
250508152712_B094_SKII13926-RPA-B-YY2-250508152713,B094,,LC002375-S01-D01-LPD-D503D730,1,1,1,0.666666667,1
250508152712_B094_SKII13926-RPA-B-YY2-250508152713,B094,,LC002394-S01-D01-LPD-D503D731,1,1,1,1,1
250508152712_B094_SKII13926-RPA-B-YY2-250508152713,B094,,LC002395-S01-D01-LPD-D503D732,1,1,1,1,1
250508152712_B094_SKII13926-RPA-B-YY2-250508152713,B094,,LC002653-S01-D01-LPD-D503D733,1,1,1,1,1
250508152712_B094_SKII13926-RPA-B-YY2-250508152713,B094,,LC002657-S01-D01-LPD-D503D734,1,1,1,1,1
250508152712_B094_SKII13926-RPA-B-YY2-250508152713,B094,,LC002659-S01-D01-LPD-D503D735,1,1,1,1,1
250508152712_B094_SKII13926-RPA-B-YY2-250508152713,B094,,LC002978-S01-D01-LPD-D503D737,1,1,1,1,1
250508152712_B094_SKII13926-RPA-B-YY2-250508152713,B094,,LC003171-S01-D01-LPD-D503D738,1,1,1,1,1
250508152712_B094_SKII13926-RPA-B-YY2-250508152713,B094,,LC003178-S01-D01-LPD-D503D739,1,1,1,1,1
250508152712_B094_SKII13926-RPA-B-YY2-250508152713,B094,,CN001477-S09-D03-LPD-D502D733,1,1,1,1,1
250508152712_B094_SKII13926-RPA-B-YY2-250508152713,B094,,LC003179-S01-D01-LPD-D503D740,1,1,1,1,1
250508152712_B094_SKII13926-RPA-B-YY2-250508152713,B094,,LC003181-S01-D01-LPD-D503D741,1,1,1,1,1
250508152712_B094_SKII13926-RPA-B-YY2-250508152713,B094,,LC003182-S01-D01-LPD-D503D742,1,1,1,1,1
250508152712_B094_SKII13926-RPA-B-YY2-250508152713,B094,,LC001881-S02-D01-LPD-D503D744,1,1,1,1,1
250508152712_B094_SKII13926-RPA-B-YY2-250508152713,B094,,LC002160-S01-D01-LPD-D502D741,1,1,1,1,1
250508152712_B094_SKII13926-RPA-B-YY2-250508152713,B094,,LC002397-S01-D01-LPD-D503D720,1,1,1,1,1
250508152712_B094_SKII13926-RPA-B-YY2-250508152713,B094,,LC002134-S01-D01-LPD-D503D721,1,1,1,1,1
250508152712_B094_SKII13926-RPA-B-YY2-250508152713,B094,,LC002136-S01-D01-LPD-D503D722,1,1,1,1,1
250508152712_B094_SKII13926-RPA-B-YY2-250508152713,B094,,LC002325-S01-D01-LPD-D503D725,1,1,1,1,1
250508152712_B094_SKII13926-RPA-B-YY2-250508152713,B094,,LC002328-S01-D01-LPD-D503D726,1,1,1,1,1
250508152712_B094_SKII13926-RPA-B-YY2-250508152713,B094,,LC002331-S01-D01-LPD-D503D727,1,1,1,1,1
250508152712_B094_SKII13926-RPA-B-YY2-250508152713,B094,,LC002348-S01-D01-LPD-D503D728,1,1,1,1,1
251225113322_B121_SKII1477-PABD,B121,,LC002351-S01-D01-LPD-D503D729,1,1,1,0.833333333,1
251225113322_B121_SKII1477-PABD,B121,,LC002375-S01-D01-LPD-D503D730,1,1,1,0.666666667,1
251225113322_B121_SKII1477-PABD,B121,,LC002394-S01-D01-LPD-D503D731,1,1,1,1,1
251225113322_B121_SKII1477-PABD,B121,,LC002395-S01-D01-LPD-D503D732,1,1,1,1,1
251225113322_B121_SKII1477-PABD,B121,,LC002653-S01-D01-LPD-D503D733,1,1,1,1,1
251225113322_B121_SKII1477-PABD,B121,,LC002657-S01-D01-LPD-D503D734,1,1,1,1,1
251225113322_B121_SKII1477-PABD,B121,,LC002659-S01-D01-LPD-D503D735,1,1,1,1,1
251225113322_B121_SKII1477-PABD,B121,,LC002978-S01-D01-LPD-D503D737,1,1,1,1,1
251225113322_B121_SKII1477-PABD,B121,,LC003171-S01-D01-LPD-D503D738,1,1,1,1,1
251225113322_B121_SKII1477-PABD,B121,,LC003178-S01-D01-LPD-D503D739,1,1,1,1,1
251225113322_B121_SKII1477-PABD,B121,,CN001477-S09-D03-LPD-D502D733,1,1,1,1,1
251225113322_B121_SKII1477-PABD,B121,,LC003179-S01-D01-LPD-D503D740,1,1,1,1,1
251225113322_B121_SKII1477-PABD,B121,,LC003181-S01-D01-LPD-D503D741,1,1,1,1,1
251225113322_B121_SKII1477-PABD,B121,,LC003182-S01-D01-LPD-D503D742,1,1,1,1,1
251225113322_B121_SKII1477-PABD,B121,,LC001881-S02-D01-LPD-D503D744,1,1,1,1,1
251225113322_B121_SKII1477-PABD,B121,,LC002160-S01-D01-LPD-D502D741,1,1,1,1,1
251225113322_B121_SKII1477-PABD,B121,,LC002397-S01-D01-LPD-D503D720,1,1,1,1,1
251225113322_B121_SKII1477-PABD,B121,,LC002134-S01-D01-LPD-D503D721,1,1,1,1,1
251225113322_B121_SKII1477-PABD,B121,,LC002136-S01-D01-LPD-D503D722,1,1,1,1,1
251225113322_B121_SKII1477-PABD,B121,,LC002325-S01-D01-LPD-D503D725,1,1,1,1,1
251225113322_B121_SKII1477-PABD,B121,,LC002328-S01-D01-LPD-D503D726,1,1,1,1,1
251225113322_B121_SKII1477-PABD,B121,,LC002331-S01-D01-LPD-D503D727,1,1,1,1,1
251225113322_B121_SKII1477-PABD,B121,,LC002348-S01-D01-LPD-D503D728,1,1,1,1,1
260321141809_B157_09509B0317N3-YY2-260321141812,B157,,LC002351-S01-D01-LPD-D503D729,1,1,1,1,1
260321141809_B157_09509B0317N3-YY2-260321141812,B157,,LC002375-S01-D01-LPD-D503D730,1,1,1,0.666666667,1
260321141809_B157_09509B0317N3-YY2-260321141812,B157,,LC002394-S01-D01-LPD-D503D731,1,1,1,1,1
260321141809_B157_09509B0317N3-YY2-260321141812,B157,,LC002395-S01-D01-LPD-D503D732,1,1,1,1,1
260321141809_B157_09509B0317N3-YY2-260321141812,B157,,LC002653-S01-D01-LPD-D503D733,1,0.976190476,1,1,1
260321141809_B157_09509B0317N3-YY2-260321141812,B157,,LC002657-S01-D01-LPD-D503D734,1,1,1,1,1
260321141809_B157_09509B0317N3-YY2-260321141812,B157,,LC002659-S01-D01-LPD-D503D735,1,1,1,1,1
260321141809_B157_09509B0317N3-YY2-260321141812,B157,,LC002978-S01-D01-LPD-D503D737,1,1,1,1,1
260321141809_B157_09509B0317N3-YY2-260321141812,B157,,LC003171-S01-D01-LPD-D503D738,1,1,1,1,1
260321141809_B157_09509B0317N3-YY2-260321141812,B157,,LC003178-S01-D01-LPD-D503D739,1,1,1,1,1
260321141809_B157_09509B0317N3-YY2-260321141812,B157,,CN001477-S09-D03-LPD-D502D733,1,1,1,1,1
260321141809_B157_09509B0317N3-YY2-260321141812,B157,,LC003179-S01-D01-LPD-D503D740,1,1,1,1,1
260321141809_B157_09509B0317N3-YY2-260321141812,B157,,LC003181-S01-D01-LPD-D503D741,1,1,1,1,1
260321141809_B157_09509B0317N3-YY2-260321141812,B157,,LC003182-S01-D01-LPD-D503D742,1,1,1,1,1
260321141809_B157_09509B0317N3-YY2-260321141812,B157,,LC001881-S02-D01-LPD-D503D744,1,1,1,1,1
260321141809_B157_09509B0317N3-YY2-260321141812,B157,,LC002160-S01-D01-LPD-D502D741,1,1,1,1,1
260321141809_B157_09509B0317N3-YY2-260321141812,B157,,LC002397-S01-D01-LPD-D503D720,1,1,1,1,1
260321141809_B157_09509B0317N3-YY2-260321141812,B157,,LC002134-S01-D01-LPD-D503D721,1,1,1,1,1
260321141809_B157_09509B0317N3-YY2-260321141812,B157,,LC002136-S01-D01-LPD-D503D722,1,1,1,1,1
260321141809_B157_09509B0317N3-YY2-260321141812,B157,,LC002325-S01-D01-LPD-D503D725,1,1,1,1,1
260321141809_B157_09509B0317N3-YY2-260321141812,B157,,LC002328-S01-D01-LPD-D503D726,1,1,1,1,1
260321141809_B157_09509B0317N3-YY2-260321141812,B157,,LC002331-S01-D01-LPD-D503D727,1,1,1,1,1
260321141809_B157_09509B0317N3-YY2-260321141812,B157,,LC002348-S01-D01-LPD-D503D728,1,1,1,1,1
260404153205_B170_SKII15168-YY2-1-260404153205,B170,,LC002351-S01-D01-LPD-D503D729,1,1,1,1,1
260404153205_B170_SKII15168-YY2-1-260404153205,B170,,LC002375-S01-D01-LPD-D503D730,1,1,1,1,1
260404153205_B170_SKII15168-YY2-1-260404153205,B170,,LC002394-S01-D01-LPD-D503D731,1,1,1,1,1
260404153205_B170_SKII15168-YY2-1-260404153205,B170,,LC002395-S01-D01-LPD-D503D732,1,1,1,1,1
260404153205_B170_SKII15168-YY2-1-260404153205,B170,,LC002653-S01-D01-LPD-D503D733,1,1,1,1,1
260404153205_B170_SKII15168-YY2-1-260404153205,B170,,LC002657-S01-D01-LPD-D503D734,1,1,1,1,1
260404153205_B170_SKII15168-YY2-1-260404153205,B170,,LC002659-S01-D01-LPD-D503D735,1,1,1,1,1
260404153205_B170_SKII15168-YY2-1-260404153205,B170,,LC002978-S01-D01-LPD-D503D737,1,1,1,1,1
260404153205_B170_SKII15168-YY2-1-260404153205,B170,,LC003171-S01-D01-LPD-D503D738,1,1,1,1,1
260404153205_B170_SKII15168-YY2-1-260404153205,B170,,LC003178-S01-D01-LPD-D503D739,1,1,1,1,1
260404153205_B170_SKII15168-YY2-1-260404153205,B170,,CN001477-S09-D03-LPD-D502D733,1,1,1,1,1
260404153205_B170_SKII15168-YY2-1-260404153205,B170,,LC003179-S01-D01-LPD-D503D740,1,1,1,1,1
260404153205_B170_SKII15168-YY2-1-260404153205,B170,,LC003181-S01-D01-LPD-D503D741,1,1,1,1,1
260404153205_B170_SKII15168-YY2-1-260404153205,B170,,LC003182-S01-D01-LPD-D503D742,1,1,1,1,1
260404153205_B170_SKII15168-YY2-1-260404153205,B170,,LC001881-S02-D01-LPD-D503D744,1,1,1,1,1
260404153205_B170_SKII15168-YY2-1-260404153205,B170,,LC002160-S01-D01-LPD-D502D741,1,1,1,1,1
260404153205_B170_SKII15168-YY2-1-260404153205,B170,,LC002397-S01-D01-LPD-D503D720,1,1,1,1,1
260404153205_B170_SKII15168-YY2-1-260404153205,B170,,LC002134-S01-D01-LPD-D503D721,1,1,1,1,1
260404153205_B170_SKII15168-YY2-1-260404153205,B170,,LC002136-S01-D01-LPD-D503D722,1,1,1,1,1
260404153205_B170_SKII15168-YY2-1-260404153205,B170,,LC002325-S01-D01-LPD-D503D725,1,1,1,1,1
260404153205_B170_SKII15168-YY2-1-260404153205,B170,,LC002328-S01-D01-LPD-D503D726,1,1,1,1,1
260404153205_B170_SKII15168-YY2-1-260404153205,B170,,LC002331-S01-D01-LPD-D503D727,1,1,1,1,1
260404153205_B170_SKII15168-YY2-1-260404153205,B170,,LC002348-S01-D01-LPD-D503D728,1,1,1,1,1
260413181025_B170_SKII15205-YY2-2-260413181024,B170,,LC002351-S01-D01-LPD-D503D729,1,1,1,0.833333333,1
260413181025_B170_SKII15205-YY2-2-260413181024,B170,,LC002375-S01-D01-LPD-D503D730,1,1,1,0.666666667,1
260413181025_B170_SKII15205-YY2-2-260413181024,B170,,LC002394-S01-D01-LPD-D503D731,1,1,1,1,1
260413181025_B170_SKII15205-YY2-2-260413181024,B170,,LC002395-S01-D01-LPD-D503D732,1,1,1,1,1
260413181025_B170_SKII15205-YY2-2-260413181024,B170,,LC002653-S01-D01-LPD-D503D733,1,1,1,1,1
260413181025_B170_SKII15205-YY2-2-260413181024,B170,,LC002657-S01-D01-LPD-D503D734,1,1,1,1,1
260413181025_B170_SKII15205-YY2-2-260413181024,B170,,LC002659-S01-D01-LPD-D503D735,1,1,1,1,1
260413181025_B170_SKII15205-YY2-2-260413181024,B170,,LC002978-S01-D01-LPD-D503D737,1,1,1,1,1
260413181025_B170_SKII15205-YY2-2-260413181024,B170,,LC003171-S01-D01-LPD-D503D738,1,1,1,1,1
260413181025_B170_SKII15205-YY2-2-260413181024,B170,,LC003178-S01-D01-LPD-D503D739,1,1,1,1,1
260413181025_B170_SKII15205-YY2-2-260413181024,B170,,CN001477-S09-D03-LPD-D502D733,1,1,1,1,1
260413181025_B170_SKII15205-YY2-2-260413181024,B170,,LC003179-S01-D01-LPD-D503D740,1,1,1,1,1
260413181025_B170_SKII15205-YY2-2-260413181024,B170,,LC003181-S01-D01-LPD-D503D741,1,1,1,1,1
260413181025_B170_SKII15205-YY2-2-260413181024,B170,,LC003182-S01-D01-LPD-D503D742,1,1,1,1,1
260413181025_B170_SKII15205-YY2-2-260413181024,B170,,LC001881-S02-D01-LPD-D503D744,1,1,1,1,1
260413181025_B170_SKII15205-YY2-2-260413181024,B170,,LC002160-S01-D01-LPD-D502D741,1,1,1,1,1
260413181025_B170_SKII15205-YY2-2-260413181024,B170,,LC002397-S01-D01-LPD-D503D720,1,1,1,1,1
260413181025_B170_SKII15205-YY2-2-260413181024,B170,,LC002134-S01-D01-LPD-D503D721,1,1,1,1,1
260413181025_B170_SKII15205-YY2-2-260413181024,B170,,LC002136-S01-D01-LPD-D503D722,1,1,1,1,1
260413181025_B170_SKII15205-YY2-2-260413181024,B170,,LC002325-S01-D01-LPD-D503D725,1,1,1,1,1
260413181025_B170_SKII15205-YY2-2-260413181024,B170,,LC002328-S01-D01-LPD-D503D726,1,1,1,1,1
260413181025_B170_SKII15205-YY2-2-260413181024,B170,,LC002331-S01-D01-LPD-D503D727,1,1,1,1,1
260413181025_B170_SKII15205-YY2-2-260413181024,B170,,LC002348-S01-D01-LPD-D503D728,1,1,1,1,1
260428162711_B162_SKII5264-YY2-CLK-A-260428162711,B162,,LC002351-S01-D01-LPD-D503D729,1,1,1,1,1
260428162711_B162_SKII5264-YY2-CLK-A-260428162711,B162,,LC002375-S01-D01-LPD-D503D730,1,1,1,0.666666667,1
260428162711_B162_SKII5264-YY2-CLK-A-260428162711,B162,,LC002394-S01-D01-LPD-D503D731,1,1,1,1,1
260428162711_B162_SKII5264-YY2-CLK-A-260428162711,B162,,LC002395-S01-D01-LPD-D503D732,1,1,1,1,1
260428162711_B162_SKII5264-YY2-CLK-A-260428162711,B162,,LC002653-S01-D01-LPD-D503D733,1,1,1,1,1
260428162711_B162_SKII5264-YY2-CLK-A-260428162711,B162,,LC002657-S01-D01-LPD-D503D734,1,1,1,1,1
260428162711_B162_SKII5264-YY2-CLK-A-260428162711,B162,,LC002659-S01-D01-LPD-D503D735,1,1,1,1,1
260428162711_B162_SKII5264-YY2-CLK-A-260428162711,B162,,LC002978-S01-D01-LPD-D503D737,1,1,1,1,1
260428162711_B162_SKII5264-YY2-CLK-A-260428162711,B162,,LC003171-S01-D01-LPD-D503D738,1,1,1,1,1
260428162711_B162_SKII5264-YY2-CLK-A-260428162711,B162,,LC003178-S01-D01-LPD-D503D739,1,1,1,1,1
260428162711_B162_SKII5264-YY2-CLK-A-260428162711,B162,,CN001477-S09-D03-LPD-D502D733,1,1,1,1,1
260428162711_B162_SKII5264-YY2-CLK-A-260428162711,B162,,LC003179-S01-D01-LPD-D503D740,1,1,1,1,1
260428162711_B162_SKII5264-YY2-CLK-A-260428162711,B162,,LC003181-S01-D01-LPD-D503D741,1,1,1,1,1
260428162711_B162_SKII5264-YY2-CLK-A-260428162711,B162,,LC003182-S01-D01-LPD-D503D742,1,1,1,1,1
260428162711_B162_SKII5264-YY2-CLK-A-260428162711,B162,,LC001881-S02-D01-LPD-D503D744,1,1,1,1,1
260428162711_B162_SKII5264-YY2-CLK-A-260428162711,B162,,LC002160-S01-D01-LPD-D502D741,1,1,1,1,1
260428162711_B162_SKII5264-YY2-CLK-A-260428162711,B162,,LC002397-S01-D01-LPD-D503D720,1,1,1,1,1
260428162711_B162_SKII5264-YY2-CLK-A-260428162711,B162,,LC002134-S01-D01-LPD-D503D721,1,1,1,1,1
260428162711_B162_SKII5264-YY2-CLK-A-260428162711,B162,,LC002136-S01-D01-LPD-D503D722,1,1,1,0.833333333,1
260428162711_B162_SKII5264-YY2-CLK-A-260428162711,B162,,LC002325-S01-D01-LPD-D503D725,1,1,1,1,1
260428162711_B162_SKII5264-YY2-CLK-A-260428162711,B162,,LC002328-S01-D01-LPD-D503D726,1,1,1,1,1
260428162711_B162_SKII5264-YY2-CLK-A-260428162711,B162,,LC002331-S01-D01-LPD-D503D727,1,1,1,1,1
260428162711_B162_SKII5264-YY2-CLK-A-260428162711,B162,,LC002348-S01-D01-LPD-D503D728,1,1,1,1,1
260429170714_B141_SKII15265-YY223-CTRL-260429170714,B141,,LC002351-S01-D01-LPD-D503D729,1,1,1,0.833333333,1
260429170714_B141_SKII15265-YY223-CTRL-260429170714,B141,,LC002375-S01-D01-LPD-D503D730,1,1,1,0.666666667,1
260429170714_B141_SKII15265-YY223-CTRL-260429170714,B141,,LC002394-S01-D01-LPD-D503D731,1,1,1,1,1
260429170714_B141_SKII15265-YY223-CTRL-260429170714,B141,,LC002395-S01-D01-LPD-D503D732,1,1,1,1,1
260429170714_B141_SKII15265-YY223-CTRL-260429170714,B141,,LC002653-S01-D01-LPD-D503D733,1,0.976190476,1,1,1
260429170714_B141_SKII15265-YY223-CTRL-260429170714,B141,,LC002657-S01-D01-LPD-D503D734,1,1,1,1,1
260429170714_B141_SKII15265-YY223-CTRL-260429170714,B141,,LC002659-S01-D01-LPD-D503D735,1,1,1,1,1
260429170714_B141_SKII15265-YY223-CTRL-260429170714,B141,,LC002978-S01-D01-LPD-D503D737,1,1,1,1,1
260429170714_B141_SKII15265-YY223-CTRL-260429170714,B141,,LC003171-S01-D01-LPD-D503D738,1,1,1,1,1
260429170714_B141_SKII15265-YY223-CTRL-260429170714,B141,,LC003178-S01-D01-LPD-D503D739,1,1,1,1,1
260429170714_B141_SKII15265-YY223-CTRL-260429170714,B141,,CN001477-S09-D03-LPD-D502D733,1,1,1,1,1
260429170714_B141_SKII15265-YY223-CTRL-260429170714,B141,,LC003179-S01-D01-LPD-D503D740,1,1,1,1,1
260429170714_B141_SKII15265-YY223-CTRL-260429170714,B141,,LC003181-S01-D01-LPD-D503D741,1,1,1,1,1
260429170714_B141_SKII15265-YY223-CTRL-260429170714,B141,,LC003182-S01-D01-LPD-D503D742,1,1,1,1,1
260429170714_B141_SKII15265-YY223-CTRL-260429170714,B141,,LC001881-S02-D01-LPD-D503D744,1,1,1,1,1
260429170714_B141_SKII15265-YY223-CTRL-260429170714,B141,,LC002160-S01-D01-LPD-D502D741,1,1,1,1,1
260429170714_B141_SKII15265-YY223-CTRL-260429170714,B141,,LC002397-S01-D01-LPD-D503D720,1,1,1,1,1
260429170714_B141_SKII15265-YY223-CTRL-260429170714,B141,,LC002134-S01-D01-LPD-D503D721,1,1,1,1,1
260429170714_B141_SKII15265-YY223-CTRL-260429170714,B141,,LC002136-S01-D01-LPD-D503D722,1,1,1,0.833333333,1
260429170714_B141_SKII15265-YY223-CTRL-260429170714,B141,,LC002325-S01-D01-LPD-D503D725,1,1,1,0.833333333,1
260429170714_B141_SKII15265-YY223-CTRL-260429170714,B141,,LC002328-S01-D01-LPD-D503D726,1,1,1,1,1
260429170714_B141_SKII15265-YY223-CTRL-260429170714,B141,,LC002331-S01-D01-LPD-D503D727,1,1,1,1,1
260429170714_B141_SKII15265-YY223-CTRL-260429170714,B141,,LC002348-S01-D01-LPD-D503D728,1,1,1,1,1
260429170625_B143_SKII15266-YY2-23-DN-260429170627,B143,,LC002351-S01-D01-LPD-D503D729,1,1,1,0.833333333,1
260429170625_B143_SKII15266-YY2-23-DN-260429170627,B143,,LC002375-S01-D01-LPD-D503D730,1,1,1,0.666666667,1
260429170625_B143_SKII15266-YY2-23-DN-260429170627,B143,,LC002394-S01-D01-LPD-D503D731,1,1,1,1,1
260429170625_B143_SKII15266-YY2-23-DN-260429170627,B143,,LC002395-S01-D01-LPD-D503D732,1,1,1,1,1
260429170625_B143_SKII15266-YY2-23-DN-260429170627,B143,,LC002653-S01-D01-LPD-D503D733,1,1,1,1,1
260429170625_B143_SKII15266-YY2-23-DN-260429170627,B143,,LC002657-S01-D01-LPD-D503D734,1,1,1,1,1
260429170625_B143_SKII15266-YY2-23-DN-260429170627,B143,,LC002659-S01-D01-LPD-D503D735,1,1,1,1,1
260429170625_B143_SKII15266-YY2-23-DN-260429170627,B143,,LC002978-S01-D01-LPD-D503D737,1,1,1,1,1
260429170625_B143_SKII15266-YY2-23-DN-260429170627,B143,,LC003171-S01-D01-LPD-D503D738,1,1,1,1,1
260429170625_B143_SKII15266-YY2-23-DN-260429170627,B143,,LC003178-S01-D01-LPD-D503D739,1,1,1,1,1
260429170625_B143_SKII15266-YY2-23-DN-260429170627,B143,,CN001477-S09-D03-LPD-D502D733,1,1,1,1,1
260429170625_B143_SKII15266-YY2-23-DN-260429170627,B143,,LC003179-S01-D01-LPD-D503D740,1,1,1,1,1
260429170625_B143_SKII15266-YY2-23-DN-260429170627,B143,,LC003181-S01-D01-LPD-D503D741,1,1,1,1,1
260429170625_B143_SKII15266-YY2-23-DN-260429170627,B143,,LC003182-S01-D01-LPD-D503D742,1,1,1,1,1
260429170625_B143_SKII15266-YY2-23-DN-260429170627,B143,,LC001881-S02-D01-LPD-D503D744,1,1,1,1,1
260429170625_B143_SKII15266-YY2-23-DN-260429170627,B143,,LC002160-S01-D01-LPD-D502D741,1,1,1,1,1
260429170625_B143_SKII15266-YY2-23-DN-260429170627,B143,,LC002397-S01-D01-LPD-D503D720,1,1,1,1,1
260429170625_B143_SKII15266-YY2-23-DN-260429170627,B143,,LC002134-S01-D01-LPD-D503D721,1,1,1,1,1
260429170625_B143_SKII15266-YY2-23-DN-260429170627,B143,,LC002136-S01-D01-LPD-D503D722,1,1,1,1,1
260429170625_B143_SKII15266-YY2-23-DN-260429170627,B143,,LC002325-S01-D01-LPD-D503D725,1,1,1,1,1
260429170625_B143_SKII15266-YY2-23-DN-260429170627,B143,,LC002328-S01-D01-LPD-D503D726,1,1,1,1,1
260429170625_B143_SKII15266-YY2-23-DN-260429170627,B143,,LC002331-S01-D01-LPD-D503D727,1,1,1,1,1
260429170625_B143_SKII15266-YY2-23-DN-260429170627,B143,,LC002348-S01-D01-LPD-D503D728,1,1,1,1,1
260508151426_B172_SKII15277-YY2-WBhot-260508151422,B172,,LC002351-S01-D01-LPD-D503D729,1,1,1,1,1
260508151426_B172_SKII15277-YY2-WBhot-260508151422,B172,,LC002375-S01-D01-LPD-D503D730,1,1,1,0.666666667,1
260508151426_B172_SKII15277-YY2-WBhot-260508151422,B172,,LC002394-S01-D01-LPD-D503D731,1,1,1,1,1
260508151426_B172_SKII15277-YY2-WBhot-260508151422,B172,,LC002395-S01-D01-LPD-D503D732,1,1,1,1,1
260508151426_B172_SKII15277-YY2-WBhot-260508151422,B172,,LC002653-S01-D01-LPD-D503D733,1,0.976190476,1,1,1
260508151426_B172_SKII15277-YY2-WBhot-260508151422,B172,,LC002657-S01-D01-LPD-D503D734,1,1,1,1,1
260508151426_B172_SKII15277-YY2-WBhot-260508151422,B172,,LC002659-S01-D01-LPD-D503D735,1,1,1,1,1
260508151426_B172_SKII15277-YY2-WBhot-260508151422,B172,,LC002978-S01-D01-LPD-D503D737,1,1,1,1,1
260508151426_B172_SKII15277-YY2-WBhot-260508151422,B172,,LC003171-S01-D01-LPD-D503D738,1,1,1,1,1
260508151426_B172_SKII15277-YY2-WBhot-260508151422,B172,,LC003178-S01-D01-LPD-D503D739,1,1,1,1,1
260508151426_B172_SKII15277-YY2-WBhot-260508151422,B172,,CN001477-S09-D03-LPD-D502D733,1,1,1,1,1
260508151426_B172_SKII15277-YY2-WBhot-260508151422,B172,,LC003179-S01-D01-LPD-D503D740,1,1,1,1,1
260508151426_B172_SKII15277-YY2-WBhot-260508151422,B172,,LC003181-S01-D01-LPD-D503D741,1,1,1,1,1
260508151426_B172_SKII15277-YY2-WBhot-260508151422,B172,,LC003182-S01-D01-LPD-D503D742,1,1,1,1,1
260508151426_B172_SKII15277-YY2-WBhot-260508151422,B172,,LC001881-S02-D01-LPD-D503D744,1,1,1,1,1
260508151426_B172_SKII15277-YY2-WBhot-260508151422,B172,,LC002160-S01-D01-LPD-D502D741,1,1,1,1,1
260508151426_B172_SKII15277-YY2-WBhot-260508151422,B172,,LC002397-S01-D01-LPD-D503D720,1,1,1,1,1
260508151426_B172_SKII15277-YY2-WBhot-260508151422,B172,,LC002134-S01-D01-LPD-D503D721,1,1,1,1,1
260508151426_B172_SKII15277-YY2-WBhot-260508151422,B172,,LC002136-S01-D01-LPD-D503D722,1,1,1,0.833333333,1
260508151426_B172_SKII15277-YY2-WBhot-260508151422,B172,,LC002325-S01-D01-LPD-D503D725,1,1,1,1,1
260508151426_B172_SKII15277-YY2-WBhot-260508151422,B172,,LC002328-S01-D01-LPD-D503D726,1,1,1,1,1
260508151426_B172_SKII15277-YY2-WBhot-260508151422,B172,,LC002331-S01-D01-LPD-D503D727,1,1,1,1,1
260508151426_B172_SKII15277-YY2-WBhot-260508151422,B172,,LC002348-S01-D01-LPD-D503D728,1,1,1,1,1
260508150833_B162_SKII15275-YY2BRS2hot-260508150833,B162,,LC002351-S01-D01-LPD-D503D729,1,1,1,1,1
260508150833_B162_SKII15275-YY2BRS2hot-260508150833,B162,,LC002375-S01-D01-LPD-D503D730,1,1,1,1,1
260508150833_B162_SKII15275-YY2BRS2hot-260508150833,B162,,LC002394-S01-D01-LPD-D503D731,1,1,1,1,1
260508150833_B162_SKII15275-YY2BRS2hot-260508150833,B162,,LC002395-S01-D01-LPD-D503D732,1,1,1,1,1
260508150833_B162_SKII15275-YY2BRS2hot-260508150833,B162,,LC002653-S01-D01-LPD-D503D733,1,1,1,1,1
260508150833_B162_SKII15275-YY2BRS2hot-260508150833,B162,,LC002657-S01-D01-LPD-D503D734,1,1,1,1,1
260508150833_B162_SKII15275-YY2BRS2hot-260508150833,B162,,LC002659-S01-D01-LPD-D503D735,1,1,1,1,1
260508150833_B162_SKII15275-YY2BRS2hot-260508150833,B162,,LC002978-S01-D01-LPD-D503D737,1,1,1,1,1
260508150833_B162_SKII15275-YY2BRS2hot-260508150833,B162,,LC003171-S01-D01-LPD-D503D738,1,1,1,1,1
260508150833_B162_SKII15275-YY2BRS2hot-260508150833,B162,,LC003178-S01-D01-LPD-D503D739,1,1,1,1,1
260508150833_B162_SKII15275-YY2BRS2hot-260508150833,B162,,CN001477-S09-D03-LPD-D502D733,1,1,1,1,1
260508150833_B162_SKII15275-YY2BRS2hot-260508150833,B162,,LC003179-S01-D01-LPD-D503D740,1,1,1,1,1
260508150833_B162_SKII15275-YY2BRS2hot-260508150833,B162,,LC003181-S01-D01-LPD-D503D741,1,1,1,1,1
260508150833_B162_SKII15275-YY2BRS2hot-260508150833,B162,,LC003182-S01-D01-LPD-D503D742,1,1,1,1,1
260508150833_B162_SKII15275-YY2BRS2hot-260508150833,B162,,LC001881-S02-D01-LPD-D503D744,1,1,1,1,1
260508150833_B162_SKII15275-YY2BRS2hot-260508150833,B162,,LC002160-S01-D01-LPD-D502D741,1,1,1,1,1
260508150833_B162_SKII15275-YY2BRS2hot-260508150833,B162,,LC002397-S01-D01-LPD-D503D720,1,1,1,1,1
260508150833_B162_SKII15275-YY2BRS2hot-260508150833,B162,,LC002134-S01-D01-LPD-D503D721,1,1,1,1,1
260508150833_B162_SKII15275-YY2BRS2hot-260508150833,B162,,LC002136-S01-D01-LPD-D503D722,1,1,1,1,1
260508150833_B162_SKII15275-YY2BRS2hot-260508150833,B162,,LC002325-S01-D01-LPD-D503D725,1,1,1,1,1
260508150833_B162_SKII15275-YY2BRS2hot-260508150833,B162,,LC002328-S01-D01-LPD-D503D726,1,1,1,1,1
260508150833_B162_SKII15275-YY2BRS2hot-260508150833,B162,,LC002331-S01-D01-LPD-D503D727,1,1,1,1,1
260508150833_B162_SKII15275-YY2BRS2hot-260508150833,B162,,LC002348-S01-D01-LPD-D503D728,1,1,1,1,1
260521174016_B143_SKII15305-P523NRC-260521174015,B143,,LC002351-S01-D01-LPD-D503D729,1,1,1,1,1
260521174016_B143_SKII15305-P523NRC-260521174015,B143,,LC002375-S01-D01-LPD-D503D730,1,1,1,0.666666667,1
260521174016_B143_SKII15305-P523NRC-260521174015,B143,,LC002394-S01-D01-LPD-D503D731,1,1,1,1,1
260521174016_B143_SKII15305-P523NRC-260521174015,B143,,LC002395-S01-D01-LPD-D503D732,1,1,1,1,1
260521174016_B143_SKII15305-P523NRC-260521174015,B143,,LC002653-S01-D01-LPD-D503D733,1,1,1,1,1
260521174016_B143_SKII15305-P523NRC-260521174015,B143,,LC002657-S01-D01-LPD-D503D734,1,1,1,1,1
260521174016_B143_SKII15305-P523NRC-260521174015,B143,,LC002659-S01-D01-LPD-D503D735,1,1,1,1,1
260521174016_B143_SKII15305-P523NRC-260521174015,B143,,LC002978-S01-D01-LPD-D503D737,1,1,1,1,1
260521174016_B143_SKII15305-P523NRC-260521174015,B143,,LC003171-S01-D01-LPD-D503D738,1,1,1,1,1
260521174016_B143_SKII15305-P523NRC-260521174015,B143,,LC003178-S01-D01-LPD-D503D739,1,1,1,1,1
260521174016_B143_SKII15305-P523NRC-260521174015,B143,,CN001477-S09-D03-LPD-D502D733,1,1,1,1,1
260521174016_B143_SKII15305-P523NRC-260521174015,B143,,LC003179-S01-D01-LPD-D503D740,1,1,1,1,1
260521174016_B143_SKII15305-P523NRC-260521174015,B143,,LC003181-S01-D01-LPD-D503D741,1,1,1,1,1
260521174016_B143_SKII15305-P523NRC-260521174015,B143,,LC003182-S01-D01-LPD-D503D742,1,1,1,1,1
260521174016_B143_SKII15305-P523NRC-260521174015,B143,,LC001881-S02-D01-LPD-D503D744,1,1,1,1,1
260521174016_B143_SKII15305-P523NRC-260521174015,B143,,LC002160-S01-D01-LPD-D502D741,1,1,1,1,1
260521174016_B143_SKII15305-P523NRC-260521174015,B143,,LC002397-S01-D01-LPD-D503D720,1,1,1,1,1
260521174016_B143_SKII15305-P523NRC-260521174015,B143,,LC002134-S01-D01-LPD-D503D721,1,1,1,1,1
260521174016_B143_SKII15305-P523NRC-260521174015,B143,,LC002136-S01-D01-LPD-D503D722,1,1,1,1,1
260521174016_B143_SKII15305-P523NRC-260521174015,B143,,LC002325-S01-D01-LPD-D503D725,1,1,1,1,1
260521174016_B143_SKII15305-P523NRC-260521174015,B143,,LC002328-S01-D01-LPD-D503D726,1,1,1,1,1
260521174016_B143_SKII15305-P523NRC-260521174015,B143,,LC002331-S01-D01-LPD-D503D727,1,1,1,1,1
260521174016_B143_SKII15305-P523NRC-260521174015,B143,,LC002348-S01-D01-LPD-D503D728,1,1,1,1,1
260522164010_B162_SKII15306-I-YY2-260522164010,B162,,LC002351-S01-D01-LPD-D503D729,1,1,1,1,1
260522164010_B162_SKII15306-I-YY2-260522164010,B162,,LC002375-S01-D01-LPD-D503D730,1,1,1,1,1
260522164010_B162_SKII15306-I-YY2-260522164010,B162,,LC002394-S01-D01-LPD-D503D731,1,1,1,1,1
260522164010_B162_SKII15306-I-YY2-260522164010,B162,,LC002395-S01-D01-LPD-D503D732,1,1,1,1,1
260522164010_B162_SKII15306-I-YY2-260522164010,B162,,LC002653-S01-D01-LPD-D503D733,1,1,1,1,1
260522164010_B162_SKII15306-I-YY2-260522164010,B162,,LC002657-S01-D01-LPD-D503D734,1,1,1,1,1
260522164010_B162_SKII15306-I-YY2-260522164010,B162,,LC002659-S01-D01-LPD-D503D735,1,1,1,1,1
260522164010_B162_SKII15306-I-YY2-260522164010,B162,,LC002978-S01-D01-LPD-D503D737,1,1,1,1,1
260522164010_B162_SKII15306-I-YY2-260522164010,B162,,LC003171-S01-D01-LPD-D503D738,1,1,1,1,1
260522164010_B162_SKII15306-I-YY2-260522164010,B162,,LC003178-S01-D01-LPD-D503D739,1,1,1,1,1
260522164010_B162_SKII15306-I-YY2-260522164010,B162,,CN001477-S09-D03-LPD-D502D733,1,1,1,1,1
260522164010_B162_SKII15306-I-YY2-260522164010,B162,,LC003179-S01-D01-LPD-D503D740,1,1,1,1,1
260522164010_B162_SKII15306-I-YY2-260522164010,B162,,LC003181-S01-D01-LPD-D503D741,1,1,1,1,1
260522164010_B162_SKII15306-I-YY2-260522164010,B162,,LC003182-S01-D01-LPD-D503D742,1,1,1,1,1
260522164010_B162_SKII15306-I-YY2-260522164010,B162,,LC001881-S02-D01-LPD-D503D744,1,1,1,1,1
260522164010_B162_SKII15306-I-YY2-260522164010,B162,,LC002160-S01-D01-LPD-D502D741,1,1,1,1,1
260522164010_B162_SKII15306-I-YY2-260522164010,B162,,LC002397-S01-D01-LPD-D503D720,1,1,1,1,1
260522164010_B162_SKII15306-I-YY2-260522164010,B162,,LC002134-S01-D01-LPD-D503D721,1,1,1,0.833333333,1
260522164010_B162_SKII15306-I-YY2-260522164010,B162,,LC002136-S01-D01-LPD-D503D722,1,1,1,1,1
260522164010_B162_SKII15306-I-YY2-260522164010,B162,,LC002325-S01-D01-LPD-D503D725,1,1,1,1,1
260522164010_B162_SKII15306-I-YY2-260522164010,B162,,LC002328-S01-D01-LPD-D503D726,1,1,1,1,1
260522164010_B162_SKII15306-I-YY2-260522164010,B162,,LC002331-S01-D01-LPD-D503D727,1,1,1,1,1
260522164010_B162_SKII15306-I-YY2-260522164010,B162,,LC002348-S01-D01-LPD-D503D728,1,1,1,1,1
260522163748_B141_SKII15307-T-YY2-260522163749,B141,,LC002351-S01-D01-LPD-D503D729,1,1,1,0.833333333,1
260522163748_B141_SKII15307-T-YY2-260522163749,B141,,LC002375-S01-D01-LPD-D503D730,1,1,1,0.666666667,1
260522163748_B141_SKII15307-T-YY2-260522163749,B141,,LC002394-S01-D01-LPD-D503D731,1,1,1,1,1
260522163748_B141_SKII15307-T-YY2-260522163749,B141,,LC002395-S01-D01-LPD-D503D732,1,1,1,1,1
260522163748_B141_SKII15307-T-YY2-260522163749,B141,,LC002653-S01-D01-LPD-D503D733,1,1,1,1,1
260522163748_B141_SKII15307-T-YY2-260522163749,B141,,LC002657-S01-D01-LPD-D503D734,1,1,1,1,1
260522163748_B141_SKII15307-T-YY2-260522163749,B141,,LC002659-S01-D01-LPD-D503D735,1,1,1,1,1
260522163748_B141_SKII15307-T-YY2-260522163749,B141,,LC002978-S01-D01-LPD-D503D737,1,1,1,1,1
260522163748_B141_SKII15307-T-YY2-260522163749,B141,,LC003171-S01-D01-LPD-D503D738,1,1,1,1,1
260522163748_B141_SKII15307-T-YY2-260522163749,B141,,LC003178-S01-D01-LPD-D503D739,1,1,1,1,1
260522163748_B141_SKII15307-T-YY2-260522163749,B141,,CN001477-S09-D03-LPD-D502D733,1,1,1,1,1
260522163748_B141_SKII15307-T-YY2-260522163749,B141,,LC003179-S01-D01-LPD-D503D740,1,1,1,1,1
260522163748_B141_SKII15307-T-YY2-260522163749,B141,,LC003181-S01-D01-LPD-D503D741,1,1,1,1,1
260522163748_B141_SKII15307-T-YY2-260522163749,B141,,LC003182-S01-D01-LPD-D503D742,1,1,1,1,1
260522163748_B141_SKII15307-T-YY2-260522163749,B141,,LC001881-S02-D01-LPD-D503D744,1,1,1,1,1
260522163748_B141_SKII15307-T-YY2-260522163749,B141,,LC002160-S01-D01-LPD-D502D741,1,1,1,1,1
260522163748_B141_SKII15307-T-YY2-260522163749,B141,,LC002397-S01-D01-LPD-D503D720,1,1,1,1,1
260522163748_B141_SKII15307-T-YY2-260522163749,B141,,LC002134-S01-D01-LPD-D503D721,1,1,1,1,1
260522163748_B141_SKII15307-T-YY2-260522163749,B141,,LC002136-S01-D01-LPD-D503D722,1,1,1,1,1
260522163748_B141_SKII15307-T-YY2-260522163749,B141,,LC002325-S01-D01-LPD-D503D725,1,1,1,1,1
260522163748_B141_SKII15307-T-YY2-260522163749,B141,,LC002328-S01-D01-LPD-D503D726,1,1,1,1,1
260522163748_B141_SKII15307-T-YY2-260522163749,B141,,LC002331-S01-D01-LPD-D503D727,1,1,1,1,1
260522163748_B141_SKII15307-T-YY2-260522163749,B141,,LC002348-S01-D01-LPD-D503D728,1,1,1,1,1
260523150002_B170_SKII5311-R2JC-YY2-260523150003,B170,,LC002351-S01-D01-LPD-D503D729,1,1,1,0.833333333,1
260523150002_B170_SKII5311-R2JC-YY2-260523150003,B170,,LC002375-S01-D01-LPD-D503D730,1,1,1,0.666666667,1
260523150002_B170_SKII5311-R2JC-YY2-260523150003,B170,,LC002394-S01-D01-LPD-D503D731,1,1,1,1,1
260523150002_B170_SKII5311-R2JC-YY2-260523150003,B170,,LC002395-S01-D01-LPD-D503D732,1,1,1,1,1
260523150002_B170_SKII5311-R2JC-YY2-260523150003,B170,,LC002653-S01-D01-LPD-D503D733,1,1,1,1,1
260523150002_B170_SKII5311-R2JC-YY2-260523150003,B170,,LC002657-S01-D01-LPD-D503D734,1,1,1,1,1
260523150002_B170_SKII5311-R2JC-YY2-260523150003,B170,,LC002659-S01-D01-LPD-D503D735,1,1,1,1,1
260523150002_B170_SKII5311-R2JC-YY2-260523150003,B170,,LC002978-S01-D01-LPD-D503D737,1,1,1,1,1
260523150002_B170_SKII5311-R2JC-YY2-260523150003,B170,,LC003171-S01-D01-LPD-D503D738,1,1,1,1,1
260523150002_B170_SKII5311-R2JC-YY2-260523150003,B170,,LC003178-S01-D01-LPD-D503D739,1,1,1,1,1
260523150002_B170_SKII5311-R2JC-YY2-260523150003,B170,,CN001477-S09-D03-LPD-D502D733,1,1,1,1,1
260523150002_B170_SKII5311-R2JC-YY2-260523150003,B170,,LC003179-S01-D01-LPD-D503D740,1,1,1,1,1
260523150002_B170_SKII5311-R2JC-YY2-260523150003,B170,,LC003181-S01-D01-LPD-D503D741,1,1,1,1,1
260523150002_B170_SKII5311-R2JC-YY2-260523150003,B170,,LC003182-S01-D01-LPD-D503D742,1,1,1,1,1
260523150002_B170_SKII5311-R2JC-YY2-260523150003,B170,,LC001881-S02-D01-LPD-D503D744,1,1,1,1,1
260523150002_B170_SKII5311-R2JC-YY2-260523150003,B170,,LC002160-S01-D01-LPD-D502D741,1,1,1,1,1
260523150002_B170_SKII5311-R2JC-YY2-260523150003,B170,,LC002397-S01-D01-LPD-D503D720,1,1,1,1,1
260523150002_B170_SKII5311-R2JC-YY2-260523150003,B170,,LC002134-S01-D01-LPD-D503D721,1,1,1,1,1
260523150002_B170_SKII5311-R2JC-YY2-260523150003,B170,,LC002136-S01-D01-LPD-D503D722,1,1,1,1,1
260523150002_B170_SKII5311-R2JC-YY2-260523150003,B170,,LC002325-S01-D01-LPD-D503D725,1,1,1,0.833333333,1
260523150002_B170_SKII5311-R2JC-YY2-260523150003,B170,,LC002328-S01-D01-LPD-D503D726,1,1,1,1,1
260523150002_B170_SKII5311-R2JC-YY2-260523150003,B170,,LC002331-S01-D01-LPD-D503D727,1,1,1,1,1
260523150002_B170_SKII5311-R2JC-YY2-260523150003,B170,,LC002348-S01-D01-LPD-D503D728,1,1,1,1,1
260603175803_B170_SKII15342-R2JC-YY2-260603175804,B170,,LC002351-S01-D01-LPD-D503D729,1,1,1,1,1
260603175803_B170_SKII15342-R2JC-YY2-260603175804,B170,,LC002375-S01-D01-LPD-D503D730,1,1,1,0.666666667,1
260603175803_B170_SKII15342-R2JC-YY2-260603175804,B170,,LC002394-S01-D01-LPD-D503D731,1,1,1,1,1
260603175803_B170_SKII15342-R2JC-YY2-260603175804,B170,,LC002395-S01-D01-LPD-D503D732,1,1,1,1,1
260603175803_B170_SKII15342-R2JC-YY2-260603175804,B170,,LC002653-S01-D01-LPD-D503D733,1,1,1,1,1
260603175803_B170_SKII15342-R2JC-YY2-260603175804,B170,,LC002657-S01-D01-LPD-D503D734,1,1,1,1,1
260603175803_B170_SKII15342-R2JC-YY2-260603175804,B170,,LC002659-S01-D01-LPD-D503D735,1,1,1,1,1
260603175803_B170_SKII15342-R2JC-YY2-260603175804,B170,,LC002978-S01-D01-LPD-D503D737,1,1,1,1,1
260603175803_B170_SKII15342-R2JC-YY2-260603175804,B170,,LC003171-S01-D01-LPD-D503D738,1,1,1,1,1
260603175803_B170_SKII15342-R2JC-YY2-260603175804,B170,,LC003178-S01-D01-LPD-D503D739,1,1,1,1,1
260603175803_B170_SKII15342-R2JC-YY2-260603175804,B170,,CN001477-S09-D03-LPD-D502D733,1,1,1,1,1
260603175803_B170_SKII15342-R2JC-YY2-260603175804,B170,,LC003179-S01-D01-LPD-D503D740,1,1,1,1,1
260603175803_B170_SKII15342-R2JC-YY2-260603175804,B170,,LC003181-S01-D01-LPD-D503D741,1,1,1,1,1
260603175803_B170_SKII15342-R2JC-YY2-260603175804,B170,,LC003182-S01-D01-LPD-D503D742,1,1,1,1,1
260603175803_B170_SKII15342-R2JC-YY2-260603175804,B170,,LC001881-S02-D01-LPD-D503D744,1,1,1,1,1
260603175803_B170_SKII15342-R2JC-YY2-260603175804,B170,,LC002160-S01-D01-LPD-D502D741,1,1,1,1,1
260603175803_B170_SKII15342-R2JC-YY2-260603175804,B170,,LC002397-S01-D01-LPD-D503D720,1,1,1,1,1
260603175803_B170_SKII15342-R2JC-YY2-260603175804,B170,,LC002134-S01-D01-LPD-D503D721,1,1,1,1,1
260603175803_B170_SKII15342-R2JC-YY2-260603175804,B170,,LC002136-S01-D01-LPD-D503D722,1,1,1,0.833333333,1
260603175803_B170_SKII15342-R2JC-YY2-260603175804,B170,,LC002325-S01-D01-LPD-D503D725,1,1,1,0.833333333,1
260603175803_B170_SKII15342-R2JC-YY2-260603175804,B170,,LC002328-S01-D01-LPD-D503D726,1,1,1,1,1
260603175803_B170_SKII15342-R2JC-YY2-260603175804,B170,,LC002331-S01-D01-LPD-D503D727,1,1,1,1,1
260603175803_B170_SKII15342-R2JC-YY2-260603175804,B170,,LC002348-S01-D01-LPD-D503D728,1,1,1,1,1
260701150403_B169_SKII15399-R2JC-3-YY2-260701150404,B169,,LC002351-S01-D01-LPD-D503D729,1.0,0.9512195121951219,1.0,1.0,
260701150403_B169_SKII15399-R2JC-3-YY2-260701150404,B169,,LC002375-S01-D01-LPD-D503D730,1.0,0.95,1.0,1.0,
260701150403_B169_SKII15399-R2JC-3-YY2-260701150404,B169,,LC002394-S01-D01-LPD-D503D731,1.0,0.9512195121951219,1.0,1.0,
260701150403_B169_SKII15399-R2JC-3-YY2-260701150404,B169,,LC002395-S01-D01-LPD-D503D732,1.0,0.9534883720930233,1.0,1.0,
260701150403_B169_SKII15399-R2JC-3-YY2-260701150404,B169,,LC002653-S01-D01-LPD-D503D733,1.0,0.9545454545454546,1.0,1.0,
260701150403_B169_SKII15399-R2JC-3-YY2-260701150404,B169,,LC002657-S01-D01-LPD-D503D734,1.0,0.9534883720930233,1.0,1.0,
260701150403_B169_SKII15399-R2JC-3-YY2-260701150404,B169,,LC002659-S01-D01-LPD-D503D735,1.0,1.0,1.0,1.0,
260701150403_B169_SKII15399-R2JC-3-YY2-260701150404,B169,,LC002978-S01-D01-LPD-D503D737,1.0,1.0,1.0,1.0,
260701150403_B169_SKII15399-R2JC-3-YY2-260701150404,B169,,LC003171-S01-D01-LPD-D503D738,1.0,0.9574468085106383,1.0,1.0,
260701150403_B169_SKII15399-R2JC-3-YY2-260701150404,B169,,LC003178-S01-D01-LPD-D503D739,1.0,1.0,1.0,1.0,
260701150403_B169_SKII15399-R2JC-3-YY2-260701150404,B169,,CN001477-S09-D03-LPD-D502D733,1.0,0.9565217391304348,1.0,1.0,
260701150403_B169_SKII15399-R2JC-3-YY2-260701150404,B169,,LC003179-S01-D01-LPD-D503D740,1.0,1.0,1.0,1.0,
260701150403_B169_SKII15399-R2JC-3-YY2-260701150404,B169,,LC003181-S01-D01-LPD-D503D741,1.0,1.0,1.0,1.0,
260701150403_B169_SKII15399-R2JC-3-YY2-260701150404,B169,,LC003182-S01-D01-LPD-D503D742,1.0,1.0,1.0,1.0,
260701150403_B169_SKII15399-R2JC-3-YY2-260701150404,B169,,LC001881-S02-D01-LPD-D503D744,1.0,1.0,1.0,1.0,
260701150403_B169_SKII15399-R2JC-3-YY2-260701150404,B169,,LC002160-S01-D01-LPD-D502D741,1.0,0.9615384615384616,1.0,1.0,
260701150403_B169_SKII15399-R2JC-3-YY2-260701150404,B169,,LC002397-S01-D01-LPD-D503D720,1.0,1.0,1.0,1.0,
260701150403_B169_SKII15399-R2JC-3-YY2-260701150404,B169,,LC002134-S01-D01-LPD-D503D721,1.0,0.9534883720930233,1.0,1.0,
260701150403_B169_SKII15399-R2JC-3-YY2-260701150404,B169,,LC002136-S01-D01-LPD-D503D722,1.0,0.9583333333333334,1.0,1.0,
260701150403_B169_SKII15399-R2JC-3-YY2-260701150404,B169,,LC002325-S01-D01-LPD-D503D725,1.0,1.0,1.0,1.0,
260701150403_B169_SKII15399-R2JC-3-YY2-260701150404,B169,,LC002328-S01-D01-LPD-D503D726,1.0,0.95,1.0,1.0,
260701150403_B169_SKII15399-R2JC-3-YY2-260701150404,B169,,LC002331-S01-D01-LPD-D503D727,1.0,1.0,1.0,1.0,
260701150403_B169_SKII15399-R2JC-3-YY2-260701150404,B169,,LC002348-S01-D01-LPD-D503D728,1.0,1.0,1.0,1.0,
BGISEQ_0707,0707,,CN001477-S09-D03-LPD-D502D733,1.0,0.9565217391304348,0.8,1.0,1.0
BGISEQ_0707,0707,,LC002351-S01-D01-LPD-D503D729,1.0,0.9512195121951219,0.8,1.0,1.0
BGISEQ_0707,0707,,LC002375-S01-D01-LPD-D503D730,1.0,0.95,0.8,0.6666666666666666,1.0
BGISEQ_0707,0707,,LC002394-S01-D01-LPD-D503D731,1.0,0.9512195121951219,0.8,1.0,1.0
BGISEQ_0707,0707,,LC002395-S01-D01-LPD-D503D732,1.0,0.9534883720930233,0.8,1.0,1.0
BGISEQ_0707,0707,,LC002653-S01-D01-LPD-D503D733,1.0,0.9545454545454546,0.8,1.0,1.0
BGISEQ_0707,0707,,LC002657-S01-D01-LPD-D503D734,1.0,0.9534883720930233,0.8,1.0,1.0
BGISEQ_0707,0707,,LC002659-S01-D01-LPD-D503D735,1.0,1.0,0.8,1.0,1.0
BGISEQ_0707,0707,,LC002978-S01-D01-LPD-D503D737,1.0,1.0,0.8,1.0,1.0
BGISEQ_0707,0707,,LC003171-S01-D01-LPD-D503D738,1.0,0.9574468085106383,0.8,1.0,1.0
BGISEQ_0707,0707,,LC003178-S01-D01-LPD-D503D739,1.0,1.0,0.8,1.0,1.0
BGISEQ_0707,0707,,LC002160-S01-D01-LPD-D502D741,1.0,0.9615384615384616,0.8,1.0,1.0
BGISEQ_0707,0707,,LC003179-S01-D01-LPD-D503D740,1.0,1.0,0.8,1.0,1.0
BGISEQ_0707,0707,,LC003181-S01-D01-LPD-D503D741,1.0,1.0,0.8,1.0,1.0
BGISEQ_0707,0707,,LC003182-S01-D01-LPD-D503D742,1.0,1.0,0.8,1.0,1.0
BGISEQ_0707,0707,,LC001881-S02-D01-LPD-D503D744,1.0,1.0,0.8,1.0,1.0
BGISEQ_0707,0707,,LC002397-S01-D01-LPD-D503D720,1.0,1.0,0.8,1.0,1.0
BGISEQ_0707,0707,,LC002134-S01-D01-LPD-D503D721,1.0,0.9534883720930233,0.8,1.0,1.0
BGISEQ_0707,0707,,LC002136-S01-D01-LPD-D503D722,1.0,0.9583333333333334,0.8,0.8333333333333334,1.0
BGISEQ_0707,0707,,LC002325-S01-D01-LPD-D503D725,1.0,1.0,0.8,1.0,1.0
BGISEQ_0707,0707,,LC002328-S01-D01-LPD-D503D726,1.0,0.95,0.8,1.0,1.0
BGISEQ_0707,0707,,LC002331-S01-D01-LPD-D503D727,1.0,1.0,0.8,1.0,1.0
BGISEQ_0707,0707,,LC002348-S01-D01-LPD-D503D728,1.0,1.0,0.8,1.0,1.0
GeneMind_0713,0713,,CN001477-S09-D03-LPD-D502D733,1.0,0.9565217391304348,0.6715328467153284,1.0,1.0
GeneMind_0713,0713,,LC002351-S01-D01-LPD-D503D729,1.0,0.9512195121951219,,1.0,1.0
GeneMind_0713,0713,,LC002375-S01-D01-LPD-D503D730,1.0,0.95,,1.0,1.0
GeneMind_0713,0713,,LC002394-S01-D01-LPD-D503D731,1.0,0.9512195121951219,,1.0,1.0
GeneMind_0713,0713,,LC002395-S01-D01-LPD-D503D732,1.0,0.9534883720930233,,1.0,1.0
GeneMind_0713,0713,,LC002653-S01-D01-LPD-D503D733,1.0,0.9545454545454546,,1.0,1.0
GeneMind_0713,0713,,LC002657-S01-D01-LPD-D503D734,1.0,0.9534883720930233,,1.0,1.0
GeneMind_0713,0713,,LC002659-S01-D01-LPD-D503D735,1.0,1.0,,1.0,1.0
GeneMind_0713,0713,,LC002978-S01-D01-LPD-D503D737,1.0,1.0,,1.0,1.0
GeneMind_0713,0713,,LC003171-S01-D01-LPD-D503D738,1.0,0.9574468085106383,,1.0,1.0
GeneMind_0713,0713,,LC003178-S01-D01-LPD-D503D739,1.0,1.0,,1.0,1.0
GeneMind_0713,0713,,LC002160-S01-D01-LPD-D502D741,1.0,0.9615384615384616,,1.0,1.0
GeneMind_0713,0713,,LC003179-S01-D01-LPD-D503D740,1.0,1.0,,1.0,1.0
GeneMind_0713,0713,,LC003181-S01-D01-LPD-D503D741,1.0,1.0,,1.0,1.0
GeneMind_0713,0713,,LC003182-S01-D01-LPD-D503D742,1.0,1.0,,1.0,1.0
GeneMind_0713,0713,,LC001881-S02-D01-LPD-D503D744,1.0,1.0,,1.0,1.0
GeneMind_0713,0713,,LC002397-S01-D01-LPD-D503D720,1.0,1.0,,1.0,1.0
GeneMind_0713,0713,,LC002134-S01-D01-LPD-D503D721,1.0,0.9534883720930233,,1.0,1.0
GeneMind_0713,0713,,LC002136-S01-D01-LPD-D503D722,1.0,0.9583333333333334,,1.0,1.0
GeneMind_0713,0713,,LC002325-S01-D01-LPD-D503D725,1.0,1.0,,0.8333333333333334,1.0
GeneMind_0713,0713,,LC002328-S01-D01-LPD-D503D726,1.0,0.95,,1.0,1.0
GeneMind_0713,0713,,LC002331-S01-D01-LPD-D503D727,1.0,1.0,,1.0,1.0
GeneMind_0713,0713,,LC002348-S01-D01-LPD-D503D728,1.0,1.0,,1.0,1.0
260703153244_B174_SKII-R2JC-ZY-Y2_reanalysis_20260710154034,B174,,CN001477-S09-D03-LPD-D502D733,1.0,0.9565217391304348,0.6715328467153284,1.0,1.0
260703153244_B174_SKII-R2JC-ZY-Y2_reanalysis_20260710154034,B174,,LC002351-S01-D01-LPD-D503D729,1.0,0.9512195121951219,0.8333333333333334,0.8333333333333334,1.0
260703153244_B174_SKII-R2JC-ZY-Y2_reanalysis_20260710154034,B174,,LC002375-S01-D01-LPD-D503D730,1.0,0.95,1.0,1.0,1.0
260703153244_B174_SKII-R2JC-ZY-Y2_reanalysis_20260710154034,B174,,LC002394-S01-D01-LPD-D503D731,1.0,0.9512195121951219,1.0,1.0,1.0
260703153244_B174_SKII-R2JC-ZY-Y2_reanalysis_20260710154034,B174,,LC002395-S01-D01-LPD-D503D732,1.0,0.9534883720930233,1.0,1.0,1.0
260703153244_B174_SKII-R2JC-ZY-Y2_reanalysis_20260710154034,B174,,LC002653-S01-D01-LPD-D503D733,1.0,0.9318181818181818,1.0,1.0,1.0
260703153244_B174_SKII-R2JC-ZY-Y2_reanalysis_20260710154034,B174,,LC002657-S01-D01-LPD-D503D734,1.0,0.9534883720930233,1.0,1.0,1.0
260703153244_B174_SKII-R2JC-ZY-Y2_reanalysis_20260710154034,B174,,LC002659-S01-D01-LPD-D503D735,1.0,1.0,1.0,1.0,1.0
260703153244_B174_SKII-R2JC-ZY-Y2_reanalysis_20260710154034,B174,,LC002978-S01-D01-LPD-D503D737,1.0,1.0,1.0,1.0,1.0
260703153244_B174_SKII-R2JC-ZY-Y2_reanalysis_20260710154034,B174,,LC003171-S01-D01-LPD-D503D738,1.0,0.9574468085106383,1.0,1.0,1.0
260703153244_B174_SKII-R2JC-ZY-Y2_reanalysis_20260710154034,B174,,LC003178-S01-D01-LPD-D503D739,1.0,1.0,1.0,1.0,1.0
260703153244_B174_SKII-R2JC-ZY-Y2_reanalysis_20260710154034,B174,,LC002160-S01-D01-LPD-D502D741,1.0,0.9615384615384616,1.0,1.0,1.0
260703153244_B174_SKII-R2JC-ZY-Y2_reanalysis_20260710154034,B174,,LC003179-S01-D01-LPD-D503D740,1.0,1.0,1.0,1.0,1.0
260703153244_B174_SKII-R2JC-ZY-Y2_reanalysis_20260710154034,B174,,LC003181-S01-D01-LPD-D503D741,1.0,1.0,1.0,1.0,1.0
260703153244_B174_SKII-R2JC-ZY-Y2_reanalysis_20260710154034,B174,,LC003182-S01-D01-LPD-D503D742,1.0,1.0,1.0,1.0,1.0
260703153244_B174_SKII-R2JC-ZY-Y2_reanalysis_20260710154034,B174,,LC001881-S02-D01-LPD-D503D744,1.0,1.0,1.0,1.0,1.0
260703153244_B174_SKII-R2JC-ZY-Y2_reanalysis_20260710154034,B174,,LC002397-S01-D01-LPD-D503D720,1.0,1.0,1.0,1.0,1.0
260703153244_B174_SKII-R2JC-ZY-Y2_reanalysis_20260710154034,B174,,LC002134-S01-D01-LPD-D503D721,1.0,0.9534883720930233,1.0,1.0,1.0
260703153244_B174_SKII-R2JC-ZY-Y2_reanalysis_20260710154034,B174,,LC002136-S01-D01-LPD-D503D722,1.0,0.9583333333333334,1.0,1.0,1.0
260703153244_B174_SKII-R2JC-ZY-Y2_reanalysis_20260710154034,B174,,LC002325-S01-D01-LPD-D503D725,1.0,1.0,1.0,1.0,1.0
260703153244_B174_SKII-R2JC-ZY-Y2_reanalysis_20260710154034,B174,,LC002328-S01-D01-LPD-D503D726,1.0,0.95,1.0,1.0,1.0
260703153244_B174_SKII-R2JC-ZY-Y2_reanalysis_20260710154034,B174,,LC002331-S01-D01-LPD-D503D727,1.0,1.0,1.0,1.0,1.0
260703153244_B174_SKII-R2JC-ZY-Y2_reanalysis_20260710154034,B174,,LC002348-S01-D01-LPD-D503D728,1.0,1.0,1.0,1.0,1.0
