runID,仪器号,【其他信息】,样本ID,阳性符合率,阴性符合率,CYP分型一致率,HLA分型一致率,HLA用药结果一致率
241023164810_B121_SKII13126-121-YY2-1-241023164810,B121,,LC002665-S01-D01-L12-C206C106,1,1,1,1,1
241023164810_B121_SKII13126-121-YY2-1-241023164810,B121,,LC002711-S01-D01-L12-C206C111,1,1,1,1,1
241023164810_B121_SKII13126-121-YY2-1-241023164810,B121,,LC002712-S01-D01-L12-C206C112,1,1,1,1,1
241023164810_B121_SKII13126-121-YY2-1-241023164810,B121,,LC002719-S01-D01-L12-C206C116,1,1,1,1,1
241023164810_B121_SKII13126-121-YY2-1-241023164810,B121,,LC002693-S01-D01-L12-C206C107,1,1,1,0.833333333,1
241023164810_B121_SKII13126-121-YY2-1-241023164810,B121,,LC002714-S01-D01-L12-C206C113,1,1,1,1,1
241023164810_B121_SKII13126-121-YY2-1-241023164810,B121,,LC002909-S01-D01-L12-C206C165,1,1,1,1,1
241023164810_B121_SKII13126-121-YY2-1-241023164810,B121,,LC002303-S01-D01-L12-C208C143,1,1,1,1,1
241023164810_B121_SKII13126-121-YY2-1-241023164810,B121,,LC002480-S01-D01-L12-C208C138,1,1,1,1,1
241023164810_B121_SKII13126-121-YY2-1-241023164810,B121,,LC002692-S01-D01-L12-C208C156,1,1,1,1,1
241023164810_B121_SKII13126-121-YY2-1-241023164810,B121,,LC002312-S01-D01-L12-C208C145,1,1,1,1,1
241023164810_B121_SKII13126-121-YY2-1-241023164810,B121,,LC002647-S01-D01-L12-C206C104,1,1,1,1,1
241023164810_B121_SKII13126-121-YY2-1-241023164810,B121,,LC002664-S01-D01-L12-C206C105,1,1,1,1,1
241023164810_B121_SKII13126-121-YY2-1-241023164810,B121,,LC001876-S02-D01-L12-C206C130,1,1,1,1,1
241023164810_B121_SKII13126-121-YY2-1-241023164810,B121,,CN001477-S09-D04-L13-C206C131,1,1,1,1,1
241023164810_B121_SKII13126-121-YY2-1-241023164810,B121,,LC002658-S01-D01-L12-C208C154,1,1,1,1,1
241023164810_B121_SKII13126-121-YY2-1-241023164810,B121,,LC002901-S01-D01-L12-C208C160,1,1,1,1,1
241023164810_B121_SKII13126-121-YY2-1-241023164810,B121,,LC002922-S01-D01-L12-C206C177,1,1,1,0.833333333,1
241023164810_B121_SKII13126-121-YY2-1-241023164810,B121,,LC001929-S01-D01-L12-C206C184,1,1,1,0.833333333,1
241023164810_B121_SKII13126-121-YY2-1-241023164810,B121,,LC002060-S01-D01-L12-C206C190,1,1,1,1,1
241023164810_B121_SKII13126-121-YY2-1-241023164810,B121,,LC002521-S01-D01-L12-C206C191,1,1,1,1,1
241023164810_B121_SKII13126-121-YY2-1-241023164810,B121,,LC002635-S01-D01-L12-C206C102,0.973684211,1,1,1,1
241023164810_B121_SKII13126-121-YY2-1-241023164810,B121,,LC002636-S01-D01-L12-C206C103,1,1,1,1,1
241024151121_B115_SKII13133-115-YY2-1-241024151122,B115,,LC002665-S01-D01-L12-C206C106,1,1,1,0.833333333,1
241024151121_B115_SKII13133-115-YY2-1-241024151122,B115,,LC002711-S01-D01-L12-C206C111,1,1,1,1,1
241024151121_B115_SKII13133-115-YY2-1-241024151122,B115,,LC002712-S01-D01-L12-C206C112,1,1,1,1,1
241024151121_B115_SKII13133-115-YY2-1-241024151122,B115,,LC002719-S01-D01-L12-C206C116,1,1,1,1,1
241024151121_B115_SKII13133-115-YY2-1-241024151122,B115,,LC002693-S01-D01-L12-C206C107,1,1,1,0.833333333,1
241024151121_B115_SKII13133-115-YY2-1-241024151122,B115,,LC002714-S01-D01-L12-C206C113,1,1,1,1,1
241024151121_B115_SKII13133-115-YY2-1-241024151122,B115,,LC002909-S01-D01-L12-C206C165,1,1,1,1,1
241024151121_B115_SKII13133-115-YY2-1-241024151122,B115,,LC002303-S01-D01-L12-C208C143,1,1,1,1,1
241024151121_B115_SKII13133-115-YY2-1-241024151122,B115,,LC002480-S01-D01-L12-C208C138,1,1,1,1,1
241024151121_B115_SKII13133-115-YY2-1-241024151122,B115,,LC002692-S01-D01-L12-C208C156,1,1,1,1,1
241024151121_B115_SKII13133-115-YY2-1-241024151122,B115,,LC002312-S01-D01-L12-C208C145,1,1,1,1,1
241024151121_B115_SKII13133-115-YY2-1-241024151122,B115,,LC002647-S01-D01-L12-C206C104,1,1,1,0.833333333,1
241024151121_B115_SKII13133-115-YY2-1-241024151122,B115,,LC002664-S01-D01-L12-C206C105,1,1,1,1,1
241024151121_B115_SKII13133-115-YY2-1-241024151122,B115,,LC001876-S02-D01-L12-C206C130,1,1,1,1,1
241024151121_B115_SKII13133-115-YY2-1-241024151122,B115,,CN001477-S09-D04-L13-C206C131,1,1,1,1,1
241024151121_B115_SKII13133-115-YY2-1-241024151122,B115,,LC002658-S01-D01-L12-C208C154,1,1,1,1,1
241024151121_B115_SKII13133-115-YY2-1-241024151122,B115,,LC002901-S01-D01-L12-C208C160,1,1,1,1,1
241024151121_B115_SKII13133-115-YY2-1-241024151122,B115,,LC002922-S01-D01-L12-C206C177,1,1,1,1,1
241024151121_B115_SKII13133-115-YY2-1-241024151122,B115,,LC001929-S01-D01-L12-C206C184,1,1,1,0.833333333,1
241024151121_B115_SKII13133-115-YY2-1-241024151122,B115,,LC002060-S01-D01-L12-C206C190,1,1,1,1,1
241024151121_B115_SKII13133-115-YY2-1-241024151122,B115,,LC002521-S01-D01-L12-C206C191,1,1,1,1,1
241024151121_B115_SKII13133-115-YY2-1-241024151122,B115,,LC002635-S01-D01-L12-C206C102,0.973684211,1,1,1,1
241024151121_B115_SKII13133-115-YY2-1-241024151122,B115,,LC002636-S01-D01-L12-C206C103,1,1,1,1,1
241025162532_B116_SKII13141-116-YY2-2-241025162531,B116,,LC002665-S01-D01-L12-C206C106,1,1,1,0.833333333,1
241025162532_B116_SKII13141-116-YY2-2-241025162531,B116,,LC002711-S01-D01-L12-C206C111,1,1,1,1,1
241025162532_B116_SKII13141-116-YY2-2-241025162531,B116,,LC002712-S01-D01-L12-C206C112,1,1,1,1,1
241025162532_B116_SKII13141-116-YY2-2-241025162531,B116,,LC002719-S01-D01-L12-C206C116,1,1,1,1,1
241025162532_B116_SKII13141-116-YY2-2-241025162531,B116,,LC002693-S01-D01-L12-C206C107,1,1,1,0.833333333,1
241025162532_B116_SKII13141-116-YY2-2-241025162531,B116,,LC002714-S01-D01-L12-C206C113,1,1,1,1,1
241025162532_B116_SKII13141-116-YY2-2-241025162531,B116,,LC002909-S01-D01-L12-C206C165,1,1,1,1,1
241025162532_B116_SKII13141-116-YY2-2-241025162531,B116,,LC002303-S01-D01-L12-C208C143,1,1,1,0.833333333,1
241025162532_B116_SKII13141-116-YY2-2-241025162531,B116,,LC002480-S01-D01-L12-C208C138,1,1,1,1,1
241025162532_B116_SKII13141-116-YY2-2-241025162531,B116,,LC002692-S01-D01-L12-C208C156,1,1,1,1,1
241025162532_B116_SKII13141-116-YY2-2-241025162531,B116,,LC002312-S01-D01-L12-C208C145,1,1,1,1,1
241025162532_B116_SKII13141-116-YY2-2-241025162531,B116,,LC002647-S01-D01-L12-C206C104,1,1,1,0.833333333,1
241025162532_B116_SKII13141-116-YY2-2-241025162531,B116,,LC002664-S01-D01-L12-C206C105,1,1,1,1,1
241025162532_B116_SKII13141-116-YY2-2-241025162531,B116,,LC001876-S02-D01-L12-C206C130,1,1,1,0.833333333,1
241025162532_B116_SKII13141-116-YY2-2-241025162531,B116,,CN001477-S09-D04-L13-C206C131,1,1,1,1,1
241025162532_B116_SKII13141-116-YY2-2-241025162531,B116,,LC002658-S01-D01-L12-C208C154,1,1,1,1,1
241025162532_B116_SKII13141-116-YY2-2-241025162531,B116,,LC002901-S01-D01-L12-C208C160,1,1,1,1,1
241025162532_B116_SKII13141-116-YY2-2-241025162531,B116,,LC002922-S01-D01-L12-C206C177,1,1,1,0.833333333,1
241025162532_B116_SKII13141-116-YY2-2-241025162531,B116,,LC001929-S01-D01-L12-C206C184,1,1,1,1,1
241025162532_B116_SKII13141-116-YY2-2-241025162531,B116,,LC002060-S01-D01-L12-C206C190,1,1,1,1,1
241025162532_B116_SKII13141-116-YY2-2-241025162531,B116,,LC002521-S01-D01-L12-C206C191,1,1,1,1,1
241025162532_B116_SKII13141-116-YY2-2-241025162531,B116,,LC002635-S01-D01-L12-C206C102,0.973684211,1,1,1,1
241025162532_B116_SKII13141-116-YY2-2-241025162531,B116,,LC002636-S01-D01-L12-C206C103,1,1,1,1,1
241026150107_B121_SKII13147-121-YY2-2-241026150108,B121,,LC002665-S01-D01-L12-C206C106,1,1,1,1,1
241026150107_B121_SKII13147-121-YY2-2-241026150108,B121,,LC002711-S01-D01-L12-C206C111,1,1,1,1,1
241026150107_B121_SKII13147-121-YY2-2-241026150108,B121,,LC002712-S01-D01-L12-C206C112,1,1,1,1,1
241026150107_B121_SKII13147-121-YY2-2-241026150108,B121,,LC002719-S01-D01-L12-C206C116,1,1,1,1,1
241026150107_B121_SKII13147-121-YY2-2-241026150108,B121,,LC002693-S01-D01-L12-C206C107,1,1,1,0.833333333,1
241026150107_B121_SKII13147-121-YY2-2-241026150108,B121,,LC002714-S01-D01-L12-C206C113,1,1,1,1,1
241026150107_B121_SKII13147-121-YY2-2-241026150108,B121,,LC002909-S01-D01-L12-C206C165,1,1,1,1,1
241026150107_B121_SKII13147-121-YY2-2-241026150108,B121,,LC002303-S01-D01-L12-C208C143,1,1,1,1,1
241026150107_B121_SKII13147-121-YY2-2-241026150108,B121,,LC002480-S01-D01-L12-C208C138,1,1,1,1,1
241026150107_B121_SKII13147-121-YY2-2-241026150108,B121,,LC002692-S01-D01-L12-C208C156,1,1,1,1,1
241026150107_B121_SKII13147-121-YY2-2-241026150108,B121,,LC002312-S01-D01-L12-C208C145,1,1,1,1,1
241026150107_B121_SKII13147-121-YY2-2-241026150108,B121,,LC002647-S01-D01-L12-C206C104,1,1,1,0.833333333,1
241026150107_B121_SKII13147-121-YY2-2-241026150108,B121,,LC002664-S01-D01-L12-C206C105,1,1,1,1,1
241026150107_B121_SKII13147-121-YY2-2-241026150108,B121,,LC001876-S02-D01-L12-C206C130,1,1,1,1,1
241026150107_B121_SKII13147-121-YY2-2-241026150108,B121,,CN001477-S09-D04-L13-C206C131,1,1,1,1,1
241026150107_B121_SKII13147-121-YY2-2-241026150108,B121,,LC002658-S01-D01-L12-C208C154,1,1,1,1,1
241026150107_B121_SKII13147-121-YY2-2-241026150108,B121,,LC002901-S01-D01-L12-C208C160,1,1,1,1,1
241026150107_B121_SKII13147-121-YY2-2-241026150108,B121,,LC002922-S01-D01-L12-C206C177,1,1,1,1,1
241026150107_B121_SKII13147-121-YY2-2-241026150108,B121,,LC001929-S01-D01-L12-C206C184,1,1,1,0.833333333,1
241026150107_B121_SKII13147-121-YY2-2-241026150108,B121,,LC002060-S01-D01-L12-C206C190,1,1,1,1,1
241026150107_B121_SKII13147-121-YY2-2-241026150108,B121,,LC002521-S01-D01-L12-C206C191,1,1,1,1,1
241026150107_B121_SKII13147-121-YY2-2-241026150108,B121,,LC002635-S01-D01-L12-C206C102,0.973684211,1,1,1,1
241026150107_B121_SKII13147-121-YY2-2-241026150108,B121,,LC002636-S01-D01-L12-C206C103,1,1,1,1,1
241026152151_B115_SKII13148-115-YY2-2-241026152151,B115,,LC002665-S01-D01-L12-C206C106,1,1,1,1,1
241026152151_B115_SKII13148-115-YY2-2-241026152151,B115,,LC002711-S01-D01-L12-C206C111,1,1,1,1,1
241026152151_B115_SKII13148-115-YY2-2-241026152151,B115,,LC002712-S01-D01-L12-C206C112,1,1,1,1,1
241026152151_B115_SKII13148-115-YY2-2-241026152151,B115,,LC002719-S01-D01-L12-C206C116,1,1,1,1,1
241026152151_B115_SKII13148-115-YY2-2-241026152151,B115,,LC002693-S01-D01-L12-C206C107,1,1,1,0.833333333,1
241026152151_B115_SKII13148-115-YY2-2-241026152151,B115,,LC002714-S01-D01-L12-C206C113,1,1,1,1,1
241026152151_B115_SKII13148-115-YY2-2-241026152151,B115,,LC002909-S01-D01-L12-C206C165,1,1,1,1,1
241026152151_B115_SKII13148-115-YY2-2-241026152151,B115,,LC002303-S01-D01-L12-C208C143,1,1,1,1,1
241026152151_B115_SKII13148-115-YY2-2-241026152151,B115,,LC002480-S01-D01-L12-C208C138,1,1,1,1,1
241026152151_B115_SKII13148-115-YY2-2-241026152151,B115,,LC002692-S01-D01-L12-C208C156,1,1,1,1,1
241026152151_B115_SKII13148-115-YY2-2-241026152151,B115,,LC002312-S01-D01-L12-C208C145,1,1,1,1,1
241026152151_B115_SKII13148-115-YY2-2-241026152151,B115,,LC002647-S01-D01-L12-C206C104,1,1,1,0.833333333,1
241026152151_B115_SKII13148-115-YY2-2-241026152151,B115,,LC002664-S01-D01-L12-C206C105,1,1,1,1,1
241026152151_B115_SKII13148-115-YY2-2-241026152151,B115,,LC001876-S02-D01-L12-C206C130,1,1,1,0.833333333,1
241026152151_B115_SKII13148-115-YY2-2-241026152151,B115,,CN001477-S09-D04-L13-C206C131,1,1,1,1,1
241026152151_B115_SKII13148-115-YY2-2-241026152151,B115,,LC002658-S01-D01-L12-C208C154,1,1,1,1,1
241026152151_B115_SKII13148-115-YY2-2-241026152151,B115,,LC002901-S01-D01-L12-C208C160,1,1,1,1,1
241026152151_B115_SKII13148-115-YY2-2-241026152151,B115,,LC002922-S01-D01-L12-C206C177,1,1,1,1,1
241026152151_B115_SKII13148-115-YY2-2-241026152151,B115,,LC001929-S01-D01-L12-C206C184,1,1,1,0.833333333,1
241026152151_B115_SKII13148-115-YY2-2-241026152151,B115,,LC002060-S01-D01-L12-C206C190,1,1,1,1,1
241026152151_B115_SKII13148-115-YY2-2-241026152151,B115,,LC002521-S01-D01-L12-C206C191,1,1,1,1,1
241026152151_B115_SKII13148-115-YY2-2-241026152151,B115,,LC002635-S01-D01-L12-C206C102,0.973684211,1,1,1,1
241026152151_B115_SKII13148-115-YY2-2-241026152151,B115,,LC002636-S01-D01-L12-C206C103,1,1,1,1,1
241027150041_B116_SKII13151-116-YY2-3-241027150041,B116,,LC002665-S01-D01-L12-C206C106,1,1,1,0.833333333,1
241027150041_B116_SKII13151-116-YY2-3-241027150041,B116,,LC002711-S01-D01-L12-C206C111,1,1,1,1,1
241027150041_B116_SKII13151-116-YY2-3-241027150041,B116,,LC002712-S01-D01-L12-C206C112,1,1,1,1,1
241027150041_B116_SKII13151-116-YY2-3-241027150041,B116,,LC002719-S01-D01-L12-C206C116,1,1,1,1,1
241027150041_B116_SKII13151-116-YY2-3-241027150041,B116,,LC002693-S01-D01-L12-C206C107,1,1,1,1,1
241027150041_B116_SKII13151-116-YY2-3-241027150041,B116,,LC002714-S01-D01-L12-C206C113,1,1,1,1,1
241027150041_B116_SKII13151-116-YY2-3-241027150041,B116,,LC002909-S01-D01-L12-C206C165,1,1,1,1,1
241027150041_B116_SKII13151-116-YY2-3-241027150041,B116,,LC002303-S01-D01-L12-C208C143,1,1,1,1,1
241027150041_B116_SKII13151-116-YY2-3-241027150041,B116,,LC002480-S01-D01-L12-C208C138,1,1,1,1,1
241027150041_B116_SKII13151-116-YY2-3-241027150041,B116,,LC002692-S01-D01-L12-C208C156,1,1,1,1,1
241027150041_B116_SKII13151-116-YY2-3-241027150041,B116,,LC002312-S01-D01-L12-C208C145,1,1,1,1,1
241027150041_B116_SKII13151-116-YY2-3-241027150041,B116,,LC002647-S01-D01-L12-C206C104,1,1,1,0.833333333,1
241027150041_B116_SKII13151-116-YY2-3-241027150041,B116,,LC002664-S01-D01-L12-C206C105,1,1,1,1,1
241027150041_B116_SKII13151-116-YY2-3-241027150041,B116,,LC001876-S02-D01-L12-C206C130,1,1,1,0.833333333,1
241027150041_B116_SKII13151-116-YY2-3-241027150041,B116,,CN001477-S09-D04-L13-C206C131,1,1,1,1,1
241027150041_B116_SKII13151-116-YY2-3-241027150041,B116,,LC002658-S01-D01-L12-C208C154,1,1,1,1,1
241027150041_B116_SKII13151-116-YY2-3-241027150041,B116,,LC002901-S01-D01-L12-C208C160,1,1,1,1,1
241027150041_B116_SKII13151-116-YY2-3-241027150041,B116,,LC002922-S01-D01-L12-C206C177,1,1,1,0.833333333,1
241027150041_B116_SKII13151-116-YY2-3-241027150041,B116,,LC001929-S01-D01-L12-C206C184,1,1,1,0.833333333,1
241027150041_B116_SKII13151-116-YY2-3-241027150041,B116,,LC002060-S01-D01-L12-C206C190,1,1,1,1,1
241027150041_B116_SKII13151-116-YY2-3-241027150041,B116,,LC002521-S01-D01-L12-C206C191,1,1,1,1,1
241027150041_B116_SKII13151-116-YY2-3-241027150041,B116,,LC002635-S01-D01-L12-C206C102,0.973684211,1,1,1,1
241027150041_B116_SKII13151-116-YY2-3-241027150041,B116,,LC002636-S01-D01-L12-C206C103,1,1,1,1,1
241028160314_B121_SKII13155-121-YY2-3-241028160314,B121,,LC002665-S01-D01-L12-C206C106,1,1,1,1,1
241028160314_B121_SKII13155-121-YY2-3-241028160314,B121,,LC002711-S01-D01-L12-C206C111,1,1,1,1,1
241028160314_B121_SKII13155-121-YY2-3-241028160314,B121,,LC002712-S01-D01-L12-C206C112,1,1,1,1,1
241028160314_B121_SKII13155-121-YY2-3-241028160314,B121,,LC002719-S01-D01-L12-C206C116,1,1,1,1,1
241028160314_B121_SKII13155-121-YY2-3-241028160314,B121,,LC002693-S01-D01-L12-C206C107,1,1,1,0.833333333,1
241028160314_B121_SKII13155-121-YY2-3-241028160314,B121,,LC002714-S01-D01-L12-C206C113,1,1,1,1,1
241028160314_B121_SKII13155-121-YY2-3-241028160314,B121,,LC002909-S01-D01-L12-C206C165,1,1,1,1,1
241028160314_B121_SKII13155-121-YY2-3-241028160314,B121,,LC002303-S01-D01-L12-C208C143,1,1,1,1,1
241028160314_B121_SKII13155-121-YY2-3-241028160314,B121,,LC002480-S01-D01-L12-C208C138,1,1,1,1,1
241028160314_B121_SKII13155-121-YY2-3-241028160314,B121,,LC002692-S01-D01-L12-C208C156,1,1,1,1,1
241028160314_B121_SKII13155-121-YY2-3-241028160314,B121,,LC002312-S01-D01-L12-C208C145,1,1,1,1,1
241028160314_B121_SKII13155-121-YY2-3-241028160314,B121,,LC002647-S01-D01-L12-C206C104,1,1,1,0.833333333,1
241028160314_B121_SKII13155-121-YY2-3-241028160314,B121,,LC002664-S01-D01-L12-C206C105,1,1,1,1,1
241028160314_B121_SKII13155-121-YY2-3-241028160314,B121,,LC001876-S02-D01-L12-C206C130,1,1,1,0.833333333,1
241028160314_B121_SKII13155-121-YY2-3-241028160314,B121,,CN001477-S09-D04-L13-C206C131,1,1,1,1,1
241028160314_B121_SKII13155-121-YY2-3-241028160314,B121,,LC002658-S01-D01-L12-C208C154,1,1,1,1,1
241028160314_B121_SKII13155-121-YY2-3-241028160314,B121,,LC002901-S01-D01-L12-C208C160,1,1,1,1,1
241028160314_B121_SKII13155-121-YY2-3-241028160314,B121,,LC002922-S01-D01-L12-C206C177,1,1,1,1,1
241028160314_B121_SKII13155-121-YY2-3-241028160314,B121,,LC001929-S01-D01-L12-C206C184,1,1,1,0.833333333,1
241028160314_B121_SKII13155-121-YY2-3-241028160314,B121,,LC002060-S01-D01-L12-C206C190,1,1,1,1,1
241028160314_B121_SKII13155-121-YY2-3-241028160314,B121,,LC002521-S01-D01-L12-C206C191,1,1,1,1,1
241028160314_B121_SKII13155-121-YY2-3-241028160314,B121,,LC002635-S01-D01-L12-C206C102,0.973684211,1,1,1,1
241028160314_B121_SKII13155-121-YY2-3-241028160314,B121,,LC002636-S01-D01-L12-C206C103,1,1,1,1,1
241024172116_B130_SKII13138-1011N29-241024172117,B130,,LC002665-S01-D01-L12-C206C106,1,1,1,1,1
241024172116_B130_SKII13138-1011N29-241024172117,B130,,LC002711-S01-D01-L12-C206C111,1,1,1,1,1
241024172116_B130_SKII13138-1011N29-241024172117,B130,,LC002712-S01-D01-L12-C206C112,1,1,1,1,1
241024172116_B130_SKII13138-1011N29-241024172117,B130,,LC002719-S01-D01-L12-C206C116,1,1,1,1,1
241024172116_B130_SKII13138-1011N29-241024172117,B130,,LC002693-S01-D01-L12-C206C107,1,1,1,0.833333333,1
241024172116_B130_SKII13138-1011N29-241024172117,B130,,LC002714-S01-D01-L12-C206C113,1,1,1,1,1
241024172116_B130_SKII13138-1011N29-241024172117,B130,,LC002909-S01-D01-L12-C206C165,1,1,1,1,1
241024172116_B130_SKII13138-1011N29-241024172117,B130,,LC002303-S01-D01-L12-C208C143,1,1,1,1,1
241024172116_B130_SKII13138-1011N29-241024172117,B130,,LC002480-S01-D01-L12-C208C138,1,1,1,1,1
241024172116_B130_SKII13138-1011N29-241024172117,B130,,LC002692-S01-D01-L12-C208C156,1,1,1,1,1
241024172116_B130_SKII13138-1011N29-241024172117,B130,,LC002312-S01-D01-L12-C208C145,1,1,1,1,1
241024172116_B130_SKII13138-1011N29-241024172117,B130,,LC002647-S01-D01-L12-C206C104,1,1,1,0.833333333,1
241024172116_B130_SKII13138-1011N29-241024172117,B130,,LC002664-S01-D01-L12-C206C105,1,1,1,1,1
241024172116_B130_SKII13138-1011N29-241024172117,B130,,LC001876-S02-D01-L12-C206C130,1,1,1,1,1
241024172116_B130_SKII13138-1011N29-241024172117,B130,,CN001477-S09-D04-L13-C206C131,1,1,1,1,1
241024172116_B130_SKII13138-1011N29-241024172117,B130,,LC002658-S01-D01-L12-C208C154,1,1,1,0.833333333,1
241024172116_B130_SKII13138-1011N29-241024172117,B130,,LC002901-S01-D01-L12-C208C160,1,1,1,1,1
241024172116_B130_SKII13138-1011N29-241024172117,B130,,LC002922-S01-D01-L12-C206C177,1,1,1,1,1
241024172116_B130_SKII13138-1011N29-241024172117,B130,,LC001929-S01-D01-L12-C206C184,1,1,1,0.833333333,1
241024172116_B130_SKII13138-1011N29-241024172117,B130,,LC002060-S01-D01-L12-C206C190,1,1,1,1,1
241024172116_B130_SKII13138-1011N29-241024172117,B130,,LC002521-S01-D01-L12-C206C191,1,1,1,1,1
241024172116_B130_SKII13138-1011N29-241024172117,B130,,LC002635-S01-D01-L12-C206C102,0.973684211,1,1,1,1
241024172116_B130_SKII13138-1011N29-241024172117,B130,,LC002636-S01-D01-L12-C206C103,1,1,1,1,1
241026165346_B130_SKII13144-121021N12-241026165347,B130,,LC002665-S01-D01-L12-C206C106,1,1,1,1,1
241026165346_B130_SKII13144-121021N12-241026165347,B130,,LC002711-S01-D01-L12-C206C111,1,1,1,1,1
241026165346_B130_SKII13144-121021N12-241026165347,B130,,LC002712-S01-D01-L12-C206C112,1,1,1,1,1
241026165346_B130_SKII13144-121021N12-241026165347,B130,,LC002719-S01-D01-L12-C206C116,1,1,1,1,1
241026165346_B130_SKII13144-121021N12-241026165347,B130,,LC002693-S01-D01-L12-C206C107,1,1,1,0.833333333,1
241026165346_B130_SKII13144-121021N12-241026165347,B130,,LC002714-S01-D01-L12-C206C113,1,1,1,1,1
241026165346_B130_SKII13144-121021N12-241026165347,B130,,LC002909-S01-D01-L12-C206C165,1,1,1,1,1
241026165346_B130_SKII13144-121021N12-241026165347,B130,,LC002303-S01-D01-L12-C208C143,1,1,1,1,1
241026165346_B130_SKII13144-121021N12-241026165347,B130,,LC002480-S01-D01-L12-C208C138,1,1,1,1,1
241026165346_B130_SKII13144-121021N12-241026165347,B130,,LC002692-S01-D01-L12-C208C156,1,1,1,1,1
241026165346_B130_SKII13144-121021N12-241026165347,B130,,LC002312-S01-D01-L12-C208C145,1,1,1,1,1
241026165346_B130_SKII13144-121021N12-241026165347,B130,,LC002647-S01-D01-L12-C206C104,1,1,1,0.833333333,1
241026165346_B130_SKII13144-121021N12-241026165347,B130,,LC002664-S01-D01-L12-C206C105,1,1,1,1,1
241026165346_B130_SKII13144-121021N12-241026165347,B130,,LC001876-S02-D01-L12-C206C130,1,1,1,1,1
241026165346_B130_SKII13144-121021N12-241026165347,B130,,CN001477-S09-D04-L13-C206C131,1,1,1,1,1
241026165346_B130_SKII13144-121021N12-241026165347,B130,,LC002658-S01-D01-L12-C208C154,1,1,1,1,1
241026165346_B130_SKII13144-121021N12-241026165347,B130,,LC002901-S01-D01-L12-C208C160,1,1,1,1,1
241026165346_B130_SKII13144-121021N12-241026165347,B130,,LC002922-S01-D01-L12-C206C177,1,1,1,0.833333333,1
241026165346_B130_SKII13144-121021N12-241026165347,B130,,LC001929-S01-D01-L12-C206C184,1,1,1,1,1
241026165346_B130_SKII13144-121021N12-241026165347,B130,,LC002060-S01-D01-L12-C206C190,1,1,1,1,1
241026165346_B130_SKII13144-121021N12-241026165347,B130,,LC002521-S01-D01-L12-C206C191,1,1,1,1,1
241026165346_B130_SKII13144-121021N12-241026165347,B130,,LC002635-S01-D01-L12-C206C102,0.973684211,1,1,1,1
241026165346_B130_SKII13144-121021N12-241026165347,B130,,LC002636-S01-D01-L12-C206C103,1,1,1,1,1
PL2402402_-,-,,LC002665-S01-D01-L12-C206C106,1,1,1,1,1
PL2402402_-,-,,LC002711-S01-D01-L12-C206C111,1,1,1,1,1
PL2402402_-,-,,LC002712-S01-D01-L12-C206C112,1,1,1,1,1
PL2402402_-,-,,LC002719-S01-D01-L12-C206C116,1,1,1,1,1
PL2402402_-,-,,LC002693-S01-D01-L12-C206C107,1,1,1,0.833333333,1
PL2402402_-,-,,LC002714-S01-D01-L12-C206C113,1,1,1,0.833333333,1
PL2402402_-,-,,LC002909-S01-D01-L12-C206C165,1,1,1,1,1
PL2402402_-,-,,LC002303-S01-D01-L12-C208C143,1,1,1,1,1
PL2402402_-,-,,LC002480-S01-D01-L12-C208C138,1,1,1,1,1
PL2402402_-,-,,LC002692-S01-D01-L12-C208C156,1,1,1,1,1
PL2402402_-,-,,LC002312-S01-D01-L12-C208C145,1,1,1,1,1
PL2402402_-,-,,LC002647-S01-D01-L12-C206C104,1,1,1,1,1
PL2402402_-,-,,LC002664-S01-D01-L12-C206C105,1,1,1,1,1
PL2402402_-,-,,LC001876-S02-D01-L12-C206C130,1,1,1,0.833333333,1
PL2402402_-,-,,CN001477-S09-D04-L13-C206C131,1,1,1,1,1
PL2402402_-,-,,LC002658-S01-D01-L12-C208C154,1,1,1,1,1
PL2402402_-,-,,LC002901-S01-D01-L12-C208C160,1,1,1,1,1
PL2402402_-,-,,LC002922-S01-D01-L12-C206C177,1,1,1,1,1
PL2402402_-,-,,LC001929-S01-D01-L12-C206C184,1,1,1,1,1
PL2402402_-,-,,LC002060-S01-D01-L12-C206C190,1,1,1,1,1
PL2402402_-,-,,LC002521-S01-D01-L12-C206C191,1,1,1,1,1
PL2402402_-,-,,LC002635-S01-D01-L12-C206C102,1,1,1,1,1
PL2402402_-,-,,LC002636-S01-D01-L12-C206C103,1,1,1,1,1
GZ240557652_-,-,,LC002665-S01-D01-L12-C206C106,1,1,1,1,1
GZ240557652_-,-,,LC002711-S01-D01-L12-C206C111,1,1,1,1,1
GZ240557652_-,-,,LC002712-S01-D01-L12-C206C112,1,1,1,1,1
GZ240557652_-,-,,LC002719-S01-D01-L12-C206C116,1,1,1,1,1
GZ240557652_-,-,,LC002693-S01-D01-L12-C206C107,1,1,1,0.833333333,1
GZ240557652_-,-,,LC002714-S01-D01-L12-C206C113,1,1,1,0.833333333,1
GZ240557652_-,-,,LC002909-S01-D01-L12-C206C165,1,1,1,1,1
GZ240557652_-,-,,LC002303-S01-D01-L12-C208C143,1,1,1,1,1
GZ240557652_-,-,,LC002480-S01-D01-L12-C208C138,1,1,1,1,1
GZ240557652_-,-,,LC002692-S01-D01-L12-C208C156,1,1,1,1,1
GZ240557652_-,-,,LC002312-S01-D01-L12-C208C145,1,1,1,1,1
GZ240557652_-,-,,LC002647-S01-D01-L12-C206C104,1,1,1,0.833333333,1
GZ240557652_-,-,,LC002664-S01-D01-L12-C206C105,1,1,1,1,1
GZ240557652_-,-,,LC001876-S02-D01-L12-C206C130,1,1,1,0.833333333,1
GZ240557652_-,-,,CN001477-S09-D04-L13-C206C131,1,1,1,1,1
GZ240557652_-,-,,LC002658-S01-D01-L12-C208C154,1,1,1,0.833333333,1
GZ240557652_-,-,,LC002901-S01-D01-L12-C208C160,1,1,1,1,1
GZ240557652_-,-,,LC002922-S01-D01-L12-C206C177,1,1,1,1,1
GZ240557652_-,-,,LC001929-S01-D01-L12-C206C184,1,1,1,0.833333333,1
GZ240557652_-,-,,LC002060-S01-D01-L12-C206C190,1,1,1,1,1
GZ240557652_-,-,,LC002521-S01-D01-L12-C206C191,1,1,1,1,1
GZ240557652_-,-,,LC002635-S01-D01-L12-C206C102,1,1,1,1,1
GZ240557652_-,-,,LC002636-S01-D01-L12-C206C103,1,1,1,1,1
GZ240557663_-,-,,LC002665-S01-D01-L12-C206C106,1,1,1,1,1
GZ240557663_-,-,,LC002711-S01-D01-L12-C206C111,1,1,1,1,1
GZ240557663_-,-,,LC002712-S01-D01-L12-C206C112,1,1,1,1,1
GZ240557663_-,-,,LC002719-S01-D01-L12-C206C116,1,1,1,1,1
GZ240557663_-,-,,LC002693-S01-D01-L12-C206C107,1,1,1,0.833333333,1
GZ240557663_-,-,,LC002714-S01-D01-L12-C206C113,1,1,1,0.833333333,1
GZ240557663_-,-,,LC002909-S01-D01-L12-C206C165,1,1,1,1,1
GZ240557663_-,-,,LC002303-S01-D01-L12-C208C143,1,1,1,1,1
GZ240557663_-,-,,LC002480-S01-D01-L12-C208C138,1,1,1,1,1
GZ240557663_-,-,,LC002692-S01-D01-L12-C208C156,1,1,1,1,1
GZ240557663_-,-,,LC002312-S01-D01-L12-C208C145,1,1,1,1,1
GZ240557663_-,-,,LC002647-S01-D01-L12-C206C104,1,1,1,0.833333333,1
GZ240557663_-,-,,LC002664-S01-D01-L12-C206C105,1,1,1,1,1
GZ240557663_-,-,,LC001876-S02-D01-L12-C206C130,1,1,1,0.833333333,1
GZ240557663_-,-,,CN001477-S09-D04-L13-C206C131,1,1,1,1,1
GZ240557663_-,-,,LC002658-S01-D01-L12-C208C154,1,1,1,1,1
GZ240557663_-,-,,LC002901-S01-D01-L12-C208C160,1,1,1,1,1
GZ240557663_-,-,,LC002922-S01-D01-L12-C206C177,1,1,1,1,1
GZ240557663_-,-,,LC001929-S01-D01-L12-C206C184,1,1,1,1,1
GZ240557663_-,-,,LC002060-S01-D01-L12-C206C190,1,1,1,1,1
GZ240557663_-,-,,LC002521-S01-D01-L12-C206C191,1,1,1,1,1
GZ240557663_-,-,,LC002635-S01-D01-L12-C206C102,1,1,1,1,1
GZ240557663_-,-,,LC002636-S01-D01-L12-C206C103,1,1,1,1,1
PL2402602_-,-,,LC002665-S01-D01-L12-C206C106,1,1,1,1,1
PL2402602_-,-,,LC002711-S01-D01-L12-C206C111,1,1,1,1,1
PL2402602_-,-,,LC002712-S01-D01-L12-C206C112,1,1,1,1,1
PL2402602_-,-,,LC002719-S01-D01-L12-C206C116,1,1,1,1,1
PL2402602_-,-,,LC002693-S01-D01-L12-C206C107,1,1,1,0.833333333,1
PL2402602_-,-,,LC002714-S01-D01-L12-C206C113,1,1,1,1,1
PL2402602_-,-,,LC002909-S01-D01-L12-C206C165,1,1,1,1,1
PL2402602_-,-,,LC002303-S01-D01-L12-C208C143,1,1,1,1,1
PL2402602_-,-,,LC002480-S01-D01-L12-C208C138,1,1,1,1,1
PL2402602_-,-,,LC002692-S01-D01-L12-C208C156,1,1,1,1,1
PL2402602_-,-,,LC002312-S01-D01-L12-C208C145,1,1,1,1,1
PL2402602_-,-,,LC002647-S01-D01-L12-C206C104,1,1,1,1,1
PL2402602_-,-,,LC002664-S01-D01-L12-C206C105,1,1,1,1,1
PL2402602_-,-,,LC001876-S02-D01-L12-C206C130,1,1,1,1,1
PL2402602_-,-,,CN001477-S09-D04-L13-C206C131,1,1,1,1,1
PL2402602_-,-,,LC002658-S01-D01-L12-C208C154,1,1,1,1,1
PL2402602_-,-,,LC002901-S01-D01-L12-C208C160,1,1,1,1,1
PL2402602_-,-,,LC002922-S01-D01-L12-C206C177,1,1,1,1,1
PL2402602_-,-,,LC001929-S01-D01-L12-C206C184,1,1,1,0.833333333,1
PL2402602_-,-,,LC002060-S01-D01-L12-C206C190,1,1,1,1,1
PL2402602_-,-,,LC002521-S01-D01-L12-C206C191,1,1,1,1,1
PL2402602_-,-,,LC002635-S01-D01-L12-C206C102,1,1,1,1,1
PL2402602_-,-,,LC002636-S01-D01-L12-C206C103,1,1,1,1,1
250219151728_B137_SKII13548-YY2-250219151728,B137,,LC002665-S01-D01-L12-C206C106,1,1,1,1,1
250219151728_B137_SKII13548-YY2-250219151728,B137,,LC002711-S01-D01-L12-C206C111,1,1,1,1,1
250219151728_B137_SKII13548-YY2-250219151728,B137,,LC002712-S01-D01-L12-C206C112,1,1,1,1,1
250219151728_B137_SKII13548-YY2-250219151728,B137,,LC002719-S01-D01-L12-C206C116,1,1,1,1,1
250219151728_B137_SKII13548-YY2-250219151728,B137,,LC002693-S01-D01-L12-C206C107,1,1,1,0.833333333,1
250219151728_B137_SKII13548-YY2-250219151728,B137,,LC002714-S01-D01-L12-C206C113,1,1,1,1,1
250219151728_B137_SKII13548-YY2-250219151728,B137,,LC002909-S01-D01-L12-C206C165,1,1,1,1,1
250219151728_B137_SKII13548-YY2-250219151728,B137,,LC002303-S01-D01-L12-C208C143,1,1,1,1,1
250219151728_B137_SKII13548-YY2-250219151728,B137,,LC002480-S01-D01-L12-C208C138,1,1,1,1,1
250219151728_B137_SKII13548-YY2-250219151728,B137,,LC002692-S01-D01-L12-C208C156,1,1,1,1,1
250219151728_B137_SKII13548-YY2-250219151728,B137,,LC002312-S01-D01-L12-C208C145,1,1,1,1,1
250219151728_B137_SKII13548-YY2-250219151728,B137,,LC002647-S01-D01-L12-C206C104,1,1,1,0.833333333,1
250219151728_B137_SKII13548-YY2-250219151728,B137,,LC002664-S01-D01-L12-C206C105,1,1,1,1,1
250219151728_B137_SKII13548-YY2-250219151728,B137,,LC001876-S02-D01-L12-C206C130,1,1,1,0.833333333,1
250219151728_B137_SKII13548-YY2-250219151728,B137,,CN001477-S09-D04-L13-C206C131,1,1,1,1,1
250219151728_B137_SKII13548-YY2-250219151728,B137,,LC002658-S01-D01-L12-C208C154,1,1,1,1,1
250219151728_B137_SKII13548-YY2-250219151728,B137,,LC002901-S01-D01-L12-C208C160,1,1,1,1,1
250219151728_B137_SKII13548-YY2-250219151728,B137,,LC002922-S01-D01-L12-C206C177,1,1,1,1,1
250219151728_B137_SKII13548-YY2-250219151728,B137,,LC001929-S01-D01-L12-C206C184,1,1,1,0.833333333,1
250219151728_B137_SKII13548-YY2-250219151728,B137,,LC002060-S01-D01-L12-C206C190,1,1,1,1,1
250219151728_B137_SKII13548-YY2-250219151728,B137,,LC002521-S01-D01-L12-C206C191,1,1,1,1,1
250219151728_B137_SKII13548-YY2-250219151728,B137,,LC002635-S01-D01-L12-C206C102,0.973684211,1,1,1,1
250219151728_B137_SKII13548-YY2-250219151728,B137,,LC002636-S01-D01-L12-C206C103,1,1,1,1,1
250307163627_B137_SKII13657-YY2-250307163628,B137,,LC002665-S01-D01-L12-C206C106,1,1,1,1,1
250307163627_B137_SKII13657-YY2-250307163628,B137,,LC002711-S01-D01-L12-C206C111,1,1,1,1,1
250307163627_B137_SKII13657-YY2-250307163628,B137,,LC002712-S01-D01-L12-C206C112,1,1,1,1,1
250307163627_B137_SKII13657-YY2-250307163628,B137,,LC002719-S01-D01-L12-C206C116,1,1,1,1,1
250307163627_B137_SKII13657-YY2-250307163628,B137,,LC002693-S01-D01-L12-C206C107,1,1,1,1,1
250307163627_B137_SKII13657-YY2-250307163628,B137,,LC002714-S01-D01-L12-C206C113,1,1,1,1,1
250307163627_B137_SKII13657-YY2-250307163628,B137,,LC002909-S01-D01-L12-C206C165,1,1,1,1,1
250307163627_B137_SKII13657-YY2-250307163628,B137,,LC002303-S01-D01-L12-C208C143,1,1,1,1,1
250307163627_B137_SKII13657-YY2-250307163628,B137,,LC002480-S01-D01-L12-C208C138,1,1,1,1,1
250307163627_B137_SKII13657-YY2-250307163628,B137,,LC002692-S01-D01-L12-C208C156,1,1,1,1,1
250307163627_B137_SKII13657-YY2-250307163628,B137,,LC002312-S01-D01-L12-C208C145,1,1,1,1,1
250307163627_B137_SKII13657-YY2-250307163628,B137,,LC002647-S01-D01-L12-C206C104,1,1,1,0.833333333,1
250307163627_B137_SKII13657-YY2-250307163628,B137,,LC002664-S01-D01-L12-C206C105,1,1,1,1,1
250307163627_B137_SKII13657-YY2-250307163628,B137,,LC001876-S02-D01-L12-C206C130,1,1,1,1,1
250307163627_B137_SKII13657-YY2-250307163628,B137,,CN001477-S09-D04-L13-C206C131,1,1,1,1,1
250307163627_B137_SKII13657-YY2-250307163628,B137,,LC002658-S01-D01-L12-C208C154,1,1,1,1,1
250307163627_B137_SKII13657-YY2-250307163628,B137,,LC002901-S01-D01-L12-C208C160,1,1,1,1,1
250307163627_B137_SKII13657-YY2-250307163628,B137,,LC002922-S01-D01-L12-C206C177,1,1,1,1,1
250307163627_B137_SKII13657-YY2-250307163628,B137,,LC001929-S01-D01-L12-C206C184,1,1,1,0.833333333,1
250307163627_B137_SKII13657-YY2-250307163628,B137,,LC002060-S01-D01-L12-C206C190,1,1,1,1,1
250307163627_B137_SKII13657-YY2-250307163628,B137,,LC002521-S01-D01-L12-C206C191,1,1,1,1,1
250307163627_B137_SKII13657-YY2-250307163628,B137,,LC002635-S01-D01-L12-C206C102,0.973684211,1,1,1,1
250307163627_B137_SKII13657-YY2-250307163628,B137,,LC002636-S01-D01-L12-C206C103,1,1,1,1,1
250314152904_B096_SKII13727-QC6-100M-1-250314152905,B096,,LC002665-S01-D01-L12-C206C106,1,1,1,1,1
250314152904_B096_SKII13727-QC6-100M-1-250314152905,B096,,LC002711-S01-D01-L12-C206C111,1,1,1,1,1
250314152904_B096_SKII13727-QC6-100M-1-250314152905,B096,,LC002712-S01-D01-L12-C206C112,1,1,1,1,1
250314152904_B096_SKII13727-QC6-100M-1-250314152905,B096,,LC002719-S01-D01-L12-C206C116,1,1,1,1,1
250314152904_B096_SKII13727-QC6-100M-1-250314152905,B096,,LC002693-S01-D01-L12-C206C107,1,1,1,0.833333333,1
250314152904_B096_SKII13727-QC6-100M-1-250314152905,B096,,LC002714-S01-D01-L12-C206C113,1,1,1,1,1
250314152904_B096_SKII13727-QC6-100M-1-250314152905,B096,,LC002909-S01-D01-L12-C206C165,1,1,1,1,1
250314152904_B096_SKII13727-QC6-100M-1-250314152905,B096,,LC002303-S01-D01-L12-C208C143,1,1,1,1,1
250314152904_B096_SKII13727-QC6-100M-1-250314152905,B096,,LC002480-S01-D01-L12-C208C138,1,1,1,1,1
250314152904_B096_SKII13727-QC6-100M-1-250314152905,B096,,LC002692-S01-D01-L12-C208C156,1,1,1,1,1
250314152904_B096_SKII13727-QC6-100M-1-250314152905,B096,,LC002312-S01-D01-L12-C208C145,1,1,1,1,1
250314152904_B096_SKII13727-QC6-100M-1-250314152905,B096,,LC002647-S01-D01-L12-C206C104,1,1,1,0.833333333,1
250314152904_B096_SKII13727-QC6-100M-1-250314152905,B096,,LC002664-S01-D01-L12-C206C105,1,1,1,1,1
250314152904_B096_SKII13727-QC6-100M-1-250314152905,B096,,LC001876-S02-D01-L12-C206C130,1,1,1,0.833333333,1
250314152904_B096_SKII13727-QC6-100M-1-250314152905,B096,,CN001477-S09-D04-L13-C206C131,1,1,1,1,1
250314152904_B096_SKII13727-QC6-100M-1-250314152905,B096,,LC002658-S01-D01-L12-C208C154,1,1,1,1,1
250314152904_B096_SKII13727-QC6-100M-1-250314152905,B096,,LC002901-S01-D01-L12-C208C160,1,1,1,1,1
250314152904_B096_SKII13727-QC6-100M-1-250314152905,B096,,LC002922-S01-D01-L12-C206C177,1,1,1,1,1
250314152904_B096_SKII13727-QC6-100M-1-250314152905,B096,,LC001929-S01-D01-L12-C206C184,1,1,1,0.833333333,1
250314152904_B096_SKII13727-QC6-100M-1-250314152905,B096,,LC002060-S01-D01-L12-C206C190,1,1,1,1,1
250314152904_B096_SKII13727-QC6-100M-1-250314152905,B096,,LC002521-S01-D01-L12-C206C191,1,1,1,1,1
250314152904_B096_SKII13727-QC6-100M-1-250314152905,B096,,LC002635-S01-D01-L12-C206C102,0.973684211,1,1,1,1
250314152904_B096_SKII13727-QC6-100M-1-250314152905,B096,,LC002636-S01-D01-L12-C206C103,1,1,1,1,1
250315103452_B097_SKII13731-QC6-100M-1-250315103453,B097,,LC002665-S01-D01-L12-C206C106,1,1,1,0.833333333,1
250315103452_B097_SKII13731-QC6-100M-1-250315103453,B097,,LC002711-S01-D01-L12-C206C111,1,1,1,1,1
250315103452_B097_SKII13731-QC6-100M-1-250315103453,B097,,LC002712-S01-D01-L12-C206C112,1,1,1,1,1
250315103452_B097_SKII13731-QC6-100M-1-250315103453,B097,,LC002719-S01-D01-L12-C206C116,1,1,1,1,1
250315103452_B097_SKII13731-QC6-100M-1-250315103453,B097,,LC002693-S01-D01-L12-C206C107,1,1,1,0.833333333,1
250315103452_B097_SKII13731-QC6-100M-1-250315103453,B097,,LC002714-S01-D01-L12-C206C113,1,1,1,1,1
250315103452_B097_SKII13731-QC6-100M-1-250315103453,B097,,LC002909-S01-D01-L12-C206C165,1,1,1,1,1
250315103452_B097_SKII13731-QC6-100M-1-250315103453,B097,,LC002303-S01-D01-L12-C208C143,1,1,1,1,1
250315103452_B097_SKII13731-QC6-100M-1-250315103453,B097,,LC002480-S01-D01-L12-C208C138,1,1,1,1,1
250315103452_B097_SKII13731-QC6-100M-1-250315103453,B097,,LC002692-S01-D01-L12-C208C156,1,1,1,1,1
250315103452_B097_SKII13731-QC6-100M-1-250315103453,B097,,LC002312-S01-D01-L12-C208C145,1,1,1,1,1
250315103452_B097_SKII13731-QC6-100M-1-250315103453,B097,,LC002647-S01-D01-L12-C206C104,1,1,1,0.833333333,1
250315103452_B097_SKII13731-QC6-100M-1-250315103453,B097,,LC002664-S01-D01-L12-C206C105,1,1,1,1,1
250315103452_B097_SKII13731-QC6-100M-1-250315103453,B097,,LC001876-S02-D01-L12-C206C130,1,1,1,0.833333333,1
250315103452_B097_SKII13731-QC6-100M-1-250315103453,B097,,CN001477-S09-D04-L13-C206C131,1,1,1,1,1
250315103452_B097_SKII13731-QC6-100M-1-250315103453,B097,,LC002658-S01-D01-L12-C208C154,1,1,1,1,1
250315103452_B097_SKII13731-QC6-100M-1-250315103453,B097,,LC002901-S01-D01-L12-C208C160,1,1,1,1,1
250315103452_B097_SKII13731-QC6-100M-1-250315103453,B097,,LC002922-S01-D01-L12-C206C177,1,1,1,1,1
250315103452_B097_SKII13731-QC6-100M-1-250315103453,B097,,LC001929-S01-D01-L12-C206C184,1,1,1,0.833333333,1
250315103452_B097_SKII13731-QC6-100M-1-250315103453,B097,,LC002060-S01-D01-L12-C206C190,1,1,1,1,1
250315103452_B097_SKII13731-QC6-100M-1-250315103453,B097,,LC002521-S01-D01-L12-C206C191,1,1,1,1,1
250315103452_B097_SKII13731-QC6-100M-1-250315103453,B097,,LC002635-S01-D01-L12-C206C102,0.973684211,1,1,1,1
250315103452_B097_SKII13731-QC6-100M-1-250315103453,B097,,LC002636-S01-D01-L12-C206C103,1,1,1,1,1
250506154409_B085_SK13920_RPA-B-YY2-250506154409,B085,,LC002665-S01-D01-L12-C206C106,1,1,1,1,1
250506154409_B085_SK13920_RPA-B-YY2-250506154409,B085,,LC002711-S01-D01-L12-C206C111,0.970588235,1,1,1,1
250506154409_B085_SK13920_RPA-B-YY2-250506154409,B085,,LC002712-S01-D01-L12-C206C112,1,1,1,1,1
250506154409_B085_SK13920_RPA-B-YY2-250506154409,B085,,LC002719-S01-D01-L12-C206C116,1,1,1,1,1
250506154409_B085_SK13920_RPA-B-YY2-250506154409,B085,,LC002693-S01-D01-L12-C206C107,1,1,1,1,1
250506154409_B085_SK13920_RPA-B-YY2-250506154409,B085,,LC002714-S01-D01-L12-C206C113,1,1,1,0.833333333,1
250506154409_B085_SK13920_RPA-B-YY2-250506154409,B085,,LC002909-S01-D01-L12-C206C165,1,1,1,1,1
250506154409_B085_SK13920_RPA-B-YY2-250506154409,B085,,LC002303-S01-D01-L12-C208C143,1,1,1,1,1
250506154409_B085_SK13920_RPA-B-YY2-250506154409,B085,,LC002480-S01-D01-L12-C208C138,1,1,1,1,1
250506154409_B085_SK13920_RPA-B-YY2-250506154409,B085,,LC002692-S01-D01-L12-C208C156,1,1,1,1,1
250506154409_B085_SK13920_RPA-B-YY2-250506154409,B085,,LC002312-S01-D01-L12-C208C145,1,1,1,1,1
250506154409_B085_SK13920_RPA-B-YY2-250506154409,B085,,LC002647-S01-D01-L12-C206C104,1,1,1,0.833333333,1
250506154409_B085_SK13920_RPA-B-YY2-250506154409,B085,,LC002664-S01-D01-L12-C206C105,1,1,1,1,1
250506154409_B085_SK13920_RPA-B-YY2-250506154409,B085,,LC001876-S02-D01-L12-C206C130,1,1,1,0.833333333,1
250506154409_B085_SK13920_RPA-B-YY2-250506154409,B085,,CN001477-S09-D04-L13-C206C131,1,1,1,1,1
250506154409_B085_SK13920_RPA-B-YY2-250506154409,B085,,LC002658-S01-D01-L12-C208C154,1,1,1,0.833333333,1
250506154409_B085_SK13920_RPA-B-YY2-250506154409,B085,,LC002901-S01-D01-L12-C208C160,1,1,1,1,1
250506154409_B085_SK13920_RPA-B-YY2-250506154409,B085,,LC002922-S01-D01-L12-C206C177,1,1,1,1,1
250506154409_B085_SK13920_RPA-B-YY2-250506154409,B085,,LC001929-S01-D01-L12-C206C184,1,1,1,0.833333333,1
250506154409_B085_SK13920_RPA-B-YY2-250506154409,B085,,LC002060-S01-D01-L12-C206C190,1,1,1,1,1
250506154409_B085_SK13920_RPA-B-YY2-250506154409,B085,,LC002521-S01-D01-L12-C206C191,1,1,1,1,1
250506154409_B085_SK13920_RPA-B-YY2-250506154409,B085,,LC002635-S01-D01-L12-C206C102,0.973684211,1,1,1,1
250506154409_B085_SK13920_RPA-B-YY2-250506154409,B085,,LC002636-S01-D01-L12-C206C103,1,1,1,1,1
250508152712_B094_SKII13926-RPA-B-YY2-250508152713,B094,,LC002665-S01-D01-L12-C206C106,1,1,1,1,1
250508152712_B094_SKII13926-RPA-B-YY2-250508152713,B094,,LC002711-S01-D01-L12-C206C111,1,1,1,1,1
250508152712_B094_SKII13926-RPA-B-YY2-250508152713,B094,,LC002712-S01-D01-L12-C206C112,1,1,1,1,1
250508152712_B094_SKII13926-RPA-B-YY2-250508152713,B094,,LC002719-S01-D01-L12-C206C116,1,1,1,1,1
250508152712_B094_SKII13926-RPA-B-YY2-250508152713,B094,,LC002693-S01-D01-L12-C206C107,1,1,1,0.833333333,1
250508152712_B094_SKII13926-RPA-B-YY2-250508152713,B094,,LC002714-S01-D01-L12-C206C113,1,1,1,0.833333333,1
250508152712_B094_SKII13926-RPA-B-YY2-250508152713,B094,,LC002909-S01-D01-L12-C206C165,1,1,1,1,1
250508152712_B094_SKII13926-RPA-B-YY2-250508152713,B094,,LC002303-S01-D01-L12-C208C143,1,1,1,1,1
250508152712_B094_SKII13926-RPA-B-YY2-250508152713,B094,,LC002480-S01-D01-L12-C208C138,1,1,1,1,1
250508152712_B094_SKII13926-RPA-B-YY2-250508152713,B094,,LC002692-S01-D01-L12-C208C156,1,1,1,1,1
250508152712_B094_SKII13926-RPA-B-YY2-250508152713,B094,,LC002312-S01-D01-L12-C208C145,1,1,1,1,1
250508152712_B094_SKII13926-RPA-B-YY2-250508152713,B094,,LC002647-S01-D01-L12-C206C104,1,1,1,1,1
250508152712_B094_SKII13926-RPA-B-YY2-250508152713,B094,,LC002664-S01-D01-L12-C206C105,1,1,1,1,1
250508152712_B094_SKII13926-RPA-B-YY2-250508152713,B094,,LC001876-S02-D01-L12-C206C130,1,1,1,0.833333333,1
250508152712_B094_SKII13926-RPA-B-YY2-250508152713,B094,,CN001477-S09-D04-L13-C206C131,1,1,1,1,1
250508152712_B094_SKII13926-RPA-B-YY2-250508152713,B094,,LC002658-S01-D01-L12-C208C154,1,1,1,1,1
250508152712_B094_SKII13926-RPA-B-YY2-250508152713,B094,,LC002901-S01-D01-L12-C208C160,1,1,1,1,1
250508152712_B094_SKII13926-RPA-B-YY2-250508152713,B094,,LC002922-S01-D01-L12-C206C177,1,1,1,1,1
250508152712_B094_SKII13926-RPA-B-YY2-250508152713,B094,,LC001929-S01-D01-L12-C206C184,1,1,1,1,1
250508152712_B094_SKII13926-RPA-B-YY2-250508152713,B094,,LC002060-S01-D01-L12-C206C190,1,1,1,1,1
250508152712_B094_SKII13926-RPA-B-YY2-250508152713,B094,,LC002521-S01-D01-L12-C206C191,1,1,1,1,1
250508152712_B094_SKII13926-RPA-B-YY2-250508152713,B094,,LC002635-S01-D01-L12-C206C102,0.973684211,1,1,1,1
250508152712_B094_SKII13926-RPA-B-YY2-250508152713,B094,,LC002636-S01-D01-L12-C206C103,1,1,1,1,1
251225113322_B121_SKII1477-PABD,B121,,LC002665-S01-D01-L12-C206C106,1,1,1,0.833333333,1
251225113322_B121_SKII1477-PABD,B121,,LC002711-S01-D01-L12-C206C111,1,1,1,1,1
251225113322_B121_SKII1477-PABD,B121,,LC002712-S01-D01-L12-C206C112,1,1,1,1,1
251225113322_B121_SKII1477-PABD,B121,,LC002719-S01-D01-L12-C206C116,1,1,1,1,1
251225113322_B121_SKII1477-PABD,B121,,LC002693-S01-D01-L12-C206C107,1,1,1,0.833333333,1
251225113322_B121_SKII1477-PABD,B121,,LC002714-S01-D01-L12-C206C113,1,1,1,1,1
251225113322_B121_SKII1477-PABD,B121,,LC002909-S01-D01-L12-C206C165,1,1,1,1,1
251225113322_B121_SKII1477-PABD,B121,,LC002303-S01-D01-L12-C208C143,1,1,1,1,1
251225113322_B121_SKII1477-PABD,B121,,LC002480-S01-D01-L12-C208C138,1,1,1,1,1
251225113322_B121_SKII1477-PABD,B121,,LC002692-S01-D01-L12-C208C156,1,1,1,1,1
251225113322_B121_SKII1477-PABD,B121,,LC002312-S01-D01-L12-C208C145,1,1,1,1,1
251225113322_B121_SKII1477-PABD,B121,,LC002647-S01-D01-L12-C206C104,1,1,1,0.833333333,1
251225113322_B121_SKII1477-PABD,B121,,LC002664-S01-D01-L12-C206C105,1,1,1,1,1
251225113322_B121_SKII1477-PABD,B121,,LC001876-S02-D01-L12-C206C130,1,1,1,0.833333333,1
251225113322_B121_SKII1477-PABD,B121,,CN001477-S09-D04-L13-C206C131,1,1,1,1,1
251225113322_B121_SKII1477-PABD,B121,,LC002658-S01-D01-L12-C208C154,1,1,1,1,1
251225113322_B121_SKII1477-PABD,B121,,LC002901-S01-D01-L12-C208C160,1,1,1,1,1
251225113322_B121_SKII1477-PABD,B121,,LC002922-S01-D01-L12-C206C177,1,1,1,1,1
251225113322_B121_SKII1477-PABD,B121,,LC001929-S01-D01-L12-C206C184,1,1,1,0.833333333,1
251225113322_B121_SKII1477-PABD,B121,,LC002060-S01-D01-L12-C206C190,1,1,1,1,1
251225113322_B121_SKII1477-PABD,B121,,LC002521-S01-D01-L12-C206C191,1,1,1,1,1
251225113322_B121_SKII1477-PABD,B121,,LC002635-S01-D01-L12-C206C102,0.973684211,1,1,1,1
251225113322_B121_SKII1477-PABD,B121,,LC002636-S01-D01-L12-C206C103,1,1,1,1,1
260321141809_B157_09509B0317N3-YY2-260321141812,B157,,LC002665-S01-D01-L12-C206C106,1,1,1,1,1
260321141809_B157_09509B0317N3-YY2-260321141812,B157,,LC002711-S01-D01-L12-C206C111,1,1,1,1,1
260321141809_B157_09509B0317N3-YY2-260321141812,B157,,LC002712-S01-D01-L12-C206C112,1,1,1,1,1
260321141809_B157_09509B0317N3-YY2-260321141812,B157,,LC002719-S01-D01-L12-C206C116,1,1,1,1,1
260321141809_B157_09509B0317N3-YY2-260321141812,B157,,LC002693-S01-D01-L12-C206C107,1,1,1,0.833333333,1
260321141809_B157_09509B0317N3-YY2-260321141812,B157,,LC002714-S01-D01-L12-C206C113,1,1,1,0.833333333,1
260321141809_B157_09509B0317N3-YY2-260321141812,B157,,LC002909-S01-D01-L12-C206C165,1,1,1,1,1
260321141809_B157_09509B0317N3-YY2-260321141812,B157,,LC002303-S01-D01-L12-C208C143,1,1,1,1,1
260321141809_B157_09509B0317N3-YY2-260321141812,B157,,LC002480-S01-D01-L12-C208C138,1,1,1,1,1
260321141809_B157_09509B0317N3-YY2-260321141812,B157,,LC002692-S01-D01-L12-C208C156,1,1,1,1,1
260321141809_B157_09509B0317N3-YY2-260321141812,B157,,LC002312-S01-D01-L12-C208C145,1,1,1,1,1
260321141809_B157_09509B0317N3-YY2-260321141812,B157,,LC002647-S01-D01-L12-C206C104,1,1,1,0.833333333,1
260321141809_B157_09509B0317N3-YY2-260321141812,B157,,LC002664-S01-D01-L12-C206C105,1,1,1,1,1
260321141809_B157_09509B0317N3-YY2-260321141812,B157,,LC001876-S02-D01-L12-C206C130,1,1,1,0.833333333,1
260321141809_B157_09509B0317N3-YY2-260321141812,B157,,CN001477-S09-D04-L13-C206C131,0.977272727,1,1,1,1
260321141809_B157_09509B0317N3-YY2-260321141812,B157,,LC002658-S01-D01-L12-C208C154,1,1,1,1,1
260321141809_B157_09509B0317N3-YY2-260321141812,B157,,LC002901-S01-D01-L12-C208C160,1,1,1,1,1
260321141809_B157_09509B0317N3-YY2-260321141812,B157,,LC002922-S01-D01-L12-C206C177,1,1,1,1,1
260321141809_B157_09509B0317N3-YY2-260321141812,B157,,LC001929-S01-D01-L12-C206C184,1,1,1,0.833333333,1
260321141809_B157_09509B0317N3-YY2-260321141812,B157,,LC002060-S01-D01-L12-C206C190,0.973684211,1,1,1,1
260321141809_B157_09509B0317N3-YY2-260321141812,B157,,LC002521-S01-D01-L12-C206C191,1,1,1,1,1
260321141809_B157_09509B0317N3-YY2-260321141812,B157,,LC002635-S01-D01-L12-C206C102,0.973684211,1,1,1,1
260321141809_B157_09509B0317N3-YY2-260321141812,B157,,LC002636-S01-D01-L12-C206C103,1,1,1,1,1
260404153205_B170_SKII15168-YY2-1-260404153205,B170,,LC002665-S01-D01-L12-C206C106,1,1,1,1,1
260404153205_B170_SKII15168-YY2-1-260404153205,B170,,LC002711-S01-D01-L12-C206C111,1,1,1,1,1
260404153205_B170_SKII15168-YY2-1-260404153205,B170,,LC002712-S01-D01-L12-C206C112,1,1,1,1,1
260404153205_B170_SKII15168-YY2-1-260404153205,B170,,LC002719-S01-D01-L12-C206C116,1,1,1,1,1
260404153205_B170_SKII15168-YY2-1-260404153205,B170,,LC002693-S01-D01-L12-C206C107,1,1,1,0.833333333,1
260404153205_B170_SKII15168-YY2-1-260404153205,B170,,LC002714-S01-D01-L12-C206C113,1,1,1,1,1
260404153205_B170_SKII15168-YY2-1-260404153205,B170,,LC002909-S01-D01-L12-C206C165,1,1,1,1,1
260404153205_B170_SKII15168-YY2-1-260404153205,B170,,LC002303-S01-D01-L12-C208C143,1,1,1,1,1
260404153205_B170_SKII15168-YY2-1-260404153205,B170,,LC002480-S01-D01-L12-C208C138,1,1,1,1,1
260404153205_B170_SKII15168-YY2-1-260404153205,B170,,LC002692-S01-D01-L12-C208C156,1,1,1,1,1
260404153205_B170_SKII15168-YY2-1-260404153205,B170,,LC002312-S01-D01-L12-C208C145,1,1,1,1,1
260404153205_B170_SKII15168-YY2-1-260404153205,B170,,LC002647-S01-D01-L12-C206C104,1,1,1,0.833333333,1
260404153205_B170_SKII15168-YY2-1-260404153205,B170,,LC002664-S01-D01-L12-C206C105,1,1,1,1,1
260404153205_B170_SKII15168-YY2-1-260404153205,B170,,LC001876-S02-D01-L12-C206C130,1,1,1,0.833333333,1
260404153205_B170_SKII15168-YY2-1-260404153205,B170,,CN001477-S09-D04-L13-C206C131,1,1,1,1,1
260404153205_B170_SKII15168-YY2-1-260404153205,B170,,LC002658-S01-D01-L12-C208C154,1,1,1,1,1
260404153205_B170_SKII15168-YY2-1-260404153205,B170,,LC002901-S01-D01-L12-C208C160,1,1,1,1,1
260404153205_B170_SKII15168-YY2-1-260404153205,B170,,LC002922-S01-D01-L12-C206C177,1,1,1,1,1
260404153205_B170_SKII15168-YY2-1-260404153205,B170,,LC001929-S01-D01-L12-C206C184,1,1,1,0.833333333,1
260404153205_B170_SKII15168-YY2-1-260404153205,B170,,LC002060-S01-D01-L12-C206C190,1,1,1,1,1
260404153205_B170_SKII15168-YY2-1-260404153205,B170,,LC002521-S01-D01-L12-C206C191,1,1,1,1,1
260404153205_B170_SKII15168-YY2-1-260404153205,B170,,LC002635-S01-D01-L12-C206C102,0.973684211,1,1,1,1
260404153205_B170_SKII15168-YY2-1-260404153205,B170,,LC002636-S01-D01-L12-C206C103,1,1,1,1,1
260413181025_B170_SKII15205-YY2-2-260413181024,B170,,LC002665-S01-D01-L12-C206C106,1,1,1,1,1
260413181025_B170_SKII15205-YY2-2-260413181024,B170,,LC002711-S01-D01-L12-C206C111,1,1,1,1,1
260413181025_B170_SKII15205-YY2-2-260413181024,B170,,LC002712-S01-D01-L12-C206C112,1,1,1,1,1
260413181025_B170_SKII15205-YY2-2-260413181024,B170,,LC002719-S01-D01-L12-C206C116,1,1,1,1,1
260413181025_B170_SKII15205-YY2-2-260413181024,B170,,LC002693-S01-D01-L12-C206C107,1,1,1,0.833333333,1
260413181025_B170_SKII15205-YY2-2-260413181024,B170,,LC002714-S01-D01-L12-C206C113,1,1,1,0.833333333,1
260413181025_B170_SKII15205-YY2-2-260413181024,B170,,LC002909-S01-D01-L12-C206C165,1,1,1,1,1
260413181025_B170_SKII15205-YY2-2-260413181024,B170,,LC002303-S01-D01-L12-C208C143,1,1,1,1,1
260413181025_B170_SKII15205-YY2-2-260413181024,B170,,LC002480-S01-D01-L12-C208C138,1,1,1,1,1
260413181025_B170_SKII15205-YY2-2-260413181024,B170,,LC002692-S01-D01-L12-C208C156,1,1,1,1,1
260413181025_B170_SKII15205-YY2-2-260413181024,B170,,LC002312-S01-D01-L12-C208C145,1,1,1,1,1
260413181025_B170_SKII15205-YY2-2-260413181024,B170,,LC002647-S01-D01-L12-C206C104,1,1,1,0.833333333,1
260413181025_B170_SKII15205-YY2-2-260413181024,B170,,LC002664-S01-D01-L12-C206C105,1,1,1,1,1
260413181025_B170_SKII15205-YY2-2-260413181024,B170,,LC001876-S02-D01-L12-C206C130,1,1,1,1,1
260413181025_B170_SKII15205-YY2-2-260413181024,B170,,CN001477-S09-D04-L13-C206C131,1,1,1,1,1
260413181025_B170_SKII15205-YY2-2-260413181024,B170,,LC002658-S01-D01-L12-C208C154,1,1,1,1,1
260413181025_B170_SKII15205-YY2-2-260413181024,B170,,LC002901-S01-D01-L12-C208C160,1,1,1,1,1
260413181025_B170_SKII15205-YY2-2-260413181024,B170,,LC002922-S01-D01-L12-C206C177,1,1,1,1,1
260413181025_B170_SKII15205-YY2-2-260413181024,B170,,LC001929-S01-D01-L12-C206C184,1,1,1,0.833333333,1
260413181025_B170_SKII15205-YY2-2-260413181024,B170,,LC002060-S01-D01-L12-C206C190,1,1,1,1,1
260413181025_B170_SKII15205-YY2-2-260413181024,B170,,LC002521-S01-D01-L12-C206C191,1,1,1,1,1
260413181025_B170_SKII15205-YY2-2-260413181024,B170,,LC002635-S01-D01-L12-C206C102,0.973684211,1,1,1,1
260413181025_B170_SKII15205-YY2-2-260413181024,B170,,LC002636-S01-D01-L12-C206C103,1,1,1,1,1
260428162711_B162_SKII5264-YY2-CLK-A-260428162711,B162,,LC002665-S01-D01-L12-C206C106,1,1,1,1,1
260428162711_B162_SKII5264-YY2-CLK-A-260428162711,B162,,LC002711-S01-D01-L12-C206C111,1,1,1,1,1
260428162711_B162_SKII5264-YY2-CLK-A-260428162711,B162,,LC002712-S01-D01-L12-C206C112,1,1,1,1,1
260428162711_B162_SKII5264-YY2-CLK-A-260428162711,B162,,LC002719-S01-D01-L12-C206C116,1,1,1,1,1
260428162711_B162_SKII5264-YY2-CLK-A-260428162711,B162,,LC002693-S01-D01-L12-C206C107,1,1,1,0.833333333,1
260428162711_B162_SKII5264-YY2-CLK-A-260428162711,B162,,LC002714-S01-D01-L12-C206C113,1,1,1,1,1
260428162711_B162_SKII5264-YY2-CLK-A-260428162711,B162,,LC002909-S01-D01-L12-C206C165,1,1,1,1,1
260428162711_B162_SKII5264-YY2-CLK-A-260428162711,B162,,LC002303-S01-D01-L12-C208C143,1,1,1,1,1
260428162711_B162_SKII5264-YY2-CLK-A-260428162711,B162,,LC002480-S01-D01-L12-C208C138,1,1,1,1,1
260428162711_B162_SKII5264-YY2-CLK-A-260428162711,B162,,LC002692-S01-D01-L12-C208C156,1,1,1,1,1
260428162711_B162_SKII5264-YY2-CLK-A-260428162711,B162,,LC002312-S01-D01-L12-C208C145,1,1,1,1,1
260428162711_B162_SKII5264-YY2-CLK-A-260428162711,B162,,LC002647-S01-D01-L12-C206C104,1,1,1,0.833333333,1
260428162711_B162_SKII5264-YY2-CLK-A-260428162711,B162,,LC002664-S01-D01-L12-C206C105,1,1,1,1,1
260428162711_B162_SKII5264-YY2-CLK-A-260428162711,B162,,LC001876-S02-D01-L12-C206C130,1,1,1,1,1
260428162711_B162_SKII5264-YY2-CLK-A-260428162711,B162,,CN001477-S09-D04-L13-C206C131,1,1,1,0.833333333,1
260428162711_B162_SKII5264-YY2-CLK-A-260428162711,B162,,LC002658-S01-D01-L12-C208C154,1,1,1,1,1
260428162711_B162_SKII5264-YY2-CLK-A-260428162711,B162,,LC002901-S01-D01-L12-C208C160,1,1,1,1,1
260428162711_B162_SKII5264-YY2-CLK-A-260428162711,B162,,LC002922-S01-D01-L12-C206C177,1,1,1,1,1
260428162711_B162_SKII5264-YY2-CLK-A-260428162711,B162,,LC001929-S01-D01-L12-C206C184,1,1,1,0.833333333,1
260428162711_B162_SKII5264-YY2-CLK-A-260428162711,B162,,LC002060-S01-D01-L12-C206C190,1,1,1,1,1
260428162711_B162_SKII5264-YY2-CLK-A-260428162711,B162,,LC002521-S01-D01-L12-C206C191,1,1,1,1,1
260428162711_B162_SKII5264-YY2-CLK-A-260428162711,B162,,LC002635-S01-D01-L12-C206C102,0.973684211,1,1,1,1
260428162711_B162_SKII5264-YY2-CLK-A-260428162711,B162,,LC002636-S01-D01-L12-C206C103,1,1,1,1,1
260429170714_B141_SKII15265-YY223-CTRL-260429170714,B141,,LC002665-S01-D01-L12-C206C106,1,1,1,1,1
260429170714_B141_SKII15265-YY223-CTRL-260429170714,B141,,LC002711-S01-D01-L12-C206C111,1,1,1,1,1
260429170714_B141_SKII15265-YY223-CTRL-260429170714,B141,,LC002712-S01-D01-L12-C206C112,1,1,1,1,1
260429170714_B141_SKII15265-YY223-CTRL-260429170714,B141,,LC002719-S01-D01-L12-C206C116,1,1,1,1,1
260429170714_B141_SKII15265-YY223-CTRL-260429170714,B141,,LC002693-S01-D01-L12-C206C107,0.973684211,1,1,0.833333333,1
260429170714_B141_SKII15265-YY223-CTRL-260429170714,B141,,LC002714-S01-D01-L12-C206C113,1,1,1,0.833333333,1
260429170714_B141_SKII15265-YY223-CTRL-260429170714,B141,,LC002909-S01-D01-L12-C206C165,1,1,1,1,1
260429170714_B141_SKII15265-YY223-CTRL-260429170714,B141,,LC002303-S01-D01-L12-C208C143,0.976190476,1,1,1,1
260429170714_B141_SKII15265-YY223-CTRL-260429170714,B141,,LC002480-S01-D01-L12-C208C138,1,1,1,1,1
260429170714_B141_SKII15265-YY223-CTRL-260429170714,B141,,LC002692-S01-D01-L12-C208C156,1,1,1,1,1
260429170714_B141_SKII15265-YY223-CTRL-260429170714,B141,,LC002312-S01-D01-L12-C208C145,1,1,1,1,1
260429170714_B141_SKII15265-YY223-CTRL-260429170714,B141,,LC002647-S01-D01-L12-C206C104,1,1,1,0.833333333,1
260429170714_B141_SKII15265-YY223-CTRL-260429170714,B141,,LC002664-S01-D01-L12-C206C105,1,1,1,1,1
260429170714_B141_SKII15265-YY223-CTRL-260429170714,B141,,LC001876-S02-D01-L12-C206C130,1,1,1,0.833333333,1
260429170714_B141_SKII15265-YY223-CTRL-260429170714,B141,,CN001477-S09-D04-L13-C206C131,1,1,1,1,1
260429170714_B141_SKII15265-YY223-CTRL-260429170714,B141,,LC002658-S01-D01-L12-C208C154,1,1,1,1,1
260429170714_B141_SKII15265-YY223-CTRL-260429170714,B141,,LC002901-S01-D01-L12-C208C160,1,1,1,1,1
260429170714_B141_SKII15265-YY223-CTRL-260429170714,B141,,LC002922-S01-D01-L12-C206C177,1,1,1,1,1
260429170714_B141_SKII15265-YY223-CTRL-260429170714,B141,,LC001929-S01-D01-L12-C206C184,1,1,1,0.833333333,1
260429170714_B141_SKII15265-YY223-CTRL-260429170714,B141,,LC002060-S01-D01-L12-C206C190,1,1,1,1,1
260429170714_B141_SKII15265-YY223-CTRL-260429170714,B141,,LC002521-S01-D01-L12-C206C191,1,1,1,1,1
260429170714_B141_SKII15265-YY223-CTRL-260429170714,B141,,LC002635-S01-D01-L12-C206C102,0.973684211,1,1,1,1
260429170714_B141_SKII15265-YY223-CTRL-260429170714,B141,,LC002636-S01-D01-L12-C206C103,1,1,1,1,1
260429170625_B143_SKII15266-YY2-23-DN-260429170627,B143,,LC002665-S01-D01-L12-C206C106,1,1,1,1,1
260429170625_B143_SKII15266-YY2-23-DN-260429170627,B143,,LC002711-S01-D01-L12-C206C111,1,1,1,1,1
260429170625_B143_SKII15266-YY2-23-DN-260429170627,B143,,LC002712-S01-D01-L12-C206C112,0.975,1,1,1,1
260429170625_B143_SKII15266-YY2-23-DN-260429170627,B143,,LC002719-S01-D01-L12-C206C116,1,1,1,1,1
260429170625_B143_SKII15266-YY2-23-DN-260429170627,B143,,LC002693-S01-D01-L12-C206C107,1,1,1,0.833333333,1
260429170625_B143_SKII15266-YY2-23-DN-260429170627,B143,,LC002714-S01-D01-L12-C206C113,1,1,1,1,1
260429170625_B143_SKII15266-YY2-23-DN-260429170627,B143,,LC002909-S01-D01-L12-C206C165,1,1,1,1,1
260429170625_B143_SKII15266-YY2-23-DN-260429170627,B143,,LC002303-S01-D01-L12-C208C143,1,1,1,1,1
260429170625_B143_SKII15266-YY2-23-DN-260429170627,B143,,LC002480-S01-D01-L12-C208C138,1,1,1,1,1
260429170625_B143_SKII15266-YY2-23-DN-260429170627,B143,,LC002692-S01-D01-L12-C208C156,1,1,1,1,1
260429170625_B143_SKII15266-YY2-23-DN-260429170627,B143,,LC002312-S01-D01-L12-C208C145,1,1,1,1,1
260429170625_B143_SKII15266-YY2-23-DN-260429170627,B143,,LC002647-S01-D01-L12-C206C104,1,1,1,0.833333333,1
260429170625_B143_SKII15266-YY2-23-DN-260429170627,B143,,LC002664-S01-D01-L12-C206C105,0.972222222,1,1,1,1
260429170625_B143_SKII15266-YY2-23-DN-260429170627,B143,,LC001876-S02-D01-L12-C206C130,1,1,1,0.833333333,1
260429170625_B143_SKII15266-YY2-23-DN-260429170627,B143,,CN001477-S09-D04-L13-C206C131,1,1,1,1,1
260429170625_B143_SKII15266-YY2-23-DN-260429170627,B143,,LC002658-S01-D01-L12-C208C154,1,1,1,1,1
260429170625_B143_SKII15266-YY2-23-DN-260429170627,B143,,LC002901-S01-D01-L12-C208C160,1,1,1,1,1
260429170625_B143_SKII15266-YY2-23-DN-260429170627,B143,,LC002922-S01-D01-L12-C206C177,1,1,1,1,1
260429170625_B143_SKII15266-YY2-23-DN-260429170627,B143,,LC001929-S01-D01-L12-C206C184,1,1,1,0.833333333,1
260429170625_B143_SKII15266-YY2-23-DN-260429170627,B143,,LC002060-S01-D01-L12-C206C190,1,1,1,1,1
260429170625_B143_SKII15266-YY2-23-DN-260429170627,B143,,LC002521-S01-D01-L12-C206C191,1,1,1,1,1
260429170625_B143_SKII15266-YY2-23-DN-260429170627,B143,,LC002635-S01-D01-L12-C206C102,0.973684211,1,1,1,1
260429170625_B143_SKII15266-YY2-23-DN-260429170627,B143,,LC002636-S01-D01-L12-C206C103,1,1,1,1,1
260508151426_B172_SKII15277-YY2-WBhot-260508151422,B172,,LC002665-S01-D01-L12-C206C106,1,1,1,1,1
260508151426_B172_SKII15277-YY2-WBhot-260508151422,B172,,LC002711-S01-D01-L12-C206C111,1,1,1,1,1
260508151426_B172_SKII15277-YY2-WBhot-260508151422,B172,,LC002712-S01-D01-L12-C206C112,1,1,1,1,1
260508151426_B172_SKII15277-YY2-WBhot-260508151422,B172,,LC002719-S01-D01-L12-C206C116,1,1,1,1,1
260508151426_B172_SKII15277-YY2-WBhot-260508151422,B172,,LC002693-S01-D01-L12-C206C107,1,1,1,0.833333333,1
260508151426_B172_SKII15277-YY2-WBhot-260508151422,B172,,LC002714-S01-D01-L12-C206C113,1,1,1,1,1
260508151426_B172_SKII15277-YY2-WBhot-260508151422,B172,,LC002909-S01-D01-L12-C206C165,1,1,1,1,1
260508151426_B172_SKII15277-YY2-WBhot-260508151422,B172,,LC002303-S01-D01-L12-C208C143,1,1,1,1,1
260508151426_B172_SKII15277-YY2-WBhot-260508151422,B172,,LC002480-S01-D01-L12-C208C138,1,1,1,1,1
260508151426_B172_SKII15277-YY2-WBhot-260508151422,B172,,LC002692-S01-D01-L12-C208C156,1,1,1,1,1
260508151426_B172_SKII15277-YY2-WBhot-260508151422,B172,,LC002312-S01-D01-L12-C208C145,1,1,1,1,1
260508151426_B172_SKII15277-YY2-WBhot-260508151422,B172,,LC002647-S01-D01-L12-C206C104,0.973684211,1,1,0.833333333,1
260508151426_B172_SKII15277-YY2-WBhot-260508151422,B172,,LC002664-S01-D01-L12-C206C105,1,1,1,1,1
260508151426_B172_SKII15277-YY2-WBhot-260508151422,B172,,LC001876-S02-D01-L12-C206C130,1,1,1,1,1
260508151426_B172_SKII15277-YY2-WBhot-260508151422,B172,,CN001477-S09-D04-L13-C206C131,1,1,1,1,1
260508151426_B172_SKII15277-YY2-WBhot-260508151422,B172,,LC002658-S01-D01-L12-C208C154,0.974358974,1,1,1,1
260508151426_B172_SKII15277-YY2-WBhot-260508151422,B172,,LC002901-S01-D01-L12-C208C160,1,1,1,1,1
260508151426_B172_SKII15277-YY2-WBhot-260508151422,B172,,LC002922-S01-D01-L12-C206C177,1,1,1,1,1
260508151426_B172_SKII15277-YY2-WBhot-260508151422,B172,,LC001929-S01-D01-L12-C206C184,1,1,1,0.833333333,1
260508151426_B172_SKII15277-YY2-WBhot-260508151422,B172,,LC002060-S01-D01-L12-C206C190,0.973684211,1,1,1,1
260508151426_B172_SKII15277-YY2-WBhot-260508151422,B172,,LC002521-S01-D01-L12-C206C191,1,1,1,1,1
260508151426_B172_SKII15277-YY2-WBhot-260508151422,B172,,LC002635-S01-D01-L12-C206C102,0.947368421,1,1,1,1
260508151426_B172_SKII15277-YY2-WBhot-260508151422,B172,,LC002636-S01-D01-L12-C206C103,1,1,1,1,1
260508150833_B162_SKII15275-YY2BRS2hot-260508150833,B162,,LC002665-S01-D01-L12-C206C106,1,1,1,1,1
260508150833_B162_SKII15275-YY2BRS2hot-260508150833,B162,,LC002711-S01-D01-L12-C206C111,1,1,1,1,1
260508150833_B162_SKII15275-YY2BRS2hot-260508150833,B162,,LC002712-S01-D01-L12-C206C112,1,1,1,1,1
260508150833_B162_SKII15275-YY2BRS2hot-260508150833,B162,,LC002719-S01-D01-L12-C206C116,1,1,1,1,1
260508150833_B162_SKII15275-YY2BRS2hot-260508150833,B162,,LC002693-S01-D01-L12-C206C107,1,1,1,0.833333333,1
260508150833_B162_SKII15275-YY2BRS2hot-260508150833,B162,,LC002714-S01-D01-L12-C206C113,1,1,1,1,1
260508150833_B162_SKII15275-YY2BRS2hot-260508150833,B162,,LC002909-S01-D01-L12-C206C165,1,1,1,1,1
260508150833_B162_SKII15275-YY2BRS2hot-260508150833,B162,,LC002303-S01-D01-L12-C208C143,1,1,1,1,1
260508150833_B162_SKII15275-YY2BRS2hot-260508150833,B162,,LC002480-S01-D01-L12-C208C138,1,1,1,1,1
260508150833_B162_SKII15275-YY2BRS2hot-260508150833,B162,,LC002692-S01-D01-L12-C208C156,1,1,1,1,1
260508150833_B162_SKII15275-YY2BRS2hot-260508150833,B162,,LC002312-S01-D01-L12-C208C145,1,1,1,1,1
260508150833_B162_SKII15275-YY2BRS2hot-260508150833,B162,,LC002647-S01-D01-L12-C206C104,1,1,1,0.833333333,1
260508150833_B162_SKII15275-YY2BRS2hot-260508150833,B162,,LC002664-S01-D01-L12-C206C105,1,1,1,1,1
260508150833_B162_SKII15275-YY2BRS2hot-260508150833,B162,,LC001876-S02-D01-L12-C206C130,1,1,1,1,1
260508150833_B162_SKII15275-YY2BRS2hot-260508150833,B162,,CN001477-S09-D04-L13-C206C131,1,1,1,1,1
260508150833_B162_SKII15275-YY2BRS2hot-260508150833,B162,,LC002658-S01-D01-L12-C208C154,1,1,1,1,1
260508150833_B162_SKII15275-YY2BRS2hot-260508150833,B162,,LC002901-S01-D01-L12-C208C160,1,1,1,1,1
260508150833_B162_SKII15275-YY2BRS2hot-260508150833,B162,,LC002922-S01-D01-L12-C206C177,1,1,1,1,1
260508150833_B162_SKII15275-YY2BRS2hot-260508150833,B162,,LC001929-S01-D01-L12-C206C184,1,1,1,0.833333333,1
260508150833_B162_SKII15275-YY2BRS2hot-260508150833,B162,,LC002060-S01-D01-L12-C206C190,1,1,1,1,1
260508150833_B162_SKII15275-YY2BRS2hot-260508150833,B162,,LC002521-S01-D01-L12-C206C191,1,1,1,1,1
260508150833_B162_SKII15275-YY2BRS2hot-260508150833,B162,,LC002635-S01-D01-L12-C206C102,0.973684211,1,1,1,1
260508150833_B162_SKII15275-YY2BRS2hot-260508150833,B162,,LC002636-S01-D01-L12-C206C103,1,1,1,1,1
260521174016_B143_SKII15305-P523NRC-260521174015,B143,,LC002665-S01-D01-L12-C206C106,1,1,1,1,1
260521174016_B143_SKII15305-P523NRC-260521174015,B143,,LC002711-S01-D01-L12-C206C111,1,1,1,1,1
260521174016_B143_SKII15305-P523NRC-260521174015,B143,,LC002712-S01-D01-L12-C206C112,1,1,1,1,1
260521174016_B143_SKII15305-P523NRC-260521174015,B143,,LC002719-S01-D01-L12-C206C116,1,1,1,1,1
260521174016_B143_SKII15305-P523NRC-260521174015,B143,,LC002693-S01-D01-L12-C206C107,1,1,1,0.833333333,1
260521174016_B143_SKII15305-P523NRC-260521174015,B143,,LC002714-S01-D01-L12-C206C113,1,1,1,0.833333333,1
260521174016_B143_SKII15305-P523NRC-260521174015,B143,,LC002909-S01-D01-L12-C206C165,1,1,1,1,1
260521174016_B143_SKII15305-P523NRC-260521174015,B143,,LC002303-S01-D01-L12-C208C143,1,1,1,1,1
260521174016_B143_SKII15305-P523NRC-260521174015,B143,,LC002480-S01-D01-L12-C208C138,1,1,1,1,1
260521174016_B143_SKII15305-P523NRC-260521174015,B143,,LC002692-S01-D01-L12-C208C156,1,1,1,1,1
260521174016_B143_SKII15305-P523NRC-260521174015,B143,,LC002312-S01-D01-L12-C208C145,1,1,1,1,1
260521174016_B143_SKII15305-P523NRC-260521174015,B143,,LC002647-S01-D01-L12-C206C104,1,1,1,0.833333333,1
260521174016_B143_SKII15305-P523NRC-260521174015,B143,,LC002664-S01-D01-L12-C206C105,1,1,1,1,1
260521174016_B143_SKII15305-P523NRC-260521174015,B143,,LC001876-S02-D01-L12-C206C130,1,1,1,0.833333333,1
260521174016_B143_SKII15305-P523NRC-260521174015,B143,,CN001477-S09-D04-L13-C206C131,1,1,1,0.833333333,1
260521174016_B143_SKII15305-P523NRC-260521174015,B143,,LC002658-S01-D01-L12-C208C154,1,1,1,1,1
260521174016_B143_SKII15305-P523NRC-260521174015,B143,,LC002901-S01-D01-L12-C208C160,1,1,1,1,1
260521174016_B143_SKII15305-P523NRC-260521174015,B143,,LC002922-S01-D01-L12-C206C177,1,1,1,1,1
260521174016_B143_SKII15305-P523NRC-260521174015,B143,,LC001929-S01-D01-L12-C206C184,1,1,1,0.833333333,1
260521174016_B143_SKII15305-P523NRC-260521174015,B143,,LC002060-S01-D01-L12-C206C190,1,1,1,1,1
260521174016_B143_SKII15305-P523NRC-260521174015,B143,,LC002521-S01-D01-L12-C206C191,1,1,1,1,1
260521174016_B143_SKII15305-P523NRC-260521174015,B143,,LC002635-S01-D01-L12-C206C102,0.973684211,1,1,1,1
260521174016_B143_SKII15305-P523NRC-260521174015,B143,,LC002636-S01-D01-L12-C206C103,1,1,1,1,1
260522164010_B162_SKII15306-I-YY2-260522164010,B162,,LC002665-S01-D01-L12-C206C106,1,1,1,1,1
260522164010_B162_SKII15306-I-YY2-260522164010,B162,,LC002711-S01-D01-L12-C206C111,1,1,1,1,1
260522164010_B162_SKII15306-I-YY2-260522164010,B162,,LC002712-S01-D01-L12-C206C112,1,1,1,1,1
260522164010_B162_SKII15306-I-YY2-260522164010,B162,,LC002719-S01-D01-L12-C206C116,1,1,1,1,1
260522164010_B162_SKII15306-I-YY2-260522164010,B162,,LC002693-S01-D01-L12-C206C107,1,1,1,0.833333333,1
260522164010_B162_SKII15306-I-YY2-260522164010,B162,,LC002714-S01-D01-L12-C206C113,1,1,1,0.833333333,1
260522164010_B162_SKII15306-I-YY2-260522164010,B162,,LC002909-S01-D01-L12-C206C165,1,1,1,1,1
260522164010_B162_SKII15306-I-YY2-260522164010,B162,,LC002303-S01-D01-L12-C208C143,1,1,1,1,1
260522164010_B162_SKII15306-I-YY2-260522164010,B162,,LC002480-S01-D01-L12-C208C138,1,1,1,1,1
260522164010_B162_SKII15306-I-YY2-260522164010,B162,,LC002692-S01-D01-L12-C208C156,1,1,1,1,1
260522164010_B162_SKII15306-I-YY2-260522164010,B162,,LC002312-S01-D01-L12-C208C145,1,1,1,1,1
260522164010_B162_SKII15306-I-YY2-260522164010,B162,,LC002647-S01-D01-L12-C206C104,1,1,1,0.833333333,1
260522164010_B162_SKII15306-I-YY2-260522164010,B162,,LC002664-S01-D01-L12-C206C105,1,1,1,1,1
260522164010_B162_SKII15306-I-YY2-260522164010,B162,,LC001876-S02-D01-L12-C206C130,1,1,1,0.833333333,1
260522164010_B162_SKII15306-I-YY2-260522164010,B162,,CN001477-S09-D04-L13-C206C131,1,1,1,1,1
260522164010_B162_SKII15306-I-YY2-260522164010,B162,,LC002658-S01-D01-L12-C208C154,1,1,1,1,1
260522164010_B162_SKII15306-I-YY2-260522164010,B162,,LC002901-S01-D01-L12-C208C160,1,1,1,1,1
260522164010_B162_SKII15306-I-YY2-260522164010,B162,,LC002922-S01-D01-L12-C206C177,1,1,1,1,1
260522164010_B162_SKII15306-I-YY2-260522164010,B162,,LC001929-S01-D01-L12-C206C184,1,1,1,0.833333333,1
260522164010_B162_SKII15306-I-YY2-260522164010,B162,,LC002060-S01-D01-L12-C206C190,1,1,1,1,1
260522164010_B162_SKII15306-I-YY2-260522164010,B162,,LC002521-S01-D01-L12-C206C191,1,1,1,1,1
260522164010_B162_SKII15306-I-YY2-260522164010,B162,,LC002635-S01-D01-L12-C206C102,0.973684211,1,1,1,1
260522164010_B162_SKII15306-I-YY2-260522164010,B162,,LC002636-S01-D01-L12-C206C103,1,1,1,1,1
260522163748_B141_SKII15307-T-YY2-260522163749,B141,,LC002665-S01-D01-L12-C206C106,1,1,1,1,1
260522163748_B141_SKII15307-T-YY2-260522163749,B141,,LC002711-S01-D01-L12-C206C111,1,1,1,1,1
260522163748_B141_SKII15307-T-YY2-260522163749,B141,,LC002712-S01-D01-L12-C206C112,1,1,1,1,1
260522163748_B141_SKII15307-T-YY2-260522163749,B141,,LC002719-S01-D01-L12-C206C116,1,1,1,1,1
260522163748_B141_SKII15307-T-YY2-260522163749,B141,,LC002693-S01-D01-L12-C206C107,1,1,1,0.833333333,1
260522163748_B141_SKII15307-T-YY2-260522163749,B141,,LC002714-S01-D01-L12-C206C113,1,1,1,0.833333333,1
260522163748_B141_SKII15307-T-YY2-260522163749,B141,,LC002909-S01-D01-L12-C206C165,1,1,1,1,1
260522163748_B141_SKII15307-T-YY2-260522163749,B141,,LC002303-S01-D01-L12-C208C143,1,1,1,1,1
260522163748_B141_SKII15307-T-YY2-260522163749,B141,,LC002480-S01-D01-L12-C208C138,1,1,1,1,1
260522163748_B141_SKII15307-T-YY2-260522163749,B141,,LC002692-S01-D01-L12-C208C156,1,1,1,1,1
260522163748_B141_SKII15307-T-YY2-260522163749,B141,,LC002312-S01-D01-L12-C208C145,1,1,1,1,1
260522163748_B141_SKII15307-T-YY2-260522163749,B141,,LC002647-S01-D01-L12-C206C104,1,1,1,0.833333333,1
260522163748_B141_SKII15307-T-YY2-260522163749,B141,,LC002664-S01-D01-L12-C206C105,1,1,1,1,1
260522163748_B141_SKII15307-T-YY2-260522163749,B141,,LC001876-S02-D01-L12-C206C130,1,1,1,0.833333333,1
260522163748_B141_SKII15307-T-YY2-260522163749,B141,,CN001477-S09-D04-L13-C206C131,1,1,1,0.833333333,1
260522163748_B141_SKII15307-T-YY2-260522163749,B141,,LC002658-S01-D01-L12-C208C154,1,1,1,0.833333333,1
260522163748_B141_SKII15307-T-YY2-260522163749,B141,,LC002901-S01-D01-L12-C208C160,1,1,1,1,1
260522163748_B141_SKII15307-T-YY2-260522163749,B141,,LC002922-S01-D01-L12-C206C177,1,1,1,1,1
260522163748_B141_SKII15307-T-YY2-260522163749,B141,,LC001929-S01-D01-L12-C206C184,1,1,1,0.833333333,1
260522163748_B141_SKII15307-T-YY2-260522163749,B141,,LC002060-S01-D01-L12-C206C190,1,1,1,1,1
260522163748_B141_SKII15307-T-YY2-260522163749,B141,,LC002521-S01-D01-L12-C206C191,1,1,1,1,1
260522163748_B141_SKII15307-T-YY2-260522163749,B141,,LC002635-S01-D01-L12-C206C102,0.973684211,1,1,1,1
260522163748_B141_SKII15307-T-YY2-260522163749,B141,,LC002636-S01-D01-L12-C206C103,1,1,1,1,1
260523150002_B170_SKII5311-R2JC-YY2-260523150003,B170,,LC002665-S01-D01-L12-C206C106,1,1,1,1,1
260523150002_B170_SKII5311-R2JC-YY2-260523150003,B170,,LC002711-S01-D01-L12-C206C111,1,1,1,1,1
260523150002_B170_SKII5311-R2JC-YY2-260523150003,B170,,LC002712-S01-D01-L12-C206C112,1,1,1,1,1
260523150002_B170_SKII5311-R2JC-YY2-260523150003,B170,,LC002719-S01-D01-L12-C206C116,1,1,1,1,1
260523150002_B170_SKII5311-R2JC-YY2-260523150003,B170,,LC002693-S01-D01-L12-C206C107,1,1,1,0.833333333,1
260523150002_B170_SKII5311-R2JC-YY2-260523150003,B170,,LC002714-S01-D01-L12-C206C113,1,1,1,0.833333333,1
260523150002_B170_SKII5311-R2JC-YY2-260523150003,B170,,LC002909-S01-D01-L12-C206C165,1,1,1,1,1
260523150002_B170_SKII5311-R2JC-YY2-260523150003,B170,,LC002303-S01-D01-L12-C208C143,1,1,1,1,1
260523150002_B170_SKII5311-R2JC-YY2-260523150003,B170,,LC002480-S01-D01-L12-C208C138,1,1,1,1,1
260523150002_B170_SKII5311-R2JC-YY2-260523150003,B170,,LC002692-S01-D01-L12-C208C156,1,1,1,1,1
260523150002_B170_SKII5311-R2JC-YY2-260523150003,B170,,LC002312-S01-D01-L12-C208C145,1,1,1,1,1
260523150002_B170_SKII5311-R2JC-YY2-260523150003,B170,,LC002647-S01-D01-L12-C206C104,1,1,1,0.833333333,1
260523150002_B170_SKII5311-R2JC-YY2-260523150003,B170,,LC002664-S01-D01-L12-C206C105,1,1,1,1,1
260523150002_B170_SKII5311-R2JC-YY2-260523150003,B170,,LC001876-S02-D01-L12-C206C130,1,1,1,0.833333333,1
260523150002_B170_SKII5311-R2JC-YY2-260523150003,B170,,CN001477-S09-D04-L13-C206C131,1,1,1,1,1
260523150002_B170_SKII5311-R2JC-YY2-260523150003,B170,,LC002658-S01-D01-L12-C208C154,1,1,1,1,1
260523150002_B170_SKII5311-R2JC-YY2-260523150003,B170,,LC002901-S01-D01-L12-C208C160,1,1,1,1,1
260523150002_B170_SKII5311-R2JC-YY2-260523150003,B170,,LC002922-S01-D01-L12-C206C177,1,1,1,1,1
260523150002_B170_SKII5311-R2JC-YY2-260523150003,B170,,LC001929-S01-D01-L12-C206C184,1,1,1,0.833333333,1
260523150002_B170_SKII5311-R2JC-YY2-260523150003,B170,,LC002060-S01-D01-L12-C206C190,1,1,1,1,1
260523150002_B170_SKII5311-R2JC-YY2-260523150003,B170,,LC002521-S01-D01-L12-C206C191,1,1,1,1,1
260523150002_B170_SKII5311-R2JC-YY2-260523150003,B170,,LC002635-S01-D01-L12-C206C102,0.973684211,1,1,1,1
260523150002_B170_SKII5311-R2JC-YY2-260523150003,B170,,LC002636-S01-D01-L12-C206C103,1,1,1,1,1
260603175803_B170_SKII15342-R2JC-YY2-260603175804,B170,,LC002665-S01-D01-L12-C206C106,1,1,1,1,1
260603175803_B170_SKII15342-R2JC-YY2-260603175804,B170,,LC002711-S01-D01-L12-C206C111,1,1,1,1,1
260603175803_B170_SKII15342-R2JC-YY2-260603175804,B170,,LC002712-S01-D01-L12-C206C112,1,1,1,1,1
260603175803_B170_SKII15342-R2JC-YY2-260603175804,B170,,LC002719-S01-D01-L12-C206C116,1,1,1,1,1
260603175803_B170_SKII15342-R2JC-YY2-260603175804,B170,,LC002693-S01-D01-L12-C206C107,1,1,1,0.833333333,1
260603175803_B170_SKII15342-R2JC-YY2-260603175804,B170,,LC002714-S01-D01-L12-C206C113,1,1,1,1,1
260603175803_B170_SKII15342-R2JC-YY2-260603175804,B170,,LC002909-S01-D01-L12-C206C165,1,1,1,1,1
260603175803_B170_SKII15342-R2JC-YY2-260603175804,B170,,LC002303-S01-D01-L12-C208C143,1,1,1,1,1
260603175803_B170_SKII15342-R2JC-YY2-260603175804,B170,,LC002480-S01-D01-L12-C208C138,1,1,1,1,1
260603175803_B170_SKII15342-R2JC-YY2-260603175804,B170,,LC002692-S01-D01-L12-C208C156,1,1,1,1,1
260603175803_B170_SKII15342-R2JC-YY2-260603175804,B170,,LC002312-S01-D01-L12-C208C145,1,1,1,1,1
260603175803_B170_SKII15342-R2JC-YY2-260603175804,B170,,LC002647-S01-D01-L12-C206C104,1,1,1,0.833333333,1
260603175803_B170_SKII15342-R2JC-YY2-260603175804,B170,,LC002664-S01-D01-L12-C206C105,1,1,1,1,1
260603175803_B170_SKII15342-R2JC-YY2-260603175804,B170,,LC001876-S02-D01-L12-C206C130,1,1,1,1,1
260603175803_B170_SKII15342-R2JC-YY2-260603175804,B170,,CN001477-S09-D04-L13-C206C131,1,1,1,1,1
260603175803_B170_SKII15342-R2JC-YY2-260603175804,B170,,LC002658-S01-D01-L12-C208C154,1,1,1,1,1
260603175803_B170_SKII15342-R2JC-YY2-260603175804,B170,,LC002901-S01-D01-L12-C208C160,1,1,1,1,1
260603175803_B170_SKII15342-R2JC-YY2-260603175804,B170,,LC002922-S01-D01-L12-C206C177,1,1,1,1,1
260603175803_B170_SKII15342-R2JC-YY2-260603175804,B170,,LC001929-S01-D01-L12-C206C184,1,1,1,0.833333333,1
260603175803_B170_SKII15342-R2JC-YY2-260603175804,B170,,LC002060-S01-D01-L12-C206C190,1,1,1,1,1
260603175803_B170_SKII15342-R2JC-YY2-260603175804,B170,,LC002521-S01-D01-L12-C206C191,1,1,1,1,1
260603175803_B170_SKII15342-R2JC-YY2-260603175804,B170,,LC002635-S01-D01-L12-C206C102,0.973684211,1,1,1,1
260603175803_B170_SKII15342-R2JC-YY2-260603175804,B170,,LC002636-S01-D01-L12-C206C103,1,1,1,1,1
260605154758_B177_SKII15350-R2JC-YY2-260605154803,B177,,LC002665-S01-D01-L12-C206C106,1,1,1,1,1
260605154758_B177_SKII15350-R2JC-YY2-260605154803,B177,,LC002711-S01-D01-L12-C206C111,1,1,1,1,1
260605154758_B177_SKII15350-R2JC-YY2-260605154803,B177,,LC002712-S01-D01-L12-C206C112,1,1,1,1,1
260605154758_B177_SKII15350-R2JC-YY2-260605154803,B177,,LC002719-S01-D01-L12-C206C116,1,1,1,1,1
260605154758_B177_SKII15350-R2JC-YY2-260605154803,B177,,LC002693-S01-D01-L12-C206C107,1,1,1,0.833333333,1
260605154758_B177_SKII15350-R2JC-YY2-260605154803,B177,,LC002714-S01-D01-L12-C206C113,1,1,1,1,1
260605154758_B177_SKII15350-R2JC-YY2-260605154803,B177,,LC002909-S01-D01-L12-C206C165,1,1,1,1,1
260605154758_B177_SKII15350-R2JC-YY2-260605154803,B177,,LC002303-S01-D01-L12-C208C143,1,1,1,1,1
260605154758_B177_SKII15350-R2JC-YY2-260605154803,B177,,LC002480-S01-D01-L12-C208C138,1,1,1,1,1
260605154758_B177_SKII15350-R2JC-YY2-260605154803,B177,,LC002692-S01-D01-L12-C208C156,1,1,1,1,1
260605154758_B177_SKII15350-R2JC-YY2-260605154803,B177,,LC002312-S01-D01-L12-C208C145,1,1,1,1,1
260605154758_B177_SKII15350-R2JC-YY2-260605154803,B177,,LC002647-S01-D01-L12-C206C104,1,1,1,0.833333333,1
260605154758_B177_SKII15350-R2JC-YY2-260605154803,B177,,LC002664-S01-D01-L12-C206C105,1,1,1,1,1
260605154758_B177_SKII15350-R2JC-YY2-260605154803,B177,,LC001876-S02-D01-L12-C206C130,1,1,1,1,1
260605154758_B177_SKII15350-R2JC-YY2-260605154803,B177,,CN001477-S09-D04-L13-C206C131,1,1,1,1,1
260605154758_B177_SKII15350-R2JC-YY2-260605154803,B177,,LC002658-S01-D01-L12-C208C154,1,1,1,1,1
260605154758_B177_SKII15350-R2JC-YY2-260605154803,B177,,LC002901-S01-D01-L12-C208C160,1,1,1,1,1
260605154758_B177_SKII15350-R2JC-YY2-260605154803,B177,,LC002922-S01-D01-L12-C206C177,1,1,1,1,1
260605154758_B177_SKII15350-R2JC-YY2-260605154803,B177,,LC001929-S01-D01-L12-C206C184,1,1,1,0.833333333,1
260605154758_B177_SKII15350-R2JC-YY2-260605154803,B177,,LC002060-S01-D01-L12-C206C190,1,1,1,1,1
260605154758_B177_SKII15350-R2JC-YY2-260605154803,B177,,LC002521-S01-D01-L12-C206C191,1,1,1,1,1
260605154758_B177_SKII15350-R2JC-YY2-260605154803,B177,,LC002635-S01-D01-L12-C206C102,0.973684211,1,1,1,1
260605154758_B177_SKII15350-R2JC-YY2-260605154803,B177,,LC002636-S01-D01-L12-C206C103,1,1,1,1,1
260701150403_B169_SKII15399-R2JC-3-YY2-260701150404,B169,,LC002665-S01-D01-L12-C206C106,1.0,1.0,1.0,1.0,
260701150403_B169_SKII15399-R2JC-3-YY2-260701150404,B169,,LC002711-S01-D01-L12-C206C111,1.0,1.0,1.0,1.0,
260701150403_B169_SKII15399-R2JC-3-YY2-260701150404,B169,,LC002712-S01-D01-L12-C206C112,1.0,1.0,1.0,1.0,
260701150403_B169_SKII15399-R2JC-3-YY2-260701150404,B169,,LC002719-S01-D01-L12-C206C116,1.0,1.0,1.0,1.0,
260701150403_B169_SKII15399-R2JC-3-YY2-260701150404,B169,,LC002693-S01-D01-L12-C206C107,1.0,1.0,0.8333333333333334,1.0,
260701150403_B169_SKII15399-R2JC-3-YY2-260701150404,B169,,LC002714-S01-D01-L12-C206C113,1.0,1.0,0.8333333333333334,1.0,
260701150403_B169_SKII15399-R2JC-3-YY2-260701150404,B169,,LC002909-S01-D01-L12-C206C165,1.0,1.0,1.0,1.0,
260701150403_B169_SKII15399-R2JC-3-YY2-260701150404,B169,,LC002303-S01-D01-L12-C208C143,1.0,1.0,1.0,1.0,
260701150403_B169_SKII15399-R2JC-3-YY2-260701150404,B169,,LC002480-S01-D01-L12-C208C138,1.0,1.0,1.0,1.0,
260701150403_B169_SKII15399-R2JC-3-YY2-260701150404,B169,,LC002692-S01-D01-L12-C208C156,1.0,1.0,1.0,1.0,
260701150403_B169_SKII15399-R2JC-3-YY2-260701150404,B169,,LC002312-S01-D01-L12-C208C145,1.0,1.0,1.0,1.0,
260701150403_B169_SKII15399-R2JC-3-YY2-260701150404,B169,,LC002647-S01-D01-L12-C206C104,1.0,1.0,0.8333333333333334,1.0,
260701150403_B169_SKII15399-R2JC-3-YY2-260701150404,B169,,LC002664-S01-D01-L12-C206C105,1.0,1.0,1.0,1.0,
260701150403_B169_SKII15399-R2JC-3-YY2-260701150404,B169,,LC001876-S02-D01-L12-C206C130,1.0,1.0,0.8333333333333334,1.0,
260701150403_B169_SKII15399-R2JC-3-YY2-260701150404,B169,,CN001477-S09-D04-L13-C206C131,1.0,1.0,1.0,1.0,
260701150403_B169_SKII15399-R2JC-3-YY2-260701150404,B169,,LC002658-S01-D01-L12-C208C154,1.0,1.0,1.0,1.0,
260701150403_B169_SKII15399-R2JC-3-YY2-260701150404,B169,,LC002901-S01-D01-L12-C208C160,1.0,1.0,1.0,1.0,
260701150403_B169_SKII15399-R2JC-3-YY2-260701150404,B169,,LC002922-S01-D01-L12-C206C177,1.0,1.0,1.0,1.0,
260701150403_B169_SKII15399-R2JC-3-YY2-260701150404,B169,,LC001929-S01-D01-L12-C206C184,1.0,1.0,1.0,1.0,
260701150403_B169_SKII15399-R2JC-3-YY2-260701150404,B169,,LC002060-S01-D01-L12-C206C190,1.0,1.0,1.0,1.0,
260701150403_B169_SKII15399-R2JC-3-YY2-260701150404,B169,,LC002521-S01-D01-L12-C206C191,1.0,1.0,1.0,1.0,
260701150403_B169_SKII15399-R2JC-3-YY2-260701150404,B169,,LC002635-S01-D01-L12-C206C102,0.9736842105263158,1.0,1.0,1.0,
260701150403_B169_SKII15399-R2JC-3-YY2-260701150404,B169,,LC002636-S01-D01-L12-C206C103,1.0,1.0,1.0,1.0,
BGISEQ_0707,0707,,LC002312-S01-D01-L12-C208C145,1.0,1.0,1.0,1.0,1.0
BGISEQ_0707,0707,,LC002665-S01-D01-L12-C206C106,1.0,1.0,1.0,1.0,1.0
BGISEQ_0707,0707,,LC002711-S01-D01-L12-C206C111,1.0,1.0,1.0,1.0,1.0
BGISEQ_0707,0707,,LC002712-S01-D01-L12-C206C112,1.0,1.0,1.0,1.0,1.0
BGISEQ_0707,0707,,LC002719-S01-D01-L12-C206C116,1.0,1.0,1.0,1.0,1.0
BGISEQ_0707,0707,,LC002693-S01-D01-L12-C206C107,1.0,1.0,1.0,0.8333333333333334,1.0
BGISEQ_0707,0707,,LC002714-S01-D01-L12-C206C113,1.0,1.0,1.0,0.8333333333333334,1.0
BGISEQ_0707,0707,,LC002909-S01-D01-L12-C206C165,1.0,1.0,1.0,1.0,1.0
BGISEQ_0707,0707,,LC002303-S01-D01-L12-C208C143,1.0,1.0,1.0,1.0,1.0
BGISEQ_0707,0707,,LC002480-S01-D01-L12-C208C138,1.0,1.0,1.0,1.0,1.0
BGISEQ_0707,0707,,LC002692-S01-D01-L12-C208C156,1.0,1.0,1.0,1.0,1.0
BGISEQ_0707,0707,,LC002658-S01-D01-L12-C208C154,1.0,1.0,1.0,1.0,1.0
BGISEQ_0707,0707,,LC002647-S01-D01-L12-C206C104,1.0,1.0,1.0,0.8333333333333334,1.0
BGISEQ_0707,0707,,LC002664-S01-D01-L12-C206C105,1.0,1.0,1.0,1.0,1.0
BGISEQ_0707,0707,,LC001876-S02-D01-L12-C206C130,1.0,1.0,1.0,0.8333333333333334,1.0
BGISEQ_0707,0707,,CN001477-S09-D04-L13-C206C131,1.0,1.0,1.0,1.0,1.0
BGISEQ_0707,0707,,LC002901-S01-D01-L12-C208C160,1.0,1.0,1.0,1.0,1.0
BGISEQ_0707,0707,,LC002922-S01-D01-L12-C206C177,1.0,1.0,1.0,1.0,1.0
BGISEQ_0707,0707,,LC001929-S01-D01-L12-C206C184,1.0,1.0,1.0,1.0,1.0
BGISEQ_0707,0707,,LC002060-S01-D01-L12-C206C190,1.0,1.0,1.0,1.0,1.0
BGISEQ_0707,0707,,LC002521-S01-D01-L12-C206C191,1.0,1.0,1.0,1.0,1.0
BGISEQ_0707,0707,,LC002635-S01-D01-L12-C206C102,1.0,1.0,1.0,1.0,1.0
BGISEQ_0707,0707,,LC002636-S01-D01-L12-C206C103,1.0,1.0,1.0,1.0,1.0
GeneMind_0713,0713,,LC002312-S01-D01-L12-C208C145,1.0,1.0,,1.0,1.0
GeneMind_0713,0713,,LC002665-S01-D01-L12-C206C106,1.0,1.0,,1.0,1.0
GeneMind_0713,0713,,LC002711-S01-D01-L12-C206C111,1.0,1.0,,1.0,1.0
GeneMind_0713,0713,,LC002712-S01-D01-L12-C206C112,1.0,1.0,,1.0,1.0
GeneMind_0713,0713,,LC002719-S01-D01-L12-C206C116,1.0,1.0,,1.0,1.0
GeneMind_0713,0713,,LC002693-S01-D01-L12-C206C107,1.0,1.0,,0.8333333333333334,1.0
GeneMind_0713,0713,,LC002714-S01-D01-L12-C206C113,1.0,1.0,,1.0,1.0
GeneMind_0713,0713,,LC002909-S01-D01-L12-C206C165,1.0,1.0,,1.0,1.0
GeneMind_0713,0713,,LC002303-S01-D01-L12-C208C143,1.0,1.0,,1.0,1.0
GeneMind_0713,0713,,LC002480-S01-D01-L12-C208C138,1.0,1.0,,1.0,1.0
GeneMind_0713,0713,,LC002692-S01-D01-L12-C208C156,1.0,1.0,,1.0,1.0
GeneMind_0713,0713,,LC002658-S01-D01-L12-C208C154,1.0,1.0,,0.8333333333333334,1.0
GeneMind_0713,0713,,LC002647-S01-D01-L12-C206C104,1.0,1.0,,0.8333333333333334,1.0
GeneMind_0713,0713,,LC002664-S01-D01-L12-C206C105,1.0,1.0,,1.0,1.0
GeneMind_0713,0713,,LC001876-S02-D01-L12-C206C130,1.0,1.0,,0.8333333333333334,1.0
GeneMind_0713,0713,,CN001477-S09-D04-L13-C206C131,1.0,1.0,0.8394160583941606,1.0,1.0
GeneMind_0713,0713,,LC002901-S01-D01-L12-C208C160,1.0,1.0,,1.0,1.0
GeneMind_0713,0713,,LC002922-S01-D01-L12-C206C177,1.0,1.0,,1.0,1.0
GeneMind_0713,0713,,LC001929-S01-D01-L12-C206C184,1.0,1.0,,0.8333333333333334,1.0
GeneMind_0713,0713,,LC002060-S01-D01-L12-C206C190,1.0,1.0,,1.0,1.0
GeneMind_0713,0713,,LC002521-S01-D01-L12-C206C191,1.0,1.0,,1.0,1.0
GeneMind_0713,0713,,LC002635-S01-D01-L12-C206C102,1.0,1.0,,1.0,1.0
GeneMind_0713,0713,,LC002636-S01-D01-L12-C206C103,1.0,1.0,,1.0,1.0
260703153244_B174_SKII-R2JC-ZY-Y2_reanalysis_20260710154034,B174,,LC002312-S01-D01-L12-C208C145,1.0,1.0,1.0,1.0,1.0
260703153244_B174_SKII-R2JC-ZY-Y2_reanalysis_20260710154034,B174,,LC002665-S01-D01-L12-C206C106,1.0,1.0,1.0,1.0,1.0
260703153244_B174_SKII-R2JC-ZY-Y2_reanalysis_20260710154034,B174,,LC002711-S01-D01-L12-C206C111,1.0,1.0,1.0,1.0,1.0
260703153244_B174_SKII-R2JC-ZY-Y2_reanalysis_20260710154034,B174,,LC002712-S01-D01-L12-C206C112,1.0,1.0,1.0,1.0,1.0
260703153244_B174_SKII-R2JC-ZY-Y2_reanalysis_20260710154034,B174,,LC002719-S01-D01-L12-C206C116,1.0,1.0,1.0,1.0,1.0
260703153244_B174_SKII-R2JC-ZY-Y2_reanalysis_20260710154034,B174,,LC002693-S01-D01-L12-C206C107,1.0,1.0,0.8333333333333334,0.8333333333333334,1.0
260703153244_B174_SKII-R2JC-ZY-Y2_reanalysis_20260710154034,B174,,LC002714-S01-D01-L12-C206C113,1.0,1.0,1.0,1.0,1.0
260703153244_B174_SKII-R2JC-ZY-Y2_reanalysis_20260710154034,B174,,LC002909-S01-D01-L12-C206C165,1.0,1.0,1.0,1.0,1.0
260703153244_B174_SKII-R2JC-ZY-Y2_reanalysis_20260710154034,B174,,LC002303-S01-D01-L12-C208C143,1.0,1.0,1.0,1.0,1.0
260703153244_B174_SKII-R2JC-ZY-Y2_reanalysis_20260710154034,B174,,LC002480-S01-D01-L12-C208C138,1.0,1.0,1.0,1.0,1.0
260703153244_B174_SKII-R2JC-ZY-Y2_reanalysis_20260710154034,B174,,LC002692-S01-D01-L12-C208C156,1.0,1.0,1.0,1.0,1.0
260703153244_B174_SKII-R2JC-ZY-Y2_reanalysis_20260710154034,B174,,LC002658-S01-D01-L12-C208C154,1.0,1.0,1.0,1.0,1.0
260703153244_B174_SKII-R2JC-ZY-Y2_reanalysis_20260710154034,B174,,LC002647-S01-D01-L12-C206C104,1.0,1.0,0.8333333333333334,0.8333333333333334,1.0
260703153244_B174_SKII-R2JC-ZY-Y2_reanalysis_20260710154034,B174,,LC002664-S01-D01-L12-C206C105,1.0,1.0,1.0,1.0,1.0
260703153244_B174_SKII-R2JC-ZY-Y2_reanalysis_20260710154034,B174,,LC001876-S02-D01-L12-C206C130,1.0,1.0,0.8333333333333334,0.8333333333333334,1.0
260703153244_B174_SKII-R2JC-ZY-Y2_reanalysis_20260710154034,B174,,CN001477-S09-D04-L13-C206C131,1.0,1.0,0.8394160583941606,1.0,1.0
260703153244_B174_SKII-R2JC-ZY-Y2_reanalysis_20260710154034,B174,,LC002901-S01-D01-L12-C208C160,1.0,1.0,1.0,1.0,1.0
260703153244_B174_SKII-R2JC-ZY-Y2_reanalysis_20260710154034,B174,,LC002922-S01-D01-L12-C206C177,1.0,1.0,1.0,1.0,1.0
260703153244_B174_SKII-R2JC-ZY-Y2_reanalysis_20260710154034,B174,,LC001929-S01-D01-L12-C206C184,1.0,1.0,0.8333333333333334,0.8333333333333334,1.0
260703153244_B174_SKII-R2JC-ZY-Y2_reanalysis_20260710154034,B174,,LC002060-S01-D01-L12-C206C190,1.0,1.0,1.0,1.0,1.0
260703153244_B174_SKII-R2JC-ZY-Y2_reanalysis_20260710154034,B174,,LC002521-S01-D01-L12-C206C191,1.0,1.0,1.0,1.0,1.0
260703153244_B174_SKII-R2JC-ZY-Y2_reanalysis_20260710154034,B174,,LC002635-S01-D01-L12-C206C102,0.9736842105263158,1.0,1.0,1.0,1.0
260703153244_B174_SKII-R2JC-ZY-Y2_reanalysis_20260710154034,B174,,LC002636-S01-D01-L12-C206C103,1.0,1.0,1.0,1.0,1.0
