CN001477,一致率,PL2402201_CN001477-S09-D04-L13-C206C131,241023164810_B121_SKII13126-121-YY2-1-241023164810_CN001477-S09-D04-L13-C206C131,241024151121_B115_SKII13133-115-YY2-1-241024151122_CN001477-S09-D04-L13-C206C131,241025162532_B116_SKII13141-116-YY2-2-241025162531_CN001477-S09-D04-L13-C206C131,241026150107_B121_SKII13147-121-YY2-2-241026150108_CN001477-S09-D04-L13-C206C131,241026152151_B115_SKII13148-115-YY2-2-241026152151_CN001477-S09-D04-L13-C206C131,241027150041_B116_SKII13151-116-YY2-3-241027150041_CN001477-S09-D04-L13-C206C131,241028160314_B121_SKII13155-121-YY2-3-241028160314_CN001477-S09-D04-L13-C206C131,241024172116_B130_SKII13138-1011N29-241024172117_CN001477-S09-D04-L13-C206C131,241026165346_B130_SKII13144-121021N12-241026165347_CN001477-S09-D04-L13-C206C131,PL2402402_-_CN001477-S09-D04-L13-C206C131,GZ240557652_-_CN001477-S09-D04-L13-C206C131,GZ240557663_-_CN001477-S09-D04-L13-C206C131,PL2402602_-_CN001477-S09-D04-L13-C206C131,250219151728_B137_SKII13548-YY2-250219151728_CN001477-S09-D04-L13-C206C131,250307163627_B137_SKII13657-YY2-250307163628_CN001477-S09-D04-L13-C206C131,250314152904_B096_SKII13727-QC6-100M-1-250314152905_CN001477-S09-D04-L13-C206C131,250315103452_B097_SKII13731-QC6-100M-1-250315103453_CN001477-S09-D04-L13-C206C131,250506154409_B085_SK13920_RPA-B-YY2-250506154409_CN001477-S09-D04-L13-C206C131,250508152712_B094_SKII13926-RPA-B-YY2-250508152713_CN001477-S09-D04-L13-C206C131,251225113322_B121_SKII1477-PABD_CN001477-S09-D04-L13-C206C131,260321141809_B157_09509B0317N3-YY2-260321141812_CN001477-S09-D04-L13-C206C131,260404153205_B170_SKII15168-YY2-1-260404153205_CN001477-S09-D04-L13-C206C131,260413181025_B170_SKII15205-YY2-2-260413181024_CN001477-S09-D04-L13-C206C131,260428162711_B162_SKII5264-YY2-CLK-A-260428162711_CN001477-S09-D04-L13-C206C131,260429170714_B141_SKII15265-YY223-CTRL-260429170714_CN001477-S09-D04-L13-C206C131,260429170625_B143_SKII15266-YY2-23-DN-260429170627_CN001477-S09-D04-L13-C206C131,260508151426_B172_SKII15277-YY2-WBhot-260508151422_CN001477-S09-D04-L13-C206C131,260508150833_B162_SKII15275-YY2BRS2hot-260508150833_CN001477-S09-D04-L13-C206C131,260521174016_B143_SKII15305-P523NRC-260521174015_CN001477-S09-D04-L13-C206C131,260522164010_B162_SKII15306-I-YY2-260522164010_CN001477-S09-D04-L13-C206C131,260522163748_B141_SKII15307-T-YY2-260522163749_CN001477-S09-D04-L13-C206C131,260523150002_B170_SKII5311-R2JC-YY2-260523150003_CN001477-S09-D04-L13-C206C131,260603175803_B170_SKII15342-R2JC-YY2-260603175804_CN001477-S09-D04-L13-C206C131,260605154758_B177_SKII15350-R2JC-YY2-260605154803_CN001477-S09-D04-L13-C206C131,260701150403_B169_SKII15399-R2JC-3-YY2-260701150404_CN001477-S09-D04-L13-C206C131,BGISEQ_0707_CN001477-S09-D04-L13-C206C131,GeneMind_0713_CN001477-S09-D04-L13-C206C131,260703153244_B174_SKII-R2JC-ZY-Y2_reanalysis_20260710154034_CN001477-S09-D04-L13-C206C131
HLA-A,100.00%,左乙拉西坦|警惕不良反应,左乙拉西坦|警惕不良反应,左乙拉西坦|警惕不良反应,左乙拉西坦|警惕不良反应,左乙拉西坦|警惕不良反应,左乙拉西坦|警惕不良反应,左乙拉西坦|警惕不良反应,左乙拉西坦|警惕不良反应,左乙拉西坦|警惕不良反应,左乙拉西坦|警惕不良反应,左乙拉西坦|警惕不良反应,左乙拉西坦|警惕不良反应,左乙拉西坦|警惕不良反应,左乙拉西坦|警惕不良反应,左乙拉西坦|警惕不良反应,左乙拉西坦|警惕不良反应,左乙拉西坦|警惕不良反应,左乙拉西坦|警惕不良反应,左乙拉西坦|警惕不良反应,左乙拉西坦|警惕不良反应,左乙拉西坦|警惕不良反应,左乙拉西坦|警惕不良反应,左乙拉西坦|警惕不良反应,左乙拉西坦|警惕不良反应,左乙拉西坦|警惕不良反应,左乙拉西坦|警惕不良反应,左乙拉西坦|警惕不良反应,左乙拉西坦|警惕不良反应,左乙拉西坦|警惕不良反应,左乙拉西坦|警惕不良反应,左乙拉西坦|警惕不良反应,左乙拉西坦|警惕不良反应,左乙拉西坦|警惕不良反应,左乙拉西坦|警惕不良反应,左乙拉西坦|警惕不良反应,左乙拉西坦|警惕不良反应,左乙拉西坦|警惕不良反应,左乙拉西坦|警惕不良反应,左乙拉西坦|警惕不良反应
HLA-B,100.00%,阴性,阴性,阴性,阴性,阴性,阴性,阴性,阴性,阴性,阴性,阴性,阴性,阴性,阴性,阴性,阴性,阴性,阴性,阴性,阴性,阴性,阴性,阴性,阴性,阴性,阴性,阴性,阴性,阴性,阴性,阴性,阴性,阴性,阴性,阴性,阴性,阴性,阴性,阴性
HLA-C,100.00%,NA,NA,NA,NA,NA,NA,NA,NA,NA,NA,NA,NA,NA,NA,NA,NA,NA,NA,NA,NA,NA,NA,NA,NA,NA,NA,NA,NA,NA,NA,NA,NA,NA,NA,NA,NA,NA,NA,NA
,,,,,,,,,,,,,,,,,,,,,,,,,,,,,,,,,,,,,,,,
LC001876,一致率,PL2402201_LC001876-S02-D01-L12-C206C130,241023164810_B121_SKII13126-121-YY2-1-241023164810_LC001876-S02-D01-L12-C206C130,241024151121_B115_SKII13133-115-YY2-1-241024151122_LC001876-S02-D01-L12-C206C130,241025162532_B116_SKII13141-116-YY2-2-241025162531_LC001876-S02-D01-L12-C206C130,241026150107_B121_SKII13147-121-YY2-2-241026150108_LC001876-S02-D01-L12-C206C130,241026152151_B115_SKII13148-115-YY2-2-241026152151_LC001876-S02-D01-L12-C206C130,241027150041_B116_SKII13151-116-YY2-3-241027150041_LC001876-S02-D01-L12-C206C130,241028160314_B121_SKII13155-121-YY2-3-241028160314_LC001876-S02-D01-L12-C206C130,241024172116_B130_SKII13138-1011N29-241024172117_LC001876-S02-D01-L12-C206C130,241026165346_B130_SKII13144-121021N12-241026165347_LC001876-S02-D01-L12-C206C130,PL2402402_-_LC001876-S02-D01-L12-C206C130,GZ240557652_-_LC001876-S02-D01-L12-C206C130,GZ240557663_-_LC001876-S02-D01-L12-C206C130,PL2402602_-_LC001876-S02-D01-L12-C206C130,250219151728_B137_SKII13548-YY2-250219151728_LC001876-S02-D01-L12-C206C130,250307163627_B137_SKII13657-YY2-250307163628_LC001876-S02-D01-L12-C206C130,250314152904_B096_SKII13727-QC6-100M-1-250314152905_LC001876-S02-D01-L12-C206C130,250315103452_B097_SKII13731-QC6-100M-1-250315103453_LC001876-S02-D01-L12-C206C130,250506154409_B085_SK13920_RPA-B-YY2-250506154409_LC001876-S02-D01-L12-C206C130,250508152712_B094_SKII13926-RPA-B-YY2-250508152713_LC001876-S02-D01-L12-C206C130,251225113322_B121_SKII1477-PABD_LC001876-S02-D01-L12-C206C130,260321141809_B157_09509B0317N3-YY2-260321141812_LC001876-S02-D01-L12-C206C130,260404153205_B170_SKII15168-YY2-1-260404153205_LC001876-S02-D01-L12-C206C130,260413181025_B170_SKII15205-YY2-2-260413181024_LC001876-S02-D01-L12-C206C130,260428162711_B162_SKII5264-YY2-CLK-A-260428162711_LC001876-S02-D01-L12-C206C130,260429170714_B141_SKII15265-YY223-CTRL-260429170714_LC001876-S02-D01-L12-C206C130,260429170625_B143_SKII15266-YY2-23-DN-260429170627_LC001876-S02-D01-L12-C206C130,260508151426_B172_SKII15277-YY2-WBhot-260508151422_LC001876-S02-D01-L12-C206C130,260508150833_B162_SKII15275-YY2BRS2hot-260508150833_LC001876-S02-D01-L12-C206C130,260521174016_B143_SKII15305-P523NRC-260521174015_LC001876-S02-D01-L12-C206C130,260522164010_B162_SKII15306-I-YY2-260522164010_LC001876-S02-D01-L12-C206C130,260522163748_B141_SKII15307-T-YY2-260522163749_LC001876-S02-D01-L12-C206C130,260523150002_B170_SKII5311-R2JC-YY2-260523150003_LC001876-S02-D01-L12-C206C130,260603175803_B170_SKII15342-R2JC-YY2-260603175804_LC001876-S02-D01-L12-C206C130,260605154758_B177_SKII15350-R2JC-YY2-260605154803_LC001876-S02-D01-L12-C206C130,260701150403_B169_SKII15399-R2JC-3-YY2-260701150404_LC001876-S02-D01-L12-C206C130,BGISEQ_0707_LC001876-S02-D01-L12-C206C130,GeneMind_0713_LC001876-S02-D01-L12-C206C130,260703153244_B174_SKII-R2JC-ZY-Y2_reanalysis_20260710154034_LC001876-S02-D01-L12-C206C130
HLA-A,100.00%,阴性,阴性,阴性,阴性,阴性,阴性,阴性,阴性,阴性,阴性,阴性,阴性,阴性,阴性,阴性,阴性,阴性,阴性,阴性,阴性,阴性,阴性,阴性,阴性,阴性,阴性,阴性,阴性,阴性,阴性,阴性,阴性,阴性,阴性,阴性,阴性,阴性,阴性,阴性
HLA-B,100.00%,阴性,阴性,阴性,阴性,阴性,阴性,阴性,阴性,阴性,阴性,阴性,阴性,阴性,阴性,阴性,阴性,阴性,阴性,阴性,阴性,阴性,阴性,阴性,阴性,阴性,阴性,阴性,阴性,阴性,阴性,阴性,阴性,阴性,阴性,阴性,阴性,阴性,阴性,阴性
HLA-C,100.00%,NA,NA,NA,NA,NA,NA,NA,NA,NA,NA,NA,NA,NA,NA,NA,NA,NA,NA,NA,NA,NA,NA,NA,NA,NA,NA,NA,NA,NA,NA,NA,NA,NA,NA,NA,NA,NA,NA,NA
,,,,,,,,,,,,,,,,,,,,,,,,,,,,,,,,,,,,,,,,
LC001929,一致率,PL2402201_LC001929-S01-D01-L12-C206C184,241023164810_B121_SKII13126-121-YY2-1-241023164810_LC001929-S01-D01-L12-C206C184,241024151121_B115_SKII13133-115-YY2-1-241024151122_LC001929-S01-D01-L12-C206C184,241025162532_B116_SKII13141-116-YY2-2-241025162531_LC001929-S01-D01-L12-C206C184,241026150107_B121_SKII13147-121-YY2-2-241026150108_LC001929-S01-D01-L12-C206C184,241026152151_B115_SKII13148-115-YY2-2-241026152151_LC001929-S01-D01-L12-C206C184,241027150041_B116_SKII13151-116-YY2-3-241027150041_LC001929-S01-D01-L12-C206C184,241028160314_B121_SKII13155-121-YY2-3-241028160314_LC001929-S01-D01-L12-C206C184,241024172116_B130_SKII13138-1011N29-241024172117_LC001929-S01-D01-L12-C206C184,241026165346_B130_SKII13144-121021N12-241026165347_LC001929-S01-D01-L12-C206C184,PL2402402_-_LC001929-S01-D01-L12-C206C184,GZ240557652_-_LC001929-S01-D01-L12-C206C184,GZ240557663_-_LC001929-S01-D01-L12-C206C184,PL2402602_-_LC001929-S01-D01-L12-C206C184,250219151728_B137_SKII13548-YY2-250219151728_LC001929-S01-D01-L12-C206C184,250307163627_B137_SKII13657-YY2-250307163628_LC001929-S01-D01-L12-C206C184,250314152904_B096_SKII13727-QC6-100M-1-250314152905_LC001929-S01-D01-L12-C206C184,250315103452_B097_SKII13731-QC6-100M-1-250315103453_LC001929-S01-D01-L12-C206C184,250506154409_B085_SK13920_RPA-B-YY2-250506154409_LC001929-S01-D01-L12-C206C184,250508152712_B094_SKII13926-RPA-B-YY2-250508152713_LC001929-S01-D01-L12-C206C184,251225113322_B121_SKII1477-PABD_LC001929-S01-D01-L12-C206C184,260321141809_B157_09509B0317N3-YY2-260321141812_LC001929-S01-D01-L12-C206C184,260404153205_B170_SKII15168-YY2-1-260404153205_LC001929-S01-D01-L12-C206C184,260413181025_B170_SKII15205-YY2-2-260413181024_LC001929-S01-D01-L12-C206C184,260428162711_B162_SKII5264-YY2-CLK-A-260428162711_LC001929-S01-D01-L12-C206C184,260429170714_B141_SKII15265-YY223-CTRL-260429170714_LC001929-S01-D01-L12-C206C184,260429170625_B143_SKII15266-YY2-23-DN-260429170627_LC001929-S01-D01-L12-C206C184,260508151426_B172_SKII15277-YY2-WBhot-260508151422_LC001929-S01-D01-L12-C206C184,260508150833_B162_SKII15275-YY2BRS2hot-260508150833_LC001929-S01-D01-L12-C206C184,260521174016_B143_SKII15305-P523NRC-260521174015_LC001929-S01-D01-L12-C206C184,260522164010_B162_SKII15306-I-YY2-260522164010_LC001929-S01-D01-L12-C206C184,260522163748_B141_SKII15307-T-YY2-260522163749_LC001929-S01-D01-L12-C206C184,260523150002_B170_SKII5311-R2JC-YY2-260523150003_LC001929-S01-D01-L12-C206C184,260603175803_B170_SKII15342-R2JC-YY2-260603175804_LC001929-S01-D01-L12-C206C184,260605154758_B177_SKII15350-R2JC-YY2-260605154803_LC001929-S01-D01-L12-C206C184,260701150403_B169_SKII15399-R2JC-3-YY2-260701150404_LC001929-S01-D01-L12-C206C184,BGISEQ_0707_LC001929-S01-D01-L12-C206C184,GeneMind_0713_LC001929-S01-D01-L12-C206C184,260703153244_B174_SKII-R2JC-ZY-Y2_reanalysis_20260710154034_LC001929-S01-D01-L12-C206C184
HLA-A,100.00%,左乙拉西坦|警惕不良反应,左乙拉西坦|警惕不良反应,左乙拉西坦|警惕不良反应,左乙拉西坦|警惕不良反应,左乙拉西坦|警惕不良反应,左乙拉西坦|警惕不良反应,左乙拉西坦|警惕不良反应,左乙拉西坦|警惕不良反应,左乙拉西坦|警惕不良反应,左乙拉西坦|警惕不良反应,左乙拉西坦|警惕不良反应,左乙拉西坦|警惕不良反应,左乙拉西坦|警惕不良反应,左乙拉西坦|警惕不良反应,左乙拉西坦|警惕不良反应,左乙拉西坦|警惕不良反应,左乙拉西坦|警惕不良反应,左乙拉西坦|警惕不良反应,左乙拉西坦|警惕不良反应,左乙拉西坦|警惕不良反应,左乙拉西坦|警惕不良反应,左乙拉西坦|警惕不良反应,左乙拉西坦|警惕不良反应,左乙拉西坦|警惕不良反应,左乙拉西坦|警惕不良反应,左乙拉西坦|警惕不良反应,左乙拉西坦|警惕不良反应,左乙拉西坦|警惕不良反应,左乙拉西坦|警惕不良反应,左乙拉西坦|警惕不良反应,左乙拉西坦|警惕不良反应,左乙拉西坦|警惕不良反应,左乙拉西坦|警惕不良反应,左乙拉西坦|警惕不良反应,左乙拉西坦|警惕不良反应,左乙拉西坦|警惕不良反应,左乙拉西坦|警惕不良反应,左乙拉西坦|警惕不良反应,左乙拉西坦|警惕不良反应
HLA-B,100.00%,卡马西平|警惕不良反应,卡马西平|警惕不良反应,卡马西平|警惕不良反应,卡马西平|警惕不良反应,卡马西平|警惕不良反应,卡马西平|警惕不良反应,卡马西平|警惕不良反应,卡马西平|警惕不良反应,卡马西平|警惕不良反应,卡马西平|警惕不良反应,卡马西平|警惕不良反应,卡马西平|警惕不良反应,卡马西平|警惕不良反应,卡马西平|警惕不良反应,卡马西平|警惕不良反应,卡马西平|警惕不良反应,卡马西平|警惕不良反应,卡马西平|警惕不良反应,卡马西平|警惕不良反应,卡马西平|警惕不良反应,卡马西平|警惕不良反应,卡马西平|警惕不良反应,卡马西平|警惕不良反应,卡马西平|警惕不良反应,卡马西平|警惕不良反应,卡马西平|警惕不良反应,卡马西平|警惕不良反应,卡马西平|警惕不良反应,卡马西平|警惕不良反应,卡马西平|警惕不良反应,卡马西平|警惕不良反应,卡马西平|警惕不良反应,卡马西平|警惕不良反应,卡马西平|警惕不良反应,卡马西平|警惕不良反应,卡马西平|警惕不良反应,卡马西平|警惕不良反应,卡马西平|警惕不良反应,卡马西平|警惕不良反应
HLA-C,100.00%,NA,NA,NA,NA,NA,NA,NA,NA,NA,NA,NA,NA,NA,NA,NA,NA,NA,NA,NA,NA,NA,NA,NA,NA,NA,NA,NA,NA,NA,NA,NA,NA,NA,NA,NA,NA,NA,NA,NA
,,,,,,,,,,,,,,,,,,,,,,,,,,,,,,,,,,,,,,,,
LC002060,一致率,PL2402201_LC002060-S01-D01-L12-C206C190,241023164810_B121_SKII13126-121-YY2-1-241023164810_LC002060-S01-D01-L12-C206C190,241024151121_B115_SKII13133-115-YY2-1-241024151122_LC002060-S01-D01-L12-C206C190,241025162532_B116_SKII13141-116-YY2-2-241025162531_LC002060-S01-D01-L12-C206C190,241026150107_B121_SKII13147-121-YY2-2-241026150108_LC002060-S01-D01-L12-C206C190,241026152151_B115_SKII13148-115-YY2-2-241026152151_LC002060-S01-D01-L12-C206C190,241027150041_B116_SKII13151-116-YY2-3-241027150041_LC002060-S01-D01-L12-C206C190,241028160314_B121_SKII13155-121-YY2-3-241028160314_LC002060-S01-D01-L12-C206C190,241024172116_B130_SKII13138-1011N29-241024172117_LC002060-S01-D01-L12-C206C190,241026165346_B130_SKII13144-121021N12-241026165347_LC002060-S01-D01-L12-C206C190,PL2402402_-_LC002060-S01-D01-L12-C206C190,GZ240557652_-_LC002060-S01-D01-L12-C206C190,GZ240557663_-_LC002060-S01-D01-L12-C206C190,PL2402602_-_LC002060-S01-D01-L12-C206C190,250219151728_B137_SKII13548-YY2-250219151728_LC002060-S01-D01-L12-C206C190,250307163627_B137_SKII13657-YY2-250307163628_LC002060-S01-D01-L12-C206C190,250314152904_B096_SKII13727-QC6-100M-1-250314152905_LC002060-S01-D01-L12-C206C190,250315103452_B097_SKII13731-QC6-100M-1-250315103453_LC002060-S01-D01-L12-C206C190,250506154409_B085_SK13920_RPA-B-YY2-250506154409_LC002060-S01-D01-L12-C206C190,250508152712_B094_SKII13926-RPA-B-YY2-250508152713_LC002060-S01-D01-L12-C206C190,251225113322_B121_SKII1477-PABD_LC002060-S01-D01-L12-C206C190,260321141809_B157_09509B0317N3-YY2-260321141812_LC002060-S01-D01-L12-C206C190,260404153205_B170_SKII15168-YY2-1-260404153205_LC002060-S01-D01-L12-C206C190,260413181025_B170_SKII15205-YY2-2-260413181024_LC002060-S01-D01-L12-C206C190,260428162711_B162_SKII5264-YY2-CLK-A-260428162711_LC002060-S01-D01-L12-C206C190,260429170714_B141_SKII15265-YY223-CTRL-260429170714_LC002060-S01-D01-L12-C206C190,260429170625_B143_SKII15266-YY2-23-DN-260429170627_LC002060-S01-D01-L12-C206C190,260508151426_B172_SKII15277-YY2-WBhot-260508151422_LC002060-S01-D01-L12-C206C190,260508150833_B162_SKII15275-YY2BRS2hot-260508150833_LC002060-S01-D01-L12-C206C190,260521174016_B143_SKII15305-P523NRC-260521174015_LC002060-S01-D01-L12-C206C190,260522164010_B162_SKII15306-I-YY2-260522164010_LC002060-S01-D01-L12-C206C190,260522163748_B141_SKII15307-T-YY2-260522163749_LC002060-S01-D01-L12-C206C190,260523150002_B170_SKII5311-R2JC-YY2-260523150003_LC002060-S01-D01-L12-C206C190,260603175803_B170_SKII15342-R2JC-YY2-260603175804_LC002060-S01-D01-L12-C206C190,260605154758_B177_SKII15350-R2JC-YY2-260605154803_LC002060-S01-D01-L12-C206C190,260701150403_B169_SKII15399-R2JC-3-YY2-260701150404_LC002060-S01-D01-L12-C206C190,BGISEQ_0707_LC002060-S01-D01-L12-C206C190,GeneMind_0713_LC002060-S01-D01-L12-C206C190,260703153244_B174_SKII-R2JC-ZY-Y2_reanalysis_20260710154034_LC002060-S01-D01-L12-C206C190
HLA-A,100.00%,左乙拉西坦|警惕不良反应,左乙拉西坦|警惕不良反应,左乙拉西坦|警惕不良反应,左乙拉西坦|警惕不良反应,左乙拉西坦|警惕不良反应,左乙拉西坦|警惕不良反应,左乙拉西坦|警惕不良反应,左乙拉西坦|警惕不良反应,左乙拉西坦|警惕不良反应,左乙拉西坦|警惕不良反应,左乙拉西坦|警惕不良反应,左乙拉西坦|警惕不良反应,左乙拉西坦|警惕不良反应,左乙拉西坦|警惕不良反应,左乙拉西坦|警惕不良反应,左乙拉西坦|警惕不良反应,左乙拉西坦|警惕不良反应,左乙拉西坦|警惕不良反应,左乙拉西坦|警惕不良反应,左乙拉西坦|警惕不良反应,左乙拉西坦|警惕不良反应,左乙拉西坦|警惕不良反应,左乙拉西坦|警惕不良反应,左乙拉西坦|警惕不良反应,左乙拉西坦|警惕不良反应,左乙拉西坦|警惕不良反应,左乙拉西坦|警惕不良反应,左乙拉西坦|警惕不良反应,左乙拉西坦|警惕不良反应,左乙拉西坦|警惕不良反应,左乙拉西坦|警惕不良反应,左乙拉西坦|警惕不良反应,左乙拉西坦|警惕不良反应,左乙拉西坦|警惕不良反应,左乙拉西坦|警惕不良反应,左乙拉西坦|警惕不良反应,左乙拉西坦|警惕不良反应,左乙拉西坦|警惕不良反应,左乙拉西坦|警惕不良反应
HLA-B,100.00%,卡马西平|不良反应风险降低,卡马西平|不良反应风险降低,卡马西平|不良反应风险降低,卡马西平|不良反应风险降低,卡马西平|不良反应风险降低,卡马西平|不良反应风险降低,卡马西平|不良反应风险降低,卡马西平|不良反应风险降低,卡马西平|不良反应风险降低,卡马西平|不良反应风险降低,卡马西平|不良反应风险降低,卡马西平|不良反应风险降低,卡马西平|不良反应风险降低,卡马西平|不良反应风险降低,卡马西平|不良反应风险降低,卡马西平|不良反应风险降低,卡马西平|不良反应风险降低,卡马西平|不良反应风险降低,卡马西平|不良反应风险降低,卡马西平|不良反应风险降低,卡马西平|不良反应风险降低,卡马西平|不良反应风险降低,卡马西平|不良反应风险降低,卡马西平|不良反应风险降低,卡马西平|不良反应风险降低,卡马西平|不良反应风险降低,卡马西平|不良反应风险降低,卡马西平|不良反应风险降低,卡马西平|不良反应风险降低,卡马西平|不良反应风险降低,卡马西平|不良反应风险降低,卡马西平|不良反应风险降低,卡马西平|不良反应风险降低,卡马西平|不良反应风险降低,卡马西平|不良反应风险降低,卡马西平|不良反应风险降低,卡马西平|不良反应风险降低,卡马西平|不良反应风险降低,卡马西平|不良反应风险降低
HLA-C,100.00%,NA,NA,NA,NA,NA,NA,NA,NA,NA,NA,NA,NA,NA,NA,NA,NA,NA,NA,NA,NA,NA,NA,NA,NA,NA,NA,NA,NA,NA,NA,NA,NA,NA,NA,NA,NA,NA,NA,NA
,,,,,,,,,,,,,,,,,,,,,,,,,,,,,,,,,,,,,,,,
LC002303,一致率,PL2402201_LC002303-S01-D01-L12-C208C143,241023164810_B121_SKII13126-121-YY2-1-241023164810_LC002303-S01-D01-L12-C208C143,241024151121_B115_SKII13133-115-YY2-1-241024151122_LC002303-S01-D01-L12-C208C143,241025162532_B116_SKII13141-116-YY2-2-241025162531_LC002303-S01-D01-L12-C208C143,241026150107_B121_SKII13147-121-YY2-2-241026150108_LC002303-S01-D01-L12-C208C143,241026152151_B115_SKII13148-115-YY2-2-241026152151_LC002303-S01-D01-L12-C208C143,241027150041_B116_SKII13151-116-YY2-3-241027150041_LC002303-S01-D01-L12-C208C143,241028160314_B121_SKII13155-121-YY2-3-241028160314_LC002303-S01-D01-L12-C208C143,241024172116_B130_SKII13138-1011N29-241024172117_LC002303-S01-D01-L12-C208C143,241026165346_B130_SKII13144-121021N12-241026165347_LC002303-S01-D01-L12-C208C143,PL2402402_-_LC002303-S01-D01-L12-C208C143,GZ240557652_-_LC002303-S01-D01-L12-C208C143,GZ240557663_-_LC002303-S01-D01-L12-C208C143,PL2402602_-_LC002303-S01-D01-L12-C208C143,250219151728_B137_SKII13548-YY2-250219151728_LC002303-S01-D01-L12-C208C143,250307163627_B137_SKII13657-YY2-250307163628_LC002303-S01-D01-L12-C208C143,250314152904_B096_SKII13727-QC6-100M-1-250314152905_LC002303-S01-D01-L12-C208C143,250315103452_B097_SKII13731-QC6-100M-1-250315103453_LC002303-S01-D01-L12-C208C143,250506154409_B085_SK13920_RPA-B-YY2-250506154409_LC002303-S01-D01-L12-C208C143,250508152712_B094_SKII13926-RPA-B-YY2-250508152713_LC002303-S01-D01-L12-C208C143,251225113322_B121_SKII1477-PABD_LC002303-S01-D01-L12-C208C143,260321141809_B157_09509B0317N3-YY2-260321141812_LC002303-S01-D01-L12-C208C143,260404153205_B170_SKII15168-YY2-1-260404153205_LC002303-S01-D01-L12-C208C143,260413181025_B170_SKII15205-YY2-2-260413181024_LC002303-S01-D01-L12-C208C143,260428162711_B162_SKII5264-YY2-CLK-A-260428162711_LC002303-S01-D01-L12-C208C143,260429170714_B141_SKII15265-YY223-CTRL-260429170714_LC002303-S01-D01-L12-C208C143,260429170625_B143_SKII15266-YY2-23-DN-260429170627_LC002303-S01-D01-L12-C208C143,260508151426_B172_SKII15277-YY2-WBhot-260508151422_LC002303-S01-D01-L12-C208C143,260508150833_B162_SKII15275-YY2BRS2hot-260508150833_LC002303-S01-D01-L12-C208C143,260521174016_B143_SKII15305-P523NRC-260521174015_LC002303-S01-D01-L12-C208C143,260522164010_B162_SKII15306-I-YY2-260522164010_LC002303-S01-D01-L12-C208C143,260522163748_B141_SKII15307-T-YY2-260522163749_LC002303-S01-D01-L12-C208C143,260523150002_B170_SKII5311-R2JC-YY2-260523150003_LC002303-S01-D01-L12-C208C143,260603175803_B170_SKII15342-R2JC-YY2-260603175804_LC002303-S01-D01-L12-C208C143,260605154758_B177_SKII15350-R2JC-YY2-260605154803_LC002303-S01-D01-L12-C208C143,260701150403_B169_SKII15399-R2JC-3-YY2-260701150404_LC002303-S01-D01-L12-C208C143,BGISEQ_0707_LC002303-S01-D01-L12-C208C143,GeneMind_0713_LC002303-S01-D01-L12-C208C143,260703153244_B174_SKII-R2JC-ZY-Y2_reanalysis_20260710154034_LC002303-S01-D01-L12-C208C143
HLA-A,100.00%,阴性,阴性,阴性,阴性,阴性,阴性,阴性,阴性,阴性,阴性,阴性,阴性,阴性,阴性,阴性,阴性,阴性,阴性,阴性,阴性,阴性,阴性,阴性,阴性,阴性,阴性,阴性,阴性,阴性,阴性,阴性,阴性,阴性,阴性,阴性,阴性,阴性,阴性,阴性
HLA-B,100.00%,阴性,阴性,阴性,阴性,阴性,阴性,阴性,阴性,阴性,阴性,阴性,阴性,阴性,阴性,阴性,阴性,阴性,阴性,阴性,阴性,阴性,阴性,阴性,阴性,阴性,阴性,阴性,阴性,阴性,阴性,阴性,阴性,阴性,阴性,阴性,阴性,阴性,阴性,阴性
HLA-C,100.00%,NA,NA,NA,NA,NA,NA,NA,NA,NA,NA,NA,NA,NA,NA,NA,NA,NA,NA,NA,NA,NA,NA,NA,NA,NA,NA,NA,NA,NA,NA,NA,NA,NA,NA,NA,NA,NA,NA,NA
,,,,,,,,,,,,,,,,,,,,,,,,,,,,,,,,,,,,,,,,
LC002312,一致率,PL2402201_LC002312-S01-D01-L12-C208C145,241023164810_B121_SKII13126-121-YY2-1-241023164810_LC002312-S01-D01-L12-C208C145,241024151121_B115_SKII13133-115-YY2-1-241024151122_LC002312-S01-D01-L12-C208C145,241025162532_B116_SKII13141-116-YY2-2-241025162531_LC002312-S01-D01-L12-C208C145,241026150107_B121_SKII13147-121-YY2-2-241026150108_LC002312-S01-D01-L12-C208C145,241026152151_B115_SKII13148-115-YY2-2-241026152151_LC002312-S01-D01-L12-C208C145,241027150041_B116_SKII13151-116-YY2-3-241027150041_LC002312-S01-D01-L12-C208C145,241028160314_B121_SKII13155-121-YY2-3-241028160314_LC002312-S01-D01-L12-C208C145,241024172116_B130_SKII13138-1011N29-241024172117_LC002312-S01-D01-L12-C208C145,241026165346_B130_SKII13144-121021N12-241026165347_LC002312-S01-D01-L12-C208C145,PL2402402_-_LC002312-S01-D01-L12-C208C145,GZ240557652_-_LC002312-S01-D01-L12-C208C145,GZ240557663_-_LC002312-S01-D01-L12-C208C145,PL2402602_-_LC002312-S01-D01-L12-C208C145,250219151728_B137_SKII13548-YY2-250219151728_LC002312-S01-D01-L12-C208C145,250307163627_B137_SKII13657-YY2-250307163628_LC002312-S01-D01-L12-C208C145,250314152904_B096_SKII13727-QC6-100M-1-250314152905_LC002312-S01-D01-L12-C208C145,250315103452_B097_SKII13731-QC6-100M-1-250315103453_LC002312-S01-D01-L12-C208C145,250506154409_B085_SK13920_RPA-B-YY2-250506154409_LC002312-S01-D01-L12-C208C145,250508152712_B094_SKII13926-RPA-B-YY2-250508152713_LC002312-S01-D01-L12-C208C145,251225113322_B121_SKII1477-PABD_LC002312-S01-D01-L12-C208C145,260321141809_B157_09509B0317N3-YY2-260321141812_LC002312-S01-D01-L12-C208C145,260404153205_B170_SKII15168-YY2-1-260404153205_LC002312-S01-D01-L12-C208C145,260413181025_B170_SKII15205-YY2-2-260413181024_LC002312-S01-D01-L12-C208C145,260428162711_B162_SKII5264-YY2-CLK-A-260428162711_LC002312-S01-D01-L12-C208C145,260429170714_B141_SKII15265-YY223-CTRL-260429170714_LC002312-S01-D01-L12-C208C145,260429170625_B143_SKII15266-YY2-23-DN-260429170627_LC002312-S01-D01-L12-C208C145,260508151426_B172_SKII15277-YY2-WBhot-260508151422_LC002312-S01-D01-L12-C208C145,260508150833_B162_SKII15275-YY2BRS2hot-260508150833_LC002312-S01-D01-L12-C208C145,260521174016_B143_SKII15305-P523NRC-260521174015_LC002312-S01-D01-L12-C208C145,260522164010_B162_SKII15306-I-YY2-260522164010_LC002312-S01-D01-L12-C208C145,260522163748_B141_SKII15307-T-YY2-260522163749_LC002312-S01-D01-L12-C208C145,260523150002_B170_SKII5311-R2JC-YY2-260523150003_LC002312-S01-D01-L12-C208C145,260603175803_B170_SKII15342-R2JC-YY2-260603175804_LC002312-S01-D01-L12-C208C145,260605154758_B177_SKII15350-R2JC-YY2-260605154803_LC002312-S01-D01-L12-C208C145,260701150403_B169_SKII15399-R2JC-3-YY2-260701150404_LC002312-S01-D01-L12-C208C145,BGISEQ_0707_LC002312-S01-D01-L12-C208C145,GeneMind_0713_LC002312-S01-D01-L12-C208C145,260703153244_B174_SKII-R2JC-ZY-Y2_reanalysis_20260710154034_LC002312-S01-D01-L12-C208C145
HLA-A,100.00%,阴性,阴性,阴性,阴性,阴性,阴性,阴性,阴性,阴性,阴性,阴性,阴性,阴性,阴性,阴性,阴性,阴性,阴性,阴性,阴性,阴性,阴性,阴性,阴性,阴性,阴性,阴性,阴性,阴性,阴性,阴性,阴性,阴性,阴性,阴性,阴性,阴性,阴性,阴性
HLA-B,100.00%,阴性,阴性,阴性,阴性,阴性,阴性,阴性,阴性,阴性,阴性,阴性,阴性,阴性,阴性,阴性,阴性,阴性,阴性,阴性,阴性,阴性,阴性,阴性,阴性,阴性,阴性,阴性,阴性,阴性,阴性,阴性,阴性,阴性,阴性,阴性,阴性,阴性,阴性,阴性
HLA-C,100.00%,NA,NA,NA,NA,NA,NA,NA,NA,NA,NA,NA,NA,NA,NA,NA,NA,NA,NA,NA,NA,NA,NA,NA,NA,NA,NA,NA,NA,NA,NA,NA,NA,NA,NA,NA,NA,NA,NA,NA
,,,,,,,,,,,,,,,,,,,,,,,,,,,,,,,,,,,,,,,,
LC002480,一致率,PL2402201_LC002480-S01-D01-L12-C208C138,241023164810_B121_SKII13126-121-YY2-1-241023164810_LC002480-S01-D01-L12-C208C138,241024151121_B115_SKII13133-115-YY2-1-241024151122_LC002480-S01-D01-L12-C208C138,241025162532_B116_SKII13141-116-YY2-2-241025162531_LC002480-S01-D01-L12-C208C138,241026150107_B121_SKII13147-121-YY2-2-241026150108_LC002480-S01-D01-L12-C208C138,241026152151_B115_SKII13148-115-YY2-2-241026152151_LC002480-S01-D01-L12-C208C138,241027150041_B116_SKII13151-116-YY2-3-241027150041_LC002480-S01-D01-L12-C208C138,241028160314_B121_SKII13155-121-YY2-3-241028160314_LC002480-S01-D01-L12-C208C138,241024172116_B130_SKII13138-1011N29-241024172117_LC002480-S01-D01-L12-C208C138,241026165346_B130_SKII13144-121021N12-241026165347_LC002480-S01-D01-L12-C208C138,PL2402402_-_LC002480-S01-D01-L12-C208C138,GZ240557652_-_LC002480-S01-D01-L12-C208C138,GZ240557663_-_LC002480-S01-D01-L12-C208C138,PL2402602_-_LC002480-S01-D01-L12-C208C138,250219151728_B137_SKII13548-YY2-250219151728_LC002480-S01-D01-L12-C208C138,250307163627_B137_SKII13657-YY2-250307163628_LC002480-S01-D01-L12-C208C138,250314152904_B096_SKII13727-QC6-100M-1-250314152905_LC002480-S01-D01-L12-C208C138,250315103452_B097_SKII13731-QC6-100M-1-250315103453_LC002480-S01-D01-L12-C208C138,250506154409_B085_SK13920_RPA-B-YY2-250506154409_LC002480-S01-D01-L12-C208C138,250508152712_B094_SKII13926-RPA-B-YY2-250508152713_LC002480-S01-D01-L12-C208C138,251225113322_B121_SKII1477-PABD_LC002480-S01-D01-L12-C208C138,260321141809_B157_09509B0317N3-YY2-260321141812_LC002480-S01-D01-L12-C208C138,260404153205_B170_SKII15168-YY2-1-260404153205_LC002480-S01-D01-L12-C208C138,260413181025_B170_SKII15205-YY2-2-260413181024_LC002480-S01-D01-L12-C208C138,260428162711_B162_SKII5264-YY2-CLK-A-260428162711_LC002480-S01-D01-L12-C208C138,260429170714_B141_SKII15265-YY223-CTRL-260429170714_LC002480-S01-D01-L12-C208C138,260429170625_B143_SKII15266-YY2-23-DN-260429170627_LC002480-S01-D01-L12-C208C138,260508151426_B172_SKII15277-YY2-WBhot-260508151422_LC002480-S01-D01-L12-C208C138,260508150833_B162_SKII15275-YY2BRS2hot-260508150833_LC002480-S01-D01-L12-C208C138,260521174016_B143_SKII15305-P523NRC-260521174015_LC002480-S01-D01-L12-C208C138,260522164010_B162_SKII15306-I-YY2-260522164010_LC002480-S01-D01-L12-C208C138,260522163748_B141_SKII15307-T-YY2-260522163749_LC002480-S01-D01-L12-C208C138,260523150002_B170_SKII5311-R2JC-YY2-260523150003_LC002480-S01-D01-L12-C208C138,260603175803_B170_SKII15342-R2JC-YY2-260603175804_LC002480-S01-D01-L12-C208C138,260605154758_B177_SKII15350-R2JC-YY2-260605154803_LC002480-S01-D01-L12-C208C138,260701150403_B169_SKII15399-R2JC-3-YY2-260701150404_LC002480-S01-D01-L12-C208C138,BGISEQ_0707_LC002480-S01-D01-L12-C208C138,GeneMind_0713_LC002480-S01-D01-L12-C208C138,260703153244_B174_SKII-R2JC-ZY-Y2_reanalysis_20260710154034_LC002480-S01-D01-L12-C208C138
HLA-A,100.00%,阴性,阴性,阴性,阴性,阴性,阴性,阴性,阴性,阴性,阴性,阴性,阴性,阴性,阴性,阴性,阴性,阴性,阴性,阴性,阴性,阴性,阴性,阴性,阴性,阴性,阴性,阴性,阴性,阴性,阴性,阴性,阴性,阴性,阴性,阴性,阴性,阴性,阴性,阴性
HLA-B,100.00%,阴性,阴性,阴性,阴性,阴性,阴性,阴性,阴性,阴性,阴性,阴性,阴性,阴性,阴性,阴性,阴性,阴性,阴性,阴性,阴性,阴性,阴性,阴性,阴性,阴性,阴性,阴性,阴性,阴性,阴性,阴性,阴性,阴性,阴性,阴性,阴性,阴性,阴性,阴性
HLA-C,100.00%,NA,NA,NA,NA,NA,NA,NA,NA,NA,NA,NA,NA,NA,NA,NA,NA,NA,NA,NA,NA,NA,NA,NA,NA,NA,NA,NA,NA,NA,NA,NA,NA,NA,NA,NA,NA,NA,NA,NA
,,,,,,,,,,,,,,,,,,,,,,,,,,,,,,,,,,,,,,,,
LC002521,一致率,PL2402201_LC002521-S01-D01-L12-C206C191,241023164810_B121_SKII13126-121-YY2-1-241023164810_LC002521-S01-D01-L12-C206C191,241024151121_B115_SKII13133-115-YY2-1-241024151122_LC002521-S01-D01-L12-C206C191,241025162532_B116_SKII13141-116-YY2-2-241025162531_LC002521-S01-D01-L12-C206C191,241026150107_B121_SKII13147-121-YY2-2-241026150108_LC002521-S01-D01-L12-C206C191,241026152151_B115_SKII13148-115-YY2-2-241026152151_LC002521-S01-D01-L12-C206C191,241027150041_B116_SKII13151-116-YY2-3-241027150041_LC002521-S01-D01-L12-C206C191,241028160314_B121_SKII13155-121-YY2-3-241028160314_LC002521-S01-D01-L12-C206C191,241024172116_B130_SKII13138-1011N29-241024172117_LC002521-S01-D01-L12-C206C191,241026165346_B130_SKII13144-121021N12-241026165347_LC002521-S01-D01-L12-C206C191,PL2402402_-_LC002521-S01-D01-L12-C206C191,GZ240557652_-_LC002521-S01-D01-L12-C206C191,GZ240557663_-_LC002521-S01-D01-L12-C206C191,PL2402602_-_LC002521-S01-D01-L12-C206C191,250219151728_B137_SKII13548-YY2-250219151728_LC002521-S01-D01-L12-C206C191,250307163627_B137_SKII13657-YY2-250307163628_LC002521-S01-D01-L12-C206C191,250314152904_B096_SKII13727-QC6-100M-1-250314152905_LC002521-S01-D01-L12-C206C191,250315103452_B097_SKII13731-QC6-100M-1-250315103453_LC002521-S01-D01-L12-C206C191,250506154409_B085_SK13920_RPA-B-YY2-250506154409_LC002521-S01-D01-L12-C206C191,250508152712_B094_SKII13926-RPA-B-YY2-250508152713_LC002521-S01-D01-L12-C206C191,251225113322_B121_SKII1477-PABD_LC002521-S01-D01-L12-C206C191,260321141809_B157_09509B0317N3-YY2-260321141812_LC002521-S01-D01-L12-C206C191,260404153205_B170_SKII15168-YY2-1-260404153205_LC002521-S01-D01-L12-C206C191,260413181025_B170_SKII15205-YY2-2-260413181024_LC002521-S01-D01-L12-C206C191,260428162711_B162_SKII5264-YY2-CLK-A-260428162711_LC002521-S01-D01-L12-C206C191,260429170714_B141_SKII15265-YY223-CTRL-260429170714_LC002521-S01-D01-L12-C206C191,260429170625_B143_SKII15266-YY2-23-DN-260429170627_LC002521-S01-D01-L12-C206C191,260508151426_B172_SKII15277-YY2-WBhot-260508151422_LC002521-S01-D01-L12-C206C191,260508150833_B162_SKII15275-YY2BRS2hot-260508150833_LC002521-S01-D01-L12-C206C191,260521174016_B143_SKII15305-P523NRC-260521174015_LC002521-S01-D01-L12-C206C191,260522164010_B162_SKII15306-I-YY2-260522164010_LC002521-S01-D01-L12-C206C191,260522163748_B141_SKII15307-T-YY2-260522163749_LC002521-S01-D01-L12-C206C191,260523150002_B170_SKII5311-R2JC-YY2-260523150003_LC002521-S01-D01-L12-C206C191,260603175803_B170_SKII15342-R2JC-YY2-260603175804_LC002521-S01-D01-L12-C206C191,260605154758_B177_SKII15350-R2JC-YY2-260605154803_LC002521-S01-D01-L12-C206C191,260701150403_B169_SKII15399-R2JC-3-YY2-260701150404_LC002521-S01-D01-L12-C206C191,BGISEQ_0707_LC002521-S01-D01-L12-C206C191,GeneMind_0713_LC002521-S01-D01-L12-C206C191,260703153244_B174_SKII-R2JC-ZY-Y2_reanalysis_20260710154034_LC002521-S01-D01-L12-C206C191
HLA-A,100.00%,左乙拉西坦|警惕不良反应,左乙拉西坦|警惕不良反应,左乙拉西坦|警惕不良反应,左乙拉西坦|警惕不良反应,左乙拉西坦|警惕不良反应,左乙拉西坦|警惕不良反应,左乙拉西坦|警惕不良反应,左乙拉西坦|警惕不良反应,左乙拉西坦|警惕不良反应,左乙拉西坦|警惕不良反应,左乙拉西坦|警惕不良反应,左乙拉西坦|警惕不良反应,左乙拉西坦|警惕不良反应,左乙拉西坦|警惕不良反应,左乙拉西坦|警惕不良反应,左乙拉西坦|警惕不良反应,左乙拉西坦|警惕不良反应,左乙拉西坦|警惕不良反应,左乙拉西坦|警惕不良反应,左乙拉西坦|警惕不良反应,左乙拉西坦|警惕不良反应,左乙拉西坦|警惕不良反应,左乙拉西坦|警惕不良反应,左乙拉西坦|警惕不良反应,左乙拉西坦|警惕不良反应,左乙拉西坦|警惕不良反应,左乙拉西坦|警惕不良反应,左乙拉西坦|警惕不良反应,左乙拉西坦|警惕不良反应,左乙拉西坦|警惕不良反应,左乙拉西坦|警惕不良反应,左乙拉西坦|警惕不良反应,左乙拉西坦|警惕不良反应,左乙拉西坦|警惕不良反应,左乙拉西坦|警惕不良反应,左乙拉西坦|警惕不良反应,左乙拉西坦|警惕不良反应,左乙拉西坦|警惕不良反应,左乙拉西坦|警惕不良反应
HLA-B,100.00%,拉莫三嗪|警惕不良反应,拉莫三嗪|警惕不良反应,拉莫三嗪|警惕不良反应,拉莫三嗪|警惕不良反应,拉莫三嗪|警惕不良反应,拉莫三嗪|警惕不良反应,拉莫三嗪|警惕不良反应,拉莫三嗪|警惕不良反应,拉莫三嗪|警惕不良反应,拉莫三嗪|警惕不良反应,拉莫三嗪|警惕不良反应,拉莫三嗪|警惕不良反应,拉莫三嗪|警惕不良反应,拉莫三嗪|警惕不良反应,拉莫三嗪|警惕不良反应,拉莫三嗪|警惕不良反应,拉莫三嗪|警惕不良反应,拉莫三嗪|警惕不良反应,拉莫三嗪|警惕不良反应,拉莫三嗪|警惕不良反应,拉莫三嗪|警惕不良反应,拉莫三嗪|警惕不良反应,拉莫三嗪|警惕不良反应,拉莫三嗪|警惕不良反应,拉莫三嗪|警惕不良反应,拉莫三嗪|警惕不良反应,拉莫三嗪|警惕不良反应,拉莫三嗪|警惕不良反应,拉莫三嗪|警惕不良反应,拉莫三嗪|警惕不良反应,拉莫三嗪|警惕不良反应,拉莫三嗪|警惕不良反应,拉莫三嗪|警惕不良反应,拉莫三嗪|警惕不良反应,拉莫三嗪|警惕不良反应,拉莫三嗪|警惕不良反应,拉莫三嗪|警惕不良反应,拉莫三嗪|警惕不良反应,拉莫三嗪|警惕不良反应
HLA-C,100.00%,NA,NA,NA,NA,NA,NA,NA,NA,NA,NA,NA,NA,NA,NA,NA,NA,NA,NA,NA,NA,NA,NA,NA,NA,NA,NA,NA,NA,NA,NA,NA,NA,NA,NA,NA,NA,NA,NA,NA
,,,,,,,,,,,,,,,,,,,,,,,,,,,,,,,,,,,,,,,,
LC002635,一致率,PL2402201_LC002635-S01-D01-L12-C206C102,241023164810_B121_SKII13126-121-YY2-1-241023164810_LC002635-S01-D01-L12-C206C102,241024151121_B115_SKII13133-115-YY2-1-241024151122_LC002635-S01-D01-L12-C206C102,241025162532_B116_SKII13141-116-YY2-2-241025162531_LC002635-S01-D01-L12-C206C102,241026150107_B121_SKII13147-121-YY2-2-241026150108_LC002635-S01-D01-L12-C206C102,241026152151_B115_SKII13148-115-YY2-2-241026152151_LC002635-S01-D01-L12-C206C102,241027150041_B116_SKII13151-116-YY2-3-241027150041_LC002635-S01-D01-L12-C206C102,241028160314_B121_SKII13155-121-YY2-3-241028160314_LC002635-S01-D01-L12-C206C102,241024172116_B130_SKII13138-1011N29-241024172117_LC002635-S01-D01-L12-C206C102,241026165346_B130_SKII13144-121021N12-241026165347_LC002635-S01-D01-L12-C206C102,PL2402402_-_LC002635-S01-D01-L12-C206C102,GZ240557652_-_LC002635-S01-D01-L12-C206C102,GZ240557663_-_LC002635-S01-D01-L12-C206C102,PL2402602_-_LC002635-S01-D01-L12-C206C102,250219151728_B137_SKII13548-YY2-250219151728_LC002635-S01-D01-L12-C206C102,250307163627_B137_SKII13657-YY2-250307163628_LC002635-S01-D01-L12-C206C102,250314152904_B096_SKII13727-QC6-100M-1-250314152905_LC002635-S01-D01-L12-C206C102,250315103452_B097_SKII13731-QC6-100M-1-250315103453_LC002635-S01-D01-L12-C206C102,250506154409_B085_SK13920_RPA-B-YY2-250506154409_LC002635-S01-D01-L12-C206C102,250508152712_B094_SKII13926-RPA-B-YY2-250508152713_LC002635-S01-D01-L12-C206C102,251225113322_B121_SKII1477-PABD_LC002635-S01-D01-L12-C206C102,260321141809_B157_09509B0317N3-YY2-260321141812_LC002635-S01-D01-L12-C206C102,260404153205_B170_SKII15168-YY2-1-260404153205_LC002635-S01-D01-L12-C206C102,260413181025_B170_SKII15205-YY2-2-260413181024_LC002635-S01-D01-L12-C206C102,260428162711_B162_SKII5264-YY2-CLK-A-260428162711_LC002635-S01-D01-L12-C206C102,260429170714_B141_SKII15265-YY223-CTRL-260429170714_LC002635-S01-D01-L12-C206C102,260429170625_B143_SKII15266-YY2-23-DN-260429170627_LC002635-S01-D01-L12-C206C102,260508151426_B172_SKII15277-YY2-WBhot-260508151422_LC002635-S01-D01-L12-C206C102,260508150833_B162_SKII15275-YY2BRS2hot-260508150833_LC002635-S01-D01-L12-C206C102,260521174016_B143_SKII15305-P523NRC-260521174015_LC002635-S01-D01-L12-C206C102,260522164010_B162_SKII15306-I-YY2-260522164010_LC002635-S01-D01-L12-C206C102,260522163748_B141_SKII15307-T-YY2-260522163749_LC002635-S01-D01-L12-C206C102,260523150002_B170_SKII5311-R2JC-YY2-260523150003_LC002635-S01-D01-L12-C206C102,260603175803_B170_SKII15342-R2JC-YY2-260603175804_LC002635-S01-D01-L12-C206C102,260605154758_B177_SKII15350-R2JC-YY2-260605154803_LC002635-S01-D01-L12-C206C102,260701150403_B169_SKII15399-R2JC-3-YY2-260701150404_LC002635-S01-D01-L12-C206C102,BGISEQ_0707_LC002635-S01-D01-L12-C206C102,GeneMind_0713_LC002635-S01-D01-L12-C206C102,260703153244_B174_SKII-R2JC-ZY-Y2_reanalysis_20260710154034_LC002635-S01-D01-L12-C206C102
HLA-A,100.00%,阴性,阴性,阴性,阴性,阴性,阴性,阴性,阴性,阴性,阴性,阴性,阴性,阴性,阴性,阴性,阴性,阴性,阴性,阴性,阴性,阴性,阴性,阴性,阴性,阴性,阴性,阴性,阴性,阴性,阴性,阴性,阴性,阴性,阴性,阴性,阴性,阴性,阴性,阴性
HLA-B,100.00%,卡马西平|不良反应风险降低,卡马西平|不良反应风险降低,卡马西平|不良反应风险降低,卡马西平|不良反应风险降低,卡马西平|不良反应风险降低,卡马西平|不良反应风险降低,卡马西平|不良反应风险降低,卡马西平|不良反应风险降低,卡马西平|不良反应风险降低,卡马西平|不良反应风险降低,卡马西平|不良反应风险降低,卡马西平|不良反应风险降低,卡马西平|不良反应风险降低,卡马西平|不良反应风险降低,卡马西平|不良反应风险降低,卡马西平|不良反应风险降低,卡马西平|不良反应风险降低,卡马西平|不良反应风险降低,卡马西平|不良反应风险降低,卡马西平|不良反应风险降低,卡马西平|不良反应风险降低,卡马西平|不良反应风险降低,卡马西平|不良反应风险降低,卡马西平|不良反应风险降低,卡马西平|不良反应风险降低,卡马西平|不良反应风险降低,卡马西平|不良反应风险降低,卡马西平|不良反应风险降低,卡马西平|不良反应风险降低,卡马西平|不良反应风险降低,卡马西平|不良反应风险降低,卡马西平|不良反应风险降低,卡马西平|不良反应风险降低,卡马西平|不良反应风险降低,卡马西平|不良反应风险降低,卡马西平|不良反应风险降低,卡马西平|不良反应风险降低,卡马西平|不良反应风险降低,卡马西平|不良反应风险降低
HLA-C,100.00%,NA,NA,NA,NA,NA,NA,NA,NA,NA,NA,NA,NA,NA,NA,NA,NA,NA,NA,NA,NA,NA,NA,NA,NA,NA,NA,NA,NA,NA,NA,NA,NA,NA,NA,NA,NA,NA,NA,NA
,,,,,,,,,,,,,,,,,,,,,,,,,,,,,,,,,,,,,,,,
LC002636,一致率,PL2402201_LC002636-S01-D01-L12-C206C103,241023164810_B121_SKII13126-121-YY2-1-241023164810_LC002636-S01-D01-L12-C206C103,241024151121_B115_SKII13133-115-YY2-1-241024151122_LC002636-S01-D01-L12-C206C103,241025162532_B116_SKII13141-116-YY2-2-241025162531_LC002636-S01-D01-L12-C206C103,241026150107_B121_SKII13147-121-YY2-2-241026150108_LC002636-S01-D01-L12-C206C103,241026152151_B115_SKII13148-115-YY2-2-241026152151_LC002636-S01-D01-L12-C206C103,241027150041_B116_SKII13151-116-YY2-3-241027150041_LC002636-S01-D01-L12-C206C103,241028160314_B121_SKII13155-121-YY2-3-241028160314_LC002636-S01-D01-L12-C206C103,241024172116_B130_SKII13138-1011N29-241024172117_LC002636-S01-D01-L12-C206C103,241026165346_B130_SKII13144-121021N12-241026165347_LC002636-S01-D01-L12-C206C103,PL2402402_-_LC002636-S01-D01-L12-C206C103,GZ240557652_-_LC002636-S01-D01-L12-C206C103,GZ240557663_-_LC002636-S01-D01-L12-C206C103,PL2402602_-_LC002636-S01-D01-L12-C206C103,250219151728_B137_SKII13548-YY2-250219151728_LC002636-S01-D01-L12-C206C103,250307163627_B137_SKII13657-YY2-250307163628_LC002636-S01-D01-L12-C206C103,250314152904_B096_SKII13727-QC6-100M-1-250314152905_LC002636-S01-D01-L12-C206C103,250315103452_B097_SKII13731-QC6-100M-1-250315103453_LC002636-S01-D01-L12-C206C103,250506154409_B085_SK13920_RPA-B-YY2-250506154409_LC002636-S01-D01-L12-C206C103,250508152712_B094_SKII13926-RPA-B-YY2-250508152713_LC002636-S01-D01-L12-C206C103,251225113322_B121_SKII1477-PABD_LC002636-S01-D01-L12-C206C103,260321141809_B157_09509B0317N3-YY2-260321141812_LC002636-S01-D01-L12-C206C103,260404153205_B170_SKII15168-YY2-1-260404153205_LC002636-S01-D01-L12-C206C103,260413181025_B170_SKII15205-YY2-2-260413181024_LC002636-S01-D01-L12-C206C103,260428162711_B162_SKII5264-YY2-CLK-A-260428162711_LC002636-S01-D01-L12-C206C103,260429170714_B141_SKII15265-YY223-CTRL-260429170714_LC002636-S01-D01-L12-C206C103,260429170625_B143_SKII15266-YY2-23-DN-260429170627_LC002636-S01-D01-L12-C206C103,260508151426_B172_SKII15277-YY2-WBhot-260508151422_LC002636-S01-D01-L12-C206C103,260508150833_B162_SKII15275-YY2BRS2hot-260508150833_LC002636-S01-D01-L12-C206C103,260521174016_B143_SKII15305-P523NRC-260521174015_LC002636-S01-D01-L12-C206C103,260522164010_B162_SKII15306-I-YY2-260522164010_LC002636-S01-D01-L12-C206C103,260522163748_B141_SKII15307-T-YY2-260522163749_LC002636-S01-D01-L12-C206C103,260523150002_B170_SKII5311-R2JC-YY2-260523150003_LC002636-S01-D01-L12-C206C103,260603175803_B170_SKII15342-R2JC-YY2-260603175804_LC002636-S01-D01-L12-C206C103,260605154758_B177_SKII15350-R2JC-YY2-260605154803_LC002636-S01-D01-L12-C206C103,260701150403_B169_SKII15399-R2JC-3-YY2-260701150404_LC002636-S01-D01-L12-C206C103,BGISEQ_0707_LC002636-S01-D01-L12-C206C103,GeneMind_0713_LC002636-S01-D01-L12-C206C103,260703153244_B174_SKII-R2JC-ZY-Y2_reanalysis_20260710154034_LC002636-S01-D01-L12-C206C103
HLA-A,100.00%,阴性,阴性,阴性,阴性,阴性,阴性,阴性,阴性,阴性,阴性,阴性,阴性,阴性,阴性,阴性,阴性,阴性,阴性,阴性,阴性,阴性,阴性,阴性,阴性,阴性,阴性,阴性,阴性,阴性,阴性,阴性,阴性,阴性,阴性,阴性,阴性,阴性,阴性,阴性
HLA-B,100.00%,卡马西平|不良反应风险降低,卡马西平|不良反应风险降低,卡马西平|不良反应风险降低,卡马西平|不良反应风险降低,卡马西平|不良反应风险降低,卡马西平|不良反应风险降低,卡马西平|不良反应风险降低,卡马西平|不良反应风险降低,卡马西平|不良反应风险降低,卡马西平|不良反应风险降低,卡马西平|不良反应风险降低,卡马西平|不良反应风险降低,卡马西平|不良反应风险降低,卡马西平|不良反应风险降低,卡马西平|不良反应风险降低,卡马西平|不良反应风险降低,卡马西平|不良反应风险降低,卡马西平|不良反应风险降低,卡马西平|不良反应风险降低,卡马西平|不良反应风险降低,卡马西平|不良反应风险降低,卡马西平|不良反应风险降低,卡马西平|不良反应风险降低,卡马西平|不良反应风险降低,卡马西平|不良反应风险降低,卡马西平|不良反应风险降低,卡马西平|不良反应风险降低,卡马西平|不良反应风险降低,卡马西平|不良反应风险降低,卡马西平|不良反应风险降低,卡马西平|不良反应风险降低,卡马西平|不良反应风险降低,卡马西平|不良反应风险降低,卡马西平|不良反应风险降低,卡马西平|不良反应风险降低,卡马西平|不良反应风险降低,卡马西平|不良反应风险降低,卡马西平|不良反应风险降低,卡马西平|不良反应风险降低
HLA-C,100.00%,NA,NA,NA,NA,NA,NA,NA,NA,NA,NA,NA,NA,NA,NA,NA,NA,NA,NA,NA,NA,NA,NA,NA,NA,NA,NA,NA,NA,NA,NA,NA,NA,NA,NA,NA,NA,NA,NA,NA
,,,,,,,,,,,,,,,,,,,,,,,,,,,,,,,,,,,,,,,,
LC002647,一致率,PL2402201_LC002647-S01-D01-L12-C206C104,241023164810_B121_SKII13126-121-YY2-1-241023164810_LC002647-S01-D01-L12-C206C104,241024151121_B115_SKII13133-115-YY2-1-241024151122_LC002647-S01-D01-L12-C206C104,241025162532_B116_SKII13141-116-YY2-2-241025162531_LC002647-S01-D01-L12-C206C104,241026150107_B121_SKII13147-121-YY2-2-241026150108_LC002647-S01-D01-L12-C206C104,241026152151_B115_SKII13148-115-YY2-2-241026152151_LC002647-S01-D01-L12-C206C104,241027150041_B116_SKII13151-116-YY2-3-241027150041_LC002647-S01-D01-L12-C206C104,241028160314_B121_SKII13155-121-YY2-3-241028160314_LC002647-S01-D01-L12-C206C104,241024172116_B130_SKII13138-1011N29-241024172117_LC002647-S01-D01-L12-C206C104,241026165346_B130_SKII13144-121021N12-241026165347_LC002647-S01-D01-L12-C206C104,PL2402402_-_LC002647-S01-D01-L12-C206C104,GZ240557652_-_LC002647-S01-D01-L12-C206C104,GZ240557663_-_LC002647-S01-D01-L12-C206C104,PL2402602_-_LC002647-S01-D01-L12-C206C104,250219151728_B137_SKII13548-YY2-250219151728_LC002647-S01-D01-L12-C206C104,250307163627_B137_SKII13657-YY2-250307163628_LC002647-S01-D01-L12-C206C104,250314152904_B096_SKII13727-QC6-100M-1-250314152905_LC002647-S01-D01-L12-C206C104,250315103452_B097_SKII13731-QC6-100M-1-250315103453_LC002647-S01-D01-L12-C206C104,250506154409_B085_SK13920_RPA-B-YY2-250506154409_LC002647-S01-D01-L12-C206C104,250508152712_B094_SKII13926-RPA-B-YY2-250508152713_LC002647-S01-D01-L12-C206C104,251225113322_B121_SKII1477-PABD_LC002647-S01-D01-L12-C206C104,260321141809_B157_09509B0317N3-YY2-260321141812_LC002647-S01-D01-L12-C206C104,260404153205_B170_SKII15168-YY2-1-260404153205_LC002647-S01-D01-L12-C206C104,260413181025_B170_SKII15205-YY2-2-260413181024_LC002647-S01-D01-L12-C206C104,260428162711_B162_SKII5264-YY2-CLK-A-260428162711_LC002647-S01-D01-L12-C206C104,260429170714_B141_SKII15265-YY223-CTRL-260429170714_LC002647-S01-D01-L12-C206C104,260429170625_B143_SKII15266-YY2-23-DN-260429170627_LC002647-S01-D01-L12-C206C104,260508151426_B172_SKII15277-YY2-WBhot-260508151422_LC002647-S01-D01-L12-C206C104,260508150833_B162_SKII15275-YY2BRS2hot-260508150833_LC002647-S01-D01-L12-C206C104,260521174016_B143_SKII15305-P523NRC-260521174015_LC002647-S01-D01-L12-C206C104,260522164010_B162_SKII15306-I-YY2-260522164010_LC002647-S01-D01-L12-C206C104,260522163748_B141_SKII15307-T-YY2-260522163749_LC002647-S01-D01-L12-C206C104,260523150002_B170_SKII5311-R2JC-YY2-260523150003_LC002647-S01-D01-L12-C206C104,260603175803_B170_SKII15342-R2JC-YY2-260603175804_LC002647-S01-D01-L12-C206C104,260605154758_B177_SKII15350-R2JC-YY2-260605154803_LC002647-S01-D01-L12-C206C104,260701150403_B169_SKII15399-R2JC-3-YY2-260701150404_LC002647-S01-D01-L12-C206C104,BGISEQ_0707_LC002647-S01-D01-L12-C206C104,GeneMind_0713_LC002647-S01-D01-L12-C206C104,260703153244_B174_SKII-R2JC-ZY-Y2_reanalysis_20260710154034_LC002647-S01-D01-L12-C206C104
HLA-A,100.00%,阴性,阴性,阴性,阴性,阴性,阴性,阴性,阴性,阴性,阴性,阴性,阴性,阴性,阴性,阴性,阴性,阴性,阴性,阴性,阴性,阴性,阴性,阴性,阴性,阴性,阴性,阴性,阴性,阴性,阴性,阴性,阴性,阴性,阴性,阴性,阴性,阴性,阴性,阴性
HLA-B,100.00%,拉莫三嗪|警惕不良反应,拉莫三嗪|警惕不良反应,拉莫三嗪|警惕不良反应,拉莫三嗪|警惕不良反应,拉莫三嗪|警惕不良反应,拉莫三嗪|警惕不良反应,拉莫三嗪|警惕不良反应,拉莫三嗪|警惕不良反应,拉莫三嗪|警惕不良反应,拉莫三嗪|警惕不良反应,拉莫三嗪|警惕不良反应,拉莫三嗪|警惕不良反应,拉莫三嗪|警惕不良反应,拉莫三嗪|警惕不良反应,拉莫三嗪|警惕不良反应,拉莫三嗪|警惕不良反应,拉莫三嗪|警惕不良反应,拉莫三嗪|警惕不良反应,拉莫三嗪|警惕不良反应,拉莫三嗪|警惕不良反应,拉莫三嗪|警惕不良反应,拉莫三嗪|警惕不良反应,拉莫三嗪|警惕不良反应,拉莫三嗪|警惕不良反应,拉莫三嗪|警惕不良反应,拉莫三嗪|警惕不良反应,拉莫三嗪|警惕不良反应,拉莫三嗪|警惕不良反应,拉莫三嗪|警惕不良反应,拉莫三嗪|警惕不良反应,拉莫三嗪|警惕不良反应,拉莫三嗪|警惕不良反应,拉莫三嗪|警惕不良反应,拉莫三嗪|警惕不良反应,拉莫三嗪|警惕不良反应,拉莫三嗪|警惕不良反应,拉莫三嗪|警惕不良反应,拉莫三嗪|警惕不良反应,拉莫三嗪|警惕不良反应
HLA-C,100.00%,NA,NA,NA,NA,NA,NA,NA,NA,NA,NA,NA,NA,NA,NA,NA,NA,NA,NA,NA,NA,NA,NA,NA,NA,NA,NA,NA,NA,NA,NA,NA,NA,NA,NA,NA,NA,NA,NA,NA
,,,,,,,,,,,,,,,,,,,,,,,,,,,,,,,,,,,,,,,,
LC002658,一致率,PL2402201_LC002658-S01-D01-L12-C208C154,241023164810_B121_SKII13126-121-YY2-1-241023164810_LC002658-S01-D01-L12-C208C154,241024151121_B115_SKII13133-115-YY2-1-241024151122_LC002658-S01-D01-L12-C208C154,241025162532_B116_SKII13141-116-YY2-2-241025162531_LC002658-S01-D01-L12-C208C154,241026150107_B121_SKII13147-121-YY2-2-241026150108_LC002658-S01-D01-L12-C208C154,241026152151_B115_SKII13148-115-YY2-2-241026152151_LC002658-S01-D01-L12-C208C154,241027150041_B116_SKII13151-116-YY2-3-241027150041_LC002658-S01-D01-L12-C208C154,241028160314_B121_SKII13155-121-YY2-3-241028160314_LC002658-S01-D01-L12-C208C154,241024172116_B130_SKII13138-1011N29-241024172117_LC002658-S01-D01-L12-C208C154,241026165346_B130_SKII13144-121021N12-241026165347_LC002658-S01-D01-L12-C208C154,PL2402402_-_LC002658-S01-D01-L12-C208C154,GZ240557652_-_LC002658-S01-D01-L12-C208C154,GZ240557663_-_LC002658-S01-D01-L12-C208C154,PL2402602_-_LC002658-S01-D01-L12-C208C154,250219151728_B137_SKII13548-YY2-250219151728_LC002658-S01-D01-L12-C208C154,250307163627_B137_SKII13657-YY2-250307163628_LC002658-S01-D01-L12-C208C154,250314152904_B096_SKII13727-QC6-100M-1-250314152905_LC002658-S01-D01-L12-C208C154,250315103452_B097_SKII13731-QC6-100M-1-250315103453_LC002658-S01-D01-L12-C208C154,250506154409_B085_SK13920_RPA-B-YY2-250506154409_LC002658-S01-D01-L12-C208C154,250508152712_B094_SKII13926-RPA-B-YY2-250508152713_LC002658-S01-D01-L12-C208C154,251225113322_B121_SKII1477-PABD_LC002658-S01-D01-L12-C208C154,260321141809_B157_09509B0317N3-YY2-260321141812_LC002658-S01-D01-L12-C208C154,260404153205_B170_SKII15168-YY2-1-260404153205_LC002658-S01-D01-L12-C208C154,260413181025_B170_SKII15205-YY2-2-260413181024_LC002658-S01-D01-L12-C208C154,260428162711_B162_SKII5264-YY2-CLK-A-260428162711_LC002658-S01-D01-L12-C208C154,260429170714_B141_SKII15265-YY223-CTRL-260429170714_LC002658-S01-D01-L12-C208C154,260429170625_B143_SKII15266-YY2-23-DN-260429170627_LC002658-S01-D01-L12-C208C154,260508151426_B172_SKII15277-YY2-WBhot-260508151422_LC002658-S01-D01-L12-C208C154,260508150833_B162_SKII15275-YY2BRS2hot-260508150833_LC002658-S01-D01-L12-C208C154,260521174016_B143_SKII15305-P523NRC-260521174015_LC002658-S01-D01-L12-C208C154,260522164010_B162_SKII15306-I-YY2-260522164010_LC002658-S01-D01-L12-C208C154,260522163748_B141_SKII15307-T-YY2-260522163749_LC002658-S01-D01-L12-C208C154,260523150002_B170_SKII5311-R2JC-YY2-260523150003_LC002658-S01-D01-L12-C208C154,260603175803_B170_SKII15342-R2JC-YY2-260603175804_LC002658-S01-D01-L12-C208C154,260605154758_B177_SKII15350-R2JC-YY2-260605154803_LC002658-S01-D01-L12-C208C154,260701150403_B169_SKII15399-R2JC-3-YY2-260701150404_LC002658-S01-D01-L12-C208C154,BGISEQ_0707_LC002658-S01-D01-L12-C208C154,GeneMind_0713_LC002658-S01-D01-L12-C208C154,260703153244_B174_SKII-R2JC-ZY-Y2_reanalysis_20260710154034_LC002658-S01-D01-L12-C208C154
HLA-A,100.00%,左乙拉西坦|警惕不良反应,左乙拉西坦|警惕不良反应,左乙拉西坦|警惕不良反应,左乙拉西坦|警惕不良反应,左乙拉西坦|警惕不良反应,左乙拉西坦|警惕不良反应,左乙拉西坦|警惕不良反应,左乙拉西坦|警惕不良反应,左乙拉西坦|警惕不良反应,左乙拉西坦|警惕不良反应,左乙拉西坦|警惕不良反应,左乙拉西坦|警惕不良反应,左乙拉西坦|警惕不良反应,左乙拉西坦|警惕不良反应,左乙拉西坦|警惕不良反应,左乙拉西坦|警惕不良反应,左乙拉西坦|警惕不良反应,左乙拉西坦|警惕不良反应,左乙拉西坦|警惕不良反应,左乙拉西坦|警惕不良反应,左乙拉西坦|警惕不良反应,左乙拉西坦|警惕不良反应,左乙拉西坦|警惕不良反应,左乙拉西坦|警惕不良反应,左乙拉西坦|警惕不良反应,左乙拉西坦|警惕不良反应,左乙拉西坦|警惕不良反应,左乙拉西坦|警惕不良反应,左乙拉西坦|警惕不良反应,左乙拉西坦|警惕不良反应,左乙拉西坦|警惕不良反应,左乙拉西坦|警惕不良反应,左乙拉西坦|警惕不良反应,左乙拉西坦|警惕不良反应,左乙拉西坦|警惕不良反应,左乙拉西坦|警惕不良反应,左乙拉西坦|警惕不良反应,左乙拉西坦|警惕不良反应,左乙拉西坦|警惕不良反应
HLA-B,100.00%,阴性,阴性,阴性,阴性,阴性,阴性,阴性,阴性,阴性,阴性,阴性,阴性,阴性,阴性,阴性,阴性,阴性,阴性,阴性,阴性,阴性,阴性,阴性,阴性,阴性,阴性,阴性,阴性,阴性,阴性,阴性,阴性,阴性,阴性,阴性,阴性,阴性,阴性,阴性
HLA-C,100.00%,NA,NA,NA,NA,NA,NA,NA,NA,NA,NA,NA,NA,NA,NA,NA,NA,NA,NA,NA,NA,NA,NA,NA,NA,NA,NA,NA,NA,NA,NA,NA,NA,NA,NA,NA,NA,NA,NA,NA
,,,,,,,,,,,,,,,,,,,,,,,,,,,,,,,,,,,,,,,,
LC002664,一致率,PL2402201_LC002664-S01-D01-L12-C206C105,241023164810_B121_SKII13126-121-YY2-1-241023164810_LC002664-S01-D01-L12-C206C105,241024151121_B115_SKII13133-115-YY2-1-241024151122_LC002664-S01-D01-L12-C206C105,241025162532_B116_SKII13141-116-YY2-2-241025162531_LC002664-S01-D01-L12-C206C105,241026150107_B121_SKII13147-121-YY2-2-241026150108_LC002664-S01-D01-L12-C206C105,241026152151_B115_SKII13148-115-YY2-2-241026152151_LC002664-S01-D01-L12-C206C105,241027150041_B116_SKII13151-116-YY2-3-241027150041_LC002664-S01-D01-L12-C206C105,241028160314_B121_SKII13155-121-YY2-3-241028160314_LC002664-S01-D01-L12-C206C105,241024172116_B130_SKII13138-1011N29-241024172117_LC002664-S01-D01-L12-C206C105,241026165346_B130_SKII13144-121021N12-241026165347_LC002664-S01-D01-L12-C206C105,PL2402402_-_LC002664-S01-D01-L12-C206C105,GZ240557652_-_LC002664-S01-D01-L12-C206C105,GZ240557663_-_LC002664-S01-D01-L12-C206C105,PL2402602_-_LC002664-S01-D01-L12-C206C105,250219151728_B137_SKII13548-YY2-250219151728_LC002664-S01-D01-L12-C206C105,250307163627_B137_SKII13657-YY2-250307163628_LC002664-S01-D01-L12-C206C105,250314152904_B096_SKII13727-QC6-100M-1-250314152905_LC002664-S01-D01-L12-C206C105,250315103452_B097_SKII13731-QC6-100M-1-250315103453_LC002664-S01-D01-L12-C206C105,250506154409_B085_SK13920_RPA-B-YY2-250506154409_LC002664-S01-D01-L12-C206C105,250508152712_B094_SKII13926-RPA-B-YY2-250508152713_LC002664-S01-D01-L12-C206C105,251225113322_B121_SKII1477-PABD_LC002664-S01-D01-L12-C206C105,260321141809_B157_09509B0317N3-YY2-260321141812_LC002664-S01-D01-L12-C206C105,260404153205_B170_SKII15168-YY2-1-260404153205_LC002664-S01-D01-L12-C206C105,260413181025_B170_SKII15205-YY2-2-260413181024_LC002664-S01-D01-L12-C206C105,260428162711_B162_SKII5264-YY2-CLK-A-260428162711_LC002664-S01-D01-L12-C206C105,260429170714_B141_SKII15265-YY223-CTRL-260429170714_LC002664-S01-D01-L12-C206C105,260429170625_B143_SKII15266-YY2-23-DN-260429170627_LC002664-S01-D01-L12-C206C105,260508151426_B172_SKII15277-YY2-WBhot-260508151422_LC002664-S01-D01-L12-C206C105,260508150833_B162_SKII15275-YY2BRS2hot-260508150833_LC002664-S01-D01-L12-C206C105,260521174016_B143_SKII15305-P523NRC-260521174015_LC002664-S01-D01-L12-C206C105,260522164010_B162_SKII15306-I-YY2-260522164010_LC002664-S01-D01-L12-C206C105,260522163748_B141_SKII15307-T-YY2-260522163749_LC002664-S01-D01-L12-C206C105,260523150002_B170_SKII5311-R2JC-YY2-260523150003_LC002664-S01-D01-L12-C206C105,260603175803_B170_SKII15342-R2JC-YY2-260603175804_LC002664-S01-D01-L12-C206C105,260605154758_B177_SKII15350-R2JC-YY2-260605154803_LC002664-S01-D01-L12-C206C105,260701150403_B169_SKII15399-R2JC-3-YY2-260701150404_LC002664-S01-D01-L12-C206C105,BGISEQ_0707_LC002664-S01-D01-L12-C206C105,GeneMind_0713_LC002664-S01-D01-L12-C206C105,260703153244_B174_SKII-R2JC-ZY-Y2_reanalysis_20260710154034_LC002664-S01-D01-L12-C206C105
HLA-A,100.00%,阴性,阴性,阴性,阴性,阴性,阴性,阴性,阴性,阴性,阴性,阴性,阴性,阴性,阴性,阴性,阴性,阴性,阴性,阴性,阴性,阴性,阴性,阴性,阴性,阴性,阴性,阴性,阴性,阴性,阴性,阴性,阴性,阴性,阴性,阴性,阴性,阴性,阴性,阴性
HLA-B,100.00%,卡马西平|警惕不良反应----拉莫三嗪|警惕不良反应,卡马西平|警惕不良反应----拉莫三嗪|警惕不良反应,卡马西平|警惕不良反应----拉莫三嗪|警惕不良反应,卡马西平|警惕不良反应----拉莫三嗪|警惕不良反应,卡马西平|警惕不良反应----拉莫三嗪|警惕不良反应,卡马西平|警惕不良反应----拉莫三嗪|警惕不良反应,卡马西平|警惕不良反应----拉莫三嗪|警惕不良反应,卡马西平|警惕不良反应----拉莫三嗪|警惕不良反应,卡马西平|警惕不良反应----拉莫三嗪|警惕不良反应,卡马西平|警惕不良反应----拉莫三嗪|警惕不良反应,卡马西平|警惕不良反应----拉莫三嗪|警惕不良反应,卡马西平|警惕不良反应----拉莫三嗪|警惕不良反应,卡马西平|警惕不良反应----拉莫三嗪|警惕不良反应,卡马西平|警惕不良反应----拉莫三嗪|警惕不良反应,卡马西平|警惕不良反应----拉莫三嗪|警惕不良反应,卡马西平|警惕不良反应----拉莫三嗪|警惕不良反应,卡马西平|警惕不良反应----拉莫三嗪|警惕不良反应,卡马西平|警惕不良反应----拉莫三嗪|警惕不良反应,卡马西平|警惕不良反应----拉莫三嗪|警惕不良反应,卡马西平|警惕不良反应----拉莫三嗪|警惕不良反应,卡马西平|警惕不良反应----拉莫三嗪|警惕不良反应,卡马西平|警惕不良反应----拉莫三嗪|警惕不良反应,卡马西平|警惕不良反应----拉莫三嗪|警惕不良反应,卡马西平|警惕不良反应----拉莫三嗪|警惕不良反应,卡马西平|警惕不良反应----拉莫三嗪|警惕不良反应,卡马西平|警惕不良反应----拉莫三嗪|警惕不良反应,卡马西平|警惕不良反应----拉莫三嗪|警惕不良反应,卡马西平|警惕不良反应----拉莫三嗪|警惕不良反应,卡马西平|警惕不良反应----拉莫三嗪|警惕不良反应,卡马西平|警惕不良反应----拉莫三嗪|警惕不良反应,卡马西平|警惕不良反应----拉莫三嗪|警惕不良反应,卡马西平|警惕不良反应----拉莫三嗪|警惕不良反应,卡马西平|警惕不良反应----拉莫三嗪|警惕不良反应,卡马西平|警惕不良反应----拉莫三嗪|警惕不良反应,卡马西平|警惕不良反应----拉莫三嗪|警惕不良反应,卡马西平|警惕不良反应----拉莫三嗪|警惕不良反应,卡马西平|警惕不良反应----拉莫三嗪|警惕不良反应,卡马西平|警惕不良反应----拉莫三嗪|警惕不良反应,卡马西平|警惕不良反应----拉莫三嗪|警惕不良反应
HLA-C,100.00%,NA,NA,NA,NA,NA,NA,NA,NA,NA,NA,NA,NA,NA,NA,NA,NA,NA,NA,NA,NA,NA,NA,NA,NA,NA,NA,NA,NA,NA,NA,NA,NA,NA,NA,NA,NA,NA,NA,NA
,,,,,,,,,,,,,,,,,,,,,,,,,,,,,,,,,,,,,,,,
LC002665,一致率,PL2402201_LC002665-S01-D01-L12-C206C106,241023164810_B121_SKII13126-121-YY2-1-241023164810_LC002665-S01-D01-L12-C206C106,241024151121_B115_SKII13133-115-YY2-1-241024151122_LC002665-S01-D01-L12-C206C106,241025162532_B116_SKII13141-116-YY2-2-241025162531_LC002665-S01-D01-L12-C206C106,241026150107_B121_SKII13147-121-YY2-2-241026150108_LC002665-S01-D01-L12-C206C106,241026152151_B115_SKII13148-115-YY2-2-241026152151_LC002665-S01-D01-L12-C206C106,241027150041_B116_SKII13151-116-YY2-3-241027150041_LC002665-S01-D01-L12-C206C106,241028160314_B121_SKII13155-121-YY2-3-241028160314_LC002665-S01-D01-L12-C206C106,241024172116_B130_SKII13138-1011N29-241024172117_LC002665-S01-D01-L12-C206C106,241026165346_B130_SKII13144-121021N12-241026165347_LC002665-S01-D01-L12-C206C106,PL2402402_-_LC002665-S01-D01-L12-C206C106,GZ240557652_-_LC002665-S01-D01-L12-C206C106,GZ240557663_-_LC002665-S01-D01-L12-C206C106,PL2402602_-_LC002665-S01-D01-L12-C206C106,250219151728_B137_SKII13548-YY2-250219151728_LC002665-S01-D01-L12-C206C106,250307163627_B137_SKII13657-YY2-250307163628_LC002665-S01-D01-L12-C206C106,250314152904_B096_SKII13727-QC6-100M-1-250314152905_LC002665-S01-D01-L12-C206C106,250315103452_B097_SKII13731-QC6-100M-1-250315103453_LC002665-S01-D01-L12-C206C106,250506154409_B085_SK13920_RPA-B-YY2-250506154409_LC002665-S01-D01-L12-C206C106,250508152712_B094_SKII13926-RPA-B-YY2-250508152713_LC002665-S01-D01-L12-C206C106,251225113322_B121_SKII1477-PABD_LC002665-S01-D01-L12-C206C106,260321141809_B157_09509B0317N3-YY2-260321141812_LC002665-S01-D01-L12-C206C106,260404153205_B170_SKII15168-YY2-1-260404153205_LC002665-S01-D01-L12-C206C106,260413181025_B170_SKII15205-YY2-2-260413181024_LC002665-S01-D01-L12-C206C106,260428162711_B162_SKII5264-YY2-CLK-A-260428162711_LC002665-S01-D01-L12-C206C106,260429170714_B141_SKII15265-YY223-CTRL-260429170714_LC002665-S01-D01-L12-C206C106,260429170625_B143_SKII15266-YY2-23-DN-260429170627_LC002665-S01-D01-L12-C206C106,260508151426_B172_SKII15277-YY2-WBhot-260508151422_LC002665-S01-D01-L12-C206C106,260508150833_B162_SKII15275-YY2BRS2hot-260508150833_LC002665-S01-D01-L12-C206C106,260521174016_B143_SKII15305-P523NRC-260521174015_LC002665-S01-D01-L12-C206C106,260522164010_B162_SKII15306-I-YY2-260522164010_LC002665-S01-D01-L12-C206C106,260522163748_B141_SKII15307-T-YY2-260522163749_LC002665-S01-D01-L12-C206C106,260523150002_B170_SKII5311-R2JC-YY2-260523150003_LC002665-S01-D01-L12-C206C106,260603175803_B170_SKII15342-R2JC-YY2-260603175804_LC002665-S01-D01-L12-C206C106,260605154758_B177_SKII15350-R2JC-YY2-260605154803_LC002665-S01-D01-L12-C206C106,260701150403_B169_SKII15399-R2JC-3-YY2-260701150404_LC002665-S01-D01-L12-C206C106,BGISEQ_0707_LC002665-S01-D01-L12-C206C106,GeneMind_0713_LC002665-S01-D01-L12-C206C106,260703153244_B174_SKII-R2JC-ZY-Y2_reanalysis_20260710154034_LC002665-S01-D01-L12-C206C106
HLA-A,100.00%,左乙拉西坦|警惕不良反应,左乙拉西坦|警惕不良反应,左乙拉西坦|警惕不良反应,左乙拉西坦|警惕不良反应,左乙拉西坦|警惕不良反应,左乙拉西坦|警惕不良反应,左乙拉西坦|警惕不良反应,左乙拉西坦|警惕不良反应,左乙拉西坦|警惕不良反应,左乙拉西坦|警惕不良反应,左乙拉西坦|警惕不良反应,左乙拉西坦|警惕不良反应,左乙拉西坦|警惕不良反应,左乙拉西坦|警惕不良反应,左乙拉西坦|警惕不良反应,左乙拉西坦|警惕不良反应,左乙拉西坦|警惕不良反应,左乙拉西坦|警惕不良反应,左乙拉西坦|警惕不良反应,左乙拉西坦|警惕不良反应,左乙拉西坦|警惕不良反应,左乙拉西坦|警惕不良反应,左乙拉西坦|警惕不良反应,左乙拉西坦|警惕不良反应,左乙拉西坦|警惕不良反应,左乙拉西坦|警惕不良反应,左乙拉西坦|警惕不良反应,左乙拉西坦|警惕不良反应,左乙拉西坦|警惕不良反应,左乙拉西坦|警惕不良反应,左乙拉西坦|警惕不良反应,左乙拉西坦|警惕不良反应,左乙拉西坦|警惕不良反应,左乙拉西坦|警惕不良反应,左乙拉西坦|警惕不良反应,左乙拉西坦|警惕不良反应,左乙拉西坦|警惕不良反应,左乙拉西坦|警惕不良反应,左乙拉西坦|警惕不良反应
HLA-B,100.00%,卡马西平|不良反应风险降低,卡马西平|不良反应风险降低,卡马西平|不良反应风险降低,卡马西平|不良反应风险降低,卡马西平|不良反应风险降低,卡马西平|不良反应风险降低,卡马西平|不良反应风险降低,卡马西平|不良反应风险降低,卡马西平|不良反应风险降低,卡马西平|不良反应风险降低,卡马西平|不良反应风险降低,卡马西平|不良反应风险降低,卡马西平|不良反应风险降低,卡马西平|不良反应风险降低,卡马西平|不良反应风险降低,卡马西平|不良反应风险降低,卡马西平|不良反应风险降低,卡马西平|不良反应风险降低,卡马西平|不良反应风险降低,卡马西平|不良反应风险降低,卡马西平|不良反应风险降低,卡马西平|不良反应风险降低,卡马西平|不良反应风险降低,卡马西平|不良反应风险降低,卡马西平|不良反应风险降低,卡马西平|不良反应风险降低,卡马西平|不良反应风险降低,卡马西平|不良反应风险降低,卡马西平|不良反应风险降低,卡马西平|不良反应风险降低,卡马西平|不良反应风险降低,卡马西平|不良反应风险降低,卡马西平|不良反应风险降低,卡马西平|不良反应风险降低,卡马西平|不良反应风险降低,卡马西平|不良反应风险降低,卡马西平|不良反应风险降低,卡马西平|不良反应风险降低,卡马西平|不良反应风险降低
HLA-C,100.00%,NA,NA,NA,NA,NA,NA,NA,NA,NA,NA,NA,NA,NA,NA,NA,NA,NA,NA,NA,NA,NA,NA,NA,NA,NA,NA,NA,NA,NA,NA,NA,NA,NA,NA,NA,NA,NA,NA,NA
,,,,,,,,,,,,,,,,,,,,,,,,,,,,,,,,,,,,,,,,
LC002692,一致率,PL2402201_LC002692-S01-D01-L12-C208C156,241023164810_B121_SKII13126-121-YY2-1-241023164810_LC002692-S01-D01-L12-C208C156,241024151121_B115_SKII13133-115-YY2-1-241024151122_LC002692-S01-D01-L12-C208C156,241025162532_B116_SKII13141-116-YY2-2-241025162531_LC002692-S01-D01-L12-C208C156,241026150107_B121_SKII13147-121-YY2-2-241026150108_LC002692-S01-D01-L12-C208C156,241026152151_B115_SKII13148-115-YY2-2-241026152151_LC002692-S01-D01-L12-C208C156,241027150041_B116_SKII13151-116-YY2-3-241027150041_LC002692-S01-D01-L12-C208C156,241028160314_B121_SKII13155-121-YY2-3-241028160314_LC002692-S01-D01-L12-C208C156,241024172116_B130_SKII13138-1011N29-241024172117_LC002692-S01-D01-L12-C208C156,241026165346_B130_SKII13144-121021N12-241026165347_LC002692-S01-D01-L12-C208C156,PL2402402_-_LC002692-S01-D01-L12-C208C156,GZ240557652_-_LC002692-S01-D01-L12-C208C156,GZ240557663_-_LC002692-S01-D01-L12-C208C156,PL2402602_-_LC002692-S01-D01-L12-C208C156,250219151728_B137_SKII13548-YY2-250219151728_LC002692-S01-D01-L12-C208C156,250307163627_B137_SKII13657-YY2-250307163628_LC002692-S01-D01-L12-C208C156,250314152904_B096_SKII13727-QC6-100M-1-250314152905_LC002692-S01-D01-L12-C208C156,250315103452_B097_SKII13731-QC6-100M-1-250315103453_LC002692-S01-D01-L12-C208C156,250506154409_B085_SK13920_RPA-B-YY2-250506154409_LC002692-S01-D01-L12-C208C156,250508152712_B094_SKII13926-RPA-B-YY2-250508152713_LC002692-S01-D01-L12-C208C156,251225113322_B121_SKII1477-PABD_LC002692-S01-D01-L12-C208C156,260321141809_B157_09509B0317N3-YY2-260321141812_LC002692-S01-D01-L12-C208C156,260404153205_B170_SKII15168-YY2-1-260404153205_LC002692-S01-D01-L12-C208C156,260413181025_B170_SKII15205-YY2-2-260413181024_LC002692-S01-D01-L12-C208C156,260428162711_B162_SKII5264-YY2-CLK-A-260428162711_LC002692-S01-D01-L12-C208C156,260429170714_B141_SKII15265-YY223-CTRL-260429170714_LC002692-S01-D01-L12-C208C156,260429170625_B143_SKII15266-YY2-23-DN-260429170627_LC002692-S01-D01-L12-C208C156,260508151426_B172_SKII15277-YY2-WBhot-260508151422_LC002692-S01-D01-L12-C208C156,260508150833_B162_SKII15275-YY2BRS2hot-260508150833_LC002692-S01-D01-L12-C208C156,260521174016_B143_SKII15305-P523NRC-260521174015_LC002692-S01-D01-L12-C208C156,260522164010_B162_SKII15306-I-YY2-260522164010_LC002692-S01-D01-L12-C208C156,260522163748_B141_SKII15307-T-YY2-260522163749_LC002692-S01-D01-L12-C208C156,260523150002_B170_SKII5311-R2JC-YY2-260523150003_LC002692-S01-D01-L12-C208C156,260603175803_B170_SKII15342-R2JC-YY2-260603175804_LC002692-S01-D01-L12-C208C156,260605154758_B177_SKII15350-R2JC-YY2-260605154803_LC002692-S01-D01-L12-C208C156,260701150403_B169_SKII15399-R2JC-3-YY2-260701150404_LC002692-S01-D01-L12-C208C156,BGISEQ_0707_LC002692-S01-D01-L12-C208C156,GeneMind_0713_LC002692-S01-D01-L12-C208C156,260703153244_B174_SKII-R2JC-ZY-Y2_reanalysis_20260710154034_LC002692-S01-D01-L12-C208C156
HLA-A,100.00%,阴性,阴性,阴性,阴性,阴性,阴性,阴性,阴性,阴性,阴性,阴性,阴性,阴性,阴性,阴性,阴性,阴性,阴性,阴性,阴性,阴性,阴性,阴性,阴性,阴性,阴性,阴性,阴性,阴性,阴性,阴性,阴性,阴性,阴性,阴性,阴性,阴性,阴性,阴性
HLA-B,100.00%,阴性,阴性,阴性,阴性,阴性,阴性,阴性,阴性,阴性,阴性,阴性,阴性,阴性,阴性,阴性,阴性,阴性,阴性,阴性,阴性,阴性,阴性,阴性,阴性,阴性,阴性,阴性,阴性,阴性,阴性,阴性,阴性,阴性,阴性,阴性,阴性,阴性,阴性,阴性
HLA-C,100.00%,NA,NA,NA,NA,NA,NA,NA,NA,NA,NA,NA,NA,NA,NA,NA,NA,NA,NA,NA,NA,NA,NA,NA,NA,NA,NA,NA,NA,NA,NA,NA,NA,NA,NA,NA,NA,NA,NA,NA
,,,,,,,,,,,,,,,,,,,,,,,,,,,,,,,,,,,,,,,,
LC002693,一致率,PL2402201_LC002693-S01-D01-L12-C206C107,241023164810_B121_SKII13126-121-YY2-1-241023164810_LC002693-S01-D01-L12-C206C107,241024151121_B115_SKII13133-115-YY2-1-241024151122_LC002693-S01-D01-L12-C206C107,241025162532_B116_SKII13141-116-YY2-2-241025162531_LC002693-S01-D01-L12-C206C107,241026150107_B121_SKII13147-121-YY2-2-241026150108_LC002693-S01-D01-L12-C206C107,241026152151_B115_SKII13148-115-YY2-2-241026152151_LC002693-S01-D01-L12-C206C107,241027150041_B116_SKII13151-116-YY2-3-241027150041_LC002693-S01-D01-L12-C206C107,241028160314_B121_SKII13155-121-YY2-3-241028160314_LC002693-S01-D01-L12-C206C107,241024172116_B130_SKII13138-1011N29-241024172117_LC002693-S01-D01-L12-C206C107,241026165346_B130_SKII13144-121021N12-241026165347_LC002693-S01-D01-L12-C206C107,PL2402402_-_LC002693-S01-D01-L12-C206C107,GZ240557652_-_LC002693-S01-D01-L12-C206C107,GZ240557663_-_LC002693-S01-D01-L12-C206C107,PL2402602_-_LC002693-S01-D01-L12-C206C107,250219151728_B137_SKII13548-YY2-250219151728_LC002693-S01-D01-L12-C206C107,250307163627_B137_SKII13657-YY2-250307163628_LC002693-S01-D01-L12-C206C107,250314152904_B096_SKII13727-QC6-100M-1-250314152905_LC002693-S01-D01-L12-C206C107,250315103452_B097_SKII13731-QC6-100M-1-250315103453_LC002693-S01-D01-L12-C206C107,250506154409_B085_SK13920_RPA-B-YY2-250506154409_LC002693-S01-D01-L12-C206C107,250508152712_B094_SKII13926-RPA-B-YY2-250508152713_LC002693-S01-D01-L12-C206C107,251225113322_B121_SKII1477-PABD_LC002693-S01-D01-L12-C206C107,260321141809_B157_09509B0317N3-YY2-260321141812_LC002693-S01-D01-L12-C206C107,260404153205_B170_SKII15168-YY2-1-260404153205_LC002693-S01-D01-L12-C206C107,260413181025_B170_SKII15205-YY2-2-260413181024_LC002693-S01-D01-L12-C206C107,260428162711_B162_SKII5264-YY2-CLK-A-260428162711_LC002693-S01-D01-L12-C206C107,260429170714_B141_SKII15265-YY223-CTRL-260429170714_LC002693-S01-D01-L12-C206C107,260429170625_B143_SKII15266-YY2-23-DN-260429170627_LC002693-S01-D01-L12-C206C107,260508151426_B172_SKII15277-YY2-WBhot-260508151422_LC002693-S01-D01-L12-C206C107,260508150833_B162_SKII15275-YY2BRS2hot-260508150833_LC002693-S01-D01-L12-C206C107,260521174016_B143_SKII15305-P523NRC-260521174015_LC002693-S01-D01-L12-C206C107,260522164010_B162_SKII15306-I-YY2-260522164010_LC002693-S01-D01-L12-C206C107,260522163748_B141_SKII15307-T-YY2-260522163749_LC002693-S01-D01-L12-C206C107,260523150002_B170_SKII5311-R2JC-YY2-260523150003_LC002693-S01-D01-L12-C206C107,260603175803_B170_SKII15342-R2JC-YY2-260603175804_LC002693-S01-D01-L12-C206C107,260605154758_B177_SKII15350-R2JC-YY2-260605154803_LC002693-S01-D01-L12-C206C107,260701150403_B169_SKII15399-R2JC-3-YY2-260701150404_LC002693-S01-D01-L12-C206C107,BGISEQ_0707_LC002693-S01-D01-L12-C206C107,GeneMind_0713_LC002693-S01-D01-L12-C206C107,260703153244_B174_SKII-R2JC-ZY-Y2_reanalysis_20260710154034_LC002693-S01-D01-L12-C206C107
HLA-A,100.00%,阴性,阴性,阴性,阴性,阴性,阴性,阴性,阴性,阴性,阴性,阴性,阴性,阴性,阴性,阴性,阴性,阴性,阴性,阴性,阴性,阴性,阴性,阴性,阴性,阴性,阴性,阴性,阴性,阴性,阴性,阴性,阴性,阴性,阴性,阴性,阴性,阴性,阴性,阴性
HLA-B,100.00%,阴性,阴性,阴性,阴性,阴性,阴性,阴性,阴性,阴性,阴性,阴性,阴性,阴性,阴性,阴性,阴性,阴性,阴性,阴性,阴性,阴性,阴性,阴性,阴性,阴性,阴性,阴性,阴性,阴性,阴性,阴性,阴性,阴性,阴性,阴性,阴性,阴性,阴性,阴性
HLA-C,100.00%,NA,NA,NA,NA,NA,NA,NA,NA,NA,NA,NA,NA,NA,NA,NA,NA,NA,NA,NA,NA,NA,NA,NA,NA,NA,NA,NA,NA,NA,NA,NA,NA,NA,NA,NA,NA,NA,NA,NA
,,,,,,,,,,,,,,,,,,,,,,,,,,,,,,,,,,,,,,,,
LC002711,一致率,PL2402201_LC002711-S01-D01-L12-C206C111,241023164810_B121_SKII13126-121-YY2-1-241023164810_LC002711-S01-D01-L12-C206C111,241024151121_B115_SKII13133-115-YY2-1-241024151122_LC002711-S01-D01-L12-C206C111,241025162532_B116_SKII13141-116-YY2-2-241025162531_LC002711-S01-D01-L12-C206C111,241026150107_B121_SKII13147-121-YY2-2-241026150108_LC002711-S01-D01-L12-C206C111,241026152151_B115_SKII13148-115-YY2-2-241026152151_LC002711-S01-D01-L12-C206C111,241027150041_B116_SKII13151-116-YY2-3-241027150041_LC002711-S01-D01-L12-C206C111,241028160314_B121_SKII13155-121-YY2-3-241028160314_LC002711-S01-D01-L12-C206C111,241024172116_B130_SKII13138-1011N29-241024172117_LC002711-S01-D01-L12-C206C111,241026165346_B130_SKII13144-121021N12-241026165347_LC002711-S01-D01-L12-C206C111,PL2402402_-_LC002711-S01-D01-L12-C206C111,GZ240557652_-_LC002711-S01-D01-L12-C206C111,GZ240557663_-_LC002711-S01-D01-L12-C206C111,PL2402602_-_LC002711-S01-D01-L12-C206C111,250219151728_B137_SKII13548-YY2-250219151728_LC002711-S01-D01-L12-C206C111,250307163627_B137_SKII13657-YY2-250307163628_LC002711-S01-D01-L12-C206C111,250314152904_B096_SKII13727-QC6-100M-1-250314152905_LC002711-S01-D01-L12-C206C111,250315103452_B097_SKII13731-QC6-100M-1-250315103453_LC002711-S01-D01-L12-C206C111,250506154409_B085_SK13920_RPA-B-YY2-250506154409_LC002711-S01-D01-L12-C206C111,250508152712_B094_SKII13926-RPA-B-YY2-250508152713_LC002711-S01-D01-L12-C206C111,251225113322_B121_SKII1477-PABD_LC002711-S01-D01-L12-C206C111,260321141809_B157_09509B0317N3-YY2-260321141812_LC002711-S01-D01-L12-C206C111,260404153205_B170_SKII15168-YY2-1-260404153205_LC002711-S01-D01-L12-C206C111,260413181025_B170_SKII15205-YY2-2-260413181024_LC002711-S01-D01-L12-C206C111,260428162711_B162_SKII5264-YY2-CLK-A-260428162711_LC002711-S01-D01-L12-C206C111,260429170714_B141_SKII15265-YY223-CTRL-260429170714_LC002711-S01-D01-L12-C206C111,260429170625_B143_SKII15266-YY2-23-DN-260429170627_LC002711-S01-D01-L12-C206C111,260508151426_B172_SKII15277-YY2-WBhot-260508151422_LC002711-S01-D01-L12-C206C111,260508150833_B162_SKII15275-YY2BRS2hot-260508150833_LC002711-S01-D01-L12-C206C111,260521174016_B143_SKII15305-P523NRC-260521174015_LC002711-S01-D01-L12-C206C111,260522164010_B162_SKII15306-I-YY2-260522164010_LC002711-S01-D01-L12-C206C111,260522163748_B141_SKII15307-T-YY2-260522163749_LC002711-S01-D01-L12-C206C111,260523150002_B170_SKII5311-R2JC-YY2-260523150003_LC002711-S01-D01-L12-C206C111,260603175803_B170_SKII15342-R2JC-YY2-260603175804_LC002711-S01-D01-L12-C206C111,260605154758_B177_SKII15350-R2JC-YY2-260605154803_LC002711-S01-D01-L12-C206C111,260701150403_B169_SKII15399-R2JC-3-YY2-260701150404_LC002711-S01-D01-L12-C206C111,BGISEQ_0707_LC002711-S01-D01-L12-C206C111,GeneMind_0713_LC002711-S01-D01-L12-C206C111,260703153244_B174_SKII-R2JC-ZY-Y2_reanalysis_20260710154034_LC002711-S01-D01-L12-C206C111
HLA-A,100.00%,阴性,阴性,阴性,阴性,阴性,阴性,阴性,阴性,阴性,阴性,阴性,阴性,阴性,阴性,阴性,阴性,阴性,阴性,阴性,阴性,阴性,阴性,阴性,阴性,阴性,阴性,阴性,阴性,阴性,阴性,阴性,阴性,阴性,阴性,阴性,阴性,阴性,阴性,阴性
HLA-B,100.00%,阴性,阴性,阴性,阴性,阴性,阴性,阴性,阴性,阴性,阴性,阴性,阴性,阴性,阴性,阴性,阴性,阴性,阴性,阴性,阴性,阴性,阴性,阴性,阴性,阴性,阴性,阴性,阴性,阴性,阴性,阴性,阴性,阴性,阴性,阴性,阴性,阴性,阴性,阴性
HLA-C,100.00%,NA,NA,NA,NA,NA,NA,NA,NA,NA,NA,NA,NA,NA,NA,NA,NA,NA,NA,NA,NA,NA,NA,NA,NA,NA,NA,NA,NA,NA,NA,NA,NA,NA,NA,NA,NA,NA,NA,NA
,,,,,,,,,,,,,,,,,,,,,,,,,,,,,,,,,,,,,,,,
LC002712,一致率,PL2402201_LC002712-S01-D01-L12-C206C112,241023164810_B121_SKII13126-121-YY2-1-241023164810_LC002712-S01-D01-L12-C206C112,241024151121_B115_SKII13133-115-YY2-1-241024151122_LC002712-S01-D01-L12-C206C112,241025162532_B116_SKII13141-116-YY2-2-241025162531_LC002712-S01-D01-L12-C206C112,241026150107_B121_SKII13147-121-YY2-2-241026150108_LC002712-S01-D01-L12-C206C112,241026152151_B115_SKII13148-115-YY2-2-241026152151_LC002712-S01-D01-L12-C206C112,241027150041_B116_SKII13151-116-YY2-3-241027150041_LC002712-S01-D01-L12-C206C112,241028160314_B121_SKII13155-121-YY2-3-241028160314_LC002712-S01-D01-L12-C206C112,241024172116_B130_SKII13138-1011N29-241024172117_LC002712-S01-D01-L12-C206C112,241026165346_B130_SKII13144-121021N12-241026165347_LC002712-S01-D01-L12-C206C112,PL2402402_-_LC002712-S01-D01-L12-C206C112,GZ240557652_-_LC002712-S01-D01-L12-C206C112,GZ240557663_-_LC002712-S01-D01-L12-C206C112,PL2402602_-_LC002712-S01-D01-L12-C206C112,250219151728_B137_SKII13548-YY2-250219151728_LC002712-S01-D01-L12-C206C112,250307163627_B137_SKII13657-YY2-250307163628_LC002712-S01-D01-L12-C206C112,250314152904_B096_SKII13727-QC6-100M-1-250314152905_LC002712-S01-D01-L12-C206C112,250315103452_B097_SKII13731-QC6-100M-1-250315103453_LC002712-S01-D01-L12-C206C112,250506154409_B085_SK13920_RPA-B-YY2-250506154409_LC002712-S01-D01-L12-C206C112,250508152712_B094_SKII13926-RPA-B-YY2-250508152713_LC002712-S01-D01-L12-C206C112,251225113322_B121_SKII1477-PABD_LC002712-S01-D01-L12-C206C112,260321141809_B157_09509B0317N3-YY2-260321141812_LC002712-S01-D01-L12-C206C112,260404153205_B170_SKII15168-YY2-1-260404153205_LC002712-S01-D01-L12-C206C112,260413181025_B170_SKII15205-YY2-2-260413181024_LC002712-S01-D01-L12-C206C112,260428162711_B162_SKII5264-YY2-CLK-A-260428162711_LC002712-S01-D01-L12-C206C112,260429170714_B141_SKII15265-YY223-CTRL-260429170714_LC002712-S01-D01-L12-C206C112,260429170625_B143_SKII15266-YY2-23-DN-260429170627_LC002712-S01-D01-L12-C206C112,260508151426_B172_SKII15277-YY2-WBhot-260508151422_LC002712-S01-D01-L12-C206C112,260508150833_B162_SKII15275-YY2BRS2hot-260508150833_LC002712-S01-D01-L12-C206C112,260521174016_B143_SKII15305-P523NRC-260521174015_LC002712-S01-D01-L12-C206C112,260522164010_B162_SKII15306-I-YY2-260522164010_LC002712-S01-D01-L12-C206C112,260522163748_B141_SKII15307-T-YY2-260522163749_LC002712-S01-D01-L12-C206C112,260523150002_B170_SKII5311-R2JC-YY2-260523150003_LC002712-S01-D01-L12-C206C112,260603175803_B170_SKII15342-R2JC-YY2-260603175804_LC002712-S01-D01-L12-C206C112,260605154758_B177_SKII15350-R2JC-YY2-260605154803_LC002712-S01-D01-L12-C206C112,260701150403_B169_SKII15399-R2JC-3-YY2-260701150404_LC002712-S01-D01-L12-C206C112,BGISEQ_0707_LC002712-S01-D01-L12-C206C112,GeneMind_0713_LC002712-S01-D01-L12-C206C112,260703153244_B174_SKII-R2JC-ZY-Y2_reanalysis_20260710154034_LC002712-S01-D01-L12-C206C112
HLA-A,100.00%,卡马西平|警惕不良反应,卡马西平|警惕不良反应,卡马西平|警惕不良反应,卡马西平|警惕不良反应,卡马西平|警惕不良反应,卡马西平|警惕不良反应,卡马西平|警惕不良反应,卡马西平|警惕不良反应,卡马西平|警惕不良反应,卡马西平|警惕不良反应,卡马西平|警惕不良反应,卡马西平|警惕不良反应,卡马西平|警惕不良反应,卡马西平|警惕不良反应,卡马西平|警惕不良反应,卡马西平|警惕不良反应,卡马西平|警惕不良反应,卡马西平|警惕不良反应,卡马西平|警惕不良反应,卡马西平|警惕不良反应,卡马西平|警惕不良反应,卡马西平|警惕不良反应,卡马西平|警惕不良反应,卡马西平|警惕不良反应,卡马西平|警惕不良反应,卡马西平|警惕不良反应,卡马西平|警惕不良反应,卡马西平|警惕不良反应,卡马西平|警惕不良反应,卡马西平|警惕不良反应,卡马西平|警惕不良反应,卡马西平|警惕不良反应,卡马西平|警惕不良反应,卡马西平|警惕不良反应,卡马西平|警惕不良反应,卡马西平|警惕不良反应,卡马西平|警惕不良反应,卡马西平|警惕不良反应,卡马西平|警惕不良反应
HLA-B,100.00%,阴性,阴性,阴性,阴性,阴性,阴性,阴性,阴性,阴性,阴性,阴性,阴性,阴性,阴性,阴性,阴性,阴性,阴性,阴性,阴性,阴性,阴性,阴性,阴性,阴性,阴性,阴性,阴性,阴性,阴性,阴性,阴性,阴性,阴性,阴性,阴性,阴性,阴性,阴性
HLA-C,100.00%,NA,NA,NA,NA,NA,NA,NA,NA,NA,NA,NA,NA,NA,NA,NA,NA,NA,NA,NA,NA,NA,NA,NA,NA,NA,NA,NA,NA,NA,NA,NA,NA,NA,NA,NA,NA,NA,NA,NA
,,,,,,,,,,,,,,,,,,,,,,,,,,,,,,,,,,,,,,,,
LC002714,一致率,PL2402201_LC002714-S01-D01-L12-C206C113,241023164810_B121_SKII13126-121-YY2-1-241023164810_LC002714-S01-D01-L12-C206C113,241024151121_B115_SKII13133-115-YY2-1-241024151122_LC002714-S01-D01-L12-C206C113,241025162532_B116_SKII13141-116-YY2-2-241025162531_LC002714-S01-D01-L12-C206C113,241026150107_B121_SKII13147-121-YY2-2-241026150108_LC002714-S01-D01-L12-C206C113,241026152151_B115_SKII13148-115-YY2-2-241026152151_LC002714-S01-D01-L12-C206C113,241027150041_B116_SKII13151-116-YY2-3-241027150041_LC002714-S01-D01-L12-C206C113,241028160314_B121_SKII13155-121-YY2-3-241028160314_LC002714-S01-D01-L12-C206C113,241024172116_B130_SKII13138-1011N29-241024172117_LC002714-S01-D01-L12-C206C113,241026165346_B130_SKII13144-121021N12-241026165347_LC002714-S01-D01-L12-C206C113,PL2402402_-_LC002714-S01-D01-L12-C206C113,GZ240557652_-_LC002714-S01-D01-L12-C206C113,GZ240557663_-_LC002714-S01-D01-L12-C206C113,PL2402602_-_LC002714-S01-D01-L12-C206C113,250219151728_B137_SKII13548-YY2-250219151728_LC002714-S01-D01-L12-C206C113,250307163627_B137_SKII13657-YY2-250307163628_LC002714-S01-D01-L12-C206C113,250314152904_B096_SKII13727-QC6-100M-1-250314152905_LC002714-S01-D01-L12-C206C113,250315103452_B097_SKII13731-QC6-100M-1-250315103453_LC002714-S01-D01-L12-C206C113,250506154409_B085_SK13920_RPA-B-YY2-250506154409_LC002714-S01-D01-L12-C206C113,250508152712_B094_SKII13926-RPA-B-YY2-250508152713_LC002714-S01-D01-L12-C206C113,251225113322_B121_SKII1477-PABD_LC002714-S01-D01-L12-C206C113,260321141809_B157_09509B0317N3-YY2-260321141812_LC002714-S01-D01-L12-C206C113,260404153205_B170_SKII15168-YY2-1-260404153205_LC002714-S01-D01-L12-C206C113,260413181025_B170_SKII15205-YY2-2-260413181024_LC002714-S01-D01-L12-C206C113,260428162711_B162_SKII5264-YY2-CLK-A-260428162711_LC002714-S01-D01-L12-C206C113,260429170714_B141_SKII15265-YY223-CTRL-260429170714_LC002714-S01-D01-L12-C206C113,260429170625_B143_SKII15266-YY2-23-DN-260429170627_LC002714-S01-D01-L12-C206C113,260508151426_B172_SKII15277-YY2-WBhot-260508151422_LC002714-S01-D01-L12-C206C113,260508150833_B162_SKII15275-YY2BRS2hot-260508150833_LC002714-S01-D01-L12-C206C113,260521174016_B143_SKII15305-P523NRC-260521174015_LC002714-S01-D01-L12-C206C113,260522164010_B162_SKII15306-I-YY2-260522164010_LC002714-S01-D01-L12-C206C113,260522163748_B141_SKII15307-T-YY2-260522163749_LC002714-S01-D01-L12-C206C113,260523150002_B170_SKII5311-R2JC-YY2-260523150003_LC002714-S01-D01-L12-C206C113,260603175803_B170_SKII15342-R2JC-YY2-260603175804_LC002714-S01-D01-L12-C206C113,260605154758_B177_SKII15350-R2JC-YY2-260605154803_LC002714-S01-D01-L12-C206C113,260701150403_B169_SKII15399-R2JC-3-YY2-260701150404_LC002714-S01-D01-L12-C206C113,BGISEQ_0707_LC002714-S01-D01-L12-C206C113,GeneMind_0713_LC002714-S01-D01-L12-C206C113,260703153244_B174_SKII-R2JC-ZY-Y2_reanalysis_20260710154034_LC002714-S01-D01-L12-C206C113
HLA-A,100.00%,左乙拉西坦|警惕不良反应,左乙拉西坦|警惕不良反应,左乙拉西坦|警惕不良反应,左乙拉西坦|警惕不良反应,左乙拉西坦|警惕不良反应,左乙拉西坦|警惕不良反应,左乙拉西坦|警惕不良反应,左乙拉西坦|警惕不良反应,左乙拉西坦|警惕不良反应,左乙拉西坦|警惕不良反应,左乙拉西坦|警惕不良反应,左乙拉西坦|警惕不良反应,左乙拉西坦|警惕不良反应,左乙拉西坦|警惕不良反应,左乙拉西坦|警惕不良反应,左乙拉西坦|警惕不良反应,左乙拉西坦|警惕不良反应,左乙拉西坦|警惕不良反应,左乙拉西坦|警惕不良反应,左乙拉西坦|警惕不良反应,左乙拉西坦|警惕不良反应,左乙拉西坦|警惕不良反应,左乙拉西坦|警惕不良反应,左乙拉西坦|警惕不良反应,左乙拉西坦|警惕不良反应,左乙拉西坦|警惕不良反应,左乙拉西坦|警惕不良反应,左乙拉西坦|警惕不良反应,左乙拉西坦|警惕不良反应,左乙拉西坦|警惕不良反应,左乙拉西坦|警惕不良反应,左乙拉西坦|警惕不良反应,左乙拉西坦|警惕不良反应,左乙拉西坦|警惕不良反应,左乙拉西坦|警惕不良反应,左乙拉西坦|警惕不良反应,左乙拉西坦|警惕不良反应,左乙拉西坦|警惕不良反应,左乙拉西坦|警惕不良反应
HLA-B,100.00%,阴性,阴性,阴性,阴性,阴性,阴性,阴性,阴性,阴性,阴性,阴性,阴性,阴性,阴性,阴性,阴性,阴性,阴性,阴性,阴性,阴性,阴性,阴性,阴性,阴性,阴性,阴性,阴性,阴性,阴性,阴性,阴性,阴性,阴性,阴性,阴性,阴性,阴性,阴性
HLA-C,100.00%,NA,NA,NA,NA,NA,NA,NA,NA,NA,NA,NA,NA,NA,NA,NA,NA,NA,NA,NA,NA,NA,NA,NA,NA,NA,NA,NA,NA,NA,NA,NA,NA,NA,NA,NA,NA,NA,NA,NA
,,,,,,,,,,,,,,,,,,,,,,,,,,,,,,,,,,,,,,,,
LC002719,一致率,PL2402201_LC002719-S01-D01-L12-C206C116,241023164810_B121_SKII13126-121-YY2-1-241023164810_LC002719-S01-D01-L12-C206C116,241024151121_B115_SKII13133-115-YY2-1-241024151122_LC002719-S01-D01-L12-C206C116,241025162532_B116_SKII13141-116-YY2-2-241025162531_LC002719-S01-D01-L12-C206C116,241026150107_B121_SKII13147-121-YY2-2-241026150108_LC002719-S01-D01-L12-C206C116,241026152151_B115_SKII13148-115-YY2-2-241026152151_LC002719-S01-D01-L12-C206C116,241027150041_B116_SKII13151-116-YY2-3-241027150041_LC002719-S01-D01-L12-C206C116,241028160314_B121_SKII13155-121-YY2-3-241028160314_LC002719-S01-D01-L12-C206C116,241024172116_B130_SKII13138-1011N29-241024172117_LC002719-S01-D01-L12-C206C116,241026165346_B130_SKII13144-121021N12-241026165347_LC002719-S01-D01-L12-C206C116,PL2402402_-_LC002719-S01-D01-L12-C206C116,GZ240557652_-_LC002719-S01-D01-L12-C206C116,GZ240557663_-_LC002719-S01-D01-L12-C206C116,PL2402602_-_LC002719-S01-D01-L12-C206C116,250219151728_B137_SKII13548-YY2-250219151728_LC002719-S01-D01-L12-C206C116,250307163627_B137_SKII13657-YY2-250307163628_LC002719-S01-D01-L12-C206C116,250314152904_B096_SKII13727-QC6-100M-1-250314152905_LC002719-S01-D01-L12-C206C116,250315103452_B097_SKII13731-QC6-100M-1-250315103453_LC002719-S01-D01-L12-C206C116,250506154409_B085_SK13920_RPA-B-YY2-250506154409_LC002719-S01-D01-L12-C206C116,250508152712_B094_SKII13926-RPA-B-YY2-250508152713_LC002719-S01-D01-L12-C206C116,251225113322_B121_SKII1477-PABD_LC002719-S01-D01-L12-C206C116,260321141809_B157_09509B0317N3-YY2-260321141812_LC002719-S01-D01-L12-C206C116,260404153205_B170_SKII15168-YY2-1-260404153205_LC002719-S01-D01-L12-C206C116,260413181025_B170_SKII15205-YY2-2-260413181024_LC002719-S01-D01-L12-C206C116,260428162711_B162_SKII5264-YY2-CLK-A-260428162711_LC002719-S01-D01-L12-C206C116,260429170714_B141_SKII15265-YY223-CTRL-260429170714_LC002719-S01-D01-L12-C206C116,260429170625_B143_SKII15266-YY2-23-DN-260429170627_LC002719-S01-D01-L12-C206C116,260508151426_B172_SKII15277-YY2-WBhot-260508151422_LC002719-S01-D01-L12-C206C116,260508150833_B162_SKII15275-YY2BRS2hot-260508150833_LC002719-S01-D01-L12-C206C116,260521174016_B143_SKII15305-P523NRC-260521174015_LC002719-S01-D01-L12-C206C116,260522164010_B162_SKII15306-I-YY2-260522164010_LC002719-S01-D01-L12-C206C116,260522163748_B141_SKII15307-T-YY2-260522163749_LC002719-S01-D01-L12-C206C116,260523150002_B170_SKII5311-R2JC-YY2-260523150003_LC002719-S01-D01-L12-C206C116,260603175803_B170_SKII15342-R2JC-YY2-260603175804_LC002719-S01-D01-L12-C206C116,260605154758_B177_SKII15350-R2JC-YY2-260605154803_LC002719-S01-D01-L12-C206C116,260701150403_B169_SKII15399-R2JC-3-YY2-260701150404_LC002719-S01-D01-L12-C206C116,BGISEQ_0707_LC002719-S01-D01-L12-C206C116,GeneMind_0713_LC002719-S01-D01-L12-C206C116,260703153244_B174_SKII-R2JC-ZY-Y2_reanalysis_20260710154034_LC002719-S01-D01-L12-C206C116
HLA-A,100.00%,阴性,阴性,阴性,阴性,阴性,阴性,阴性,阴性,阴性,阴性,阴性,阴性,阴性,阴性,阴性,阴性,阴性,阴性,阴性,阴性,阴性,阴性,阴性,阴性,阴性,阴性,阴性,阴性,阴性,阴性,阴性,阴性,阴性,阴性,阴性,阴性,阴性,阴性,阴性
HLA-B,100.00%,卡马西平|不良反应风险降低,卡马西平|不良反应风险降低,卡马西平|不良反应风险降低,卡马西平|不良反应风险降低,卡马西平|不良反应风险降低,卡马西平|不良反应风险降低,卡马西平|不良反应风险降低,卡马西平|不良反应风险降低,卡马西平|不良反应风险降低,卡马西平|不良反应风险降低,卡马西平|不良反应风险降低,卡马西平|不良反应风险降低,卡马西平|不良反应风险降低,卡马西平|不良反应风险降低,卡马西平|不良反应风险降低,卡马西平|不良反应风险降低,卡马西平|不良反应风险降低,卡马西平|不良反应风险降低,卡马西平|不良反应风险降低,卡马西平|不良反应风险降低,卡马西平|不良反应风险降低,卡马西平|不良反应风险降低,卡马西平|不良反应风险降低,卡马西平|不良反应风险降低,卡马西平|不良反应风险降低,卡马西平|不良反应风险降低,卡马西平|不良反应风险降低,卡马西平|不良反应风险降低,卡马西平|不良反应风险降低,卡马西平|不良反应风险降低,卡马西平|不良反应风险降低,卡马西平|不良反应风险降低,卡马西平|不良反应风险降低,卡马西平|不良反应风险降低,卡马西平|不良反应风险降低,卡马西平|不良反应风险降低,卡马西平|不良反应风险降低,卡马西平|不良反应风险降低,卡马西平|不良反应风险降低
HLA-C,100.00%,NA,NA,NA,NA,NA,NA,NA,NA,NA,NA,NA,NA,NA,NA,NA,NA,NA,NA,NA,NA,NA,NA,NA,NA,NA,NA,NA,NA,NA,NA,NA,NA,NA,NA,NA,NA,NA,NA,NA
,,,,,,,,,,,,,,,,,,,,,,,,,,,,,,,,,,,,,,,,
LC002901,一致率,PL2402201_LC002901-S01-D01-L12-C208C160,241023164810_B121_SKII13126-121-YY2-1-241023164810_LC002901-S01-D01-L12-C208C160,241024151121_B115_SKII13133-115-YY2-1-241024151122_LC002901-S01-D01-L12-C208C160,241025162532_B116_SKII13141-116-YY2-2-241025162531_LC002901-S01-D01-L12-C208C160,241026150107_B121_SKII13147-121-YY2-2-241026150108_LC002901-S01-D01-L12-C208C160,241026152151_B115_SKII13148-115-YY2-2-241026152151_LC002901-S01-D01-L12-C208C160,241027150041_B116_SKII13151-116-YY2-3-241027150041_LC002901-S01-D01-L12-C208C160,241028160314_B121_SKII13155-121-YY2-3-241028160314_LC002901-S01-D01-L12-C208C160,241024172116_B130_SKII13138-1011N29-241024172117_LC002901-S01-D01-L12-C208C160,241026165346_B130_SKII13144-121021N12-241026165347_LC002901-S01-D01-L12-C208C160,PL2402402_-_LC002901-S01-D01-L12-C208C160,GZ240557652_-_LC002901-S01-D01-L12-C208C160,GZ240557663_-_LC002901-S01-D01-L12-C208C160,PL2402602_-_LC002901-S01-D01-L12-C208C160,250219151728_B137_SKII13548-YY2-250219151728_LC002901-S01-D01-L12-C208C160,250307163627_B137_SKII13657-YY2-250307163628_LC002901-S01-D01-L12-C208C160,250314152904_B096_SKII13727-QC6-100M-1-250314152905_LC002901-S01-D01-L12-C208C160,250315103452_B097_SKII13731-QC6-100M-1-250315103453_LC002901-S01-D01-L12-C208C160,250506154409_B085_SK13920_RPA-B-YY2-250506154409_LC002901-S01-D01-L12-C208C160,250508152712_B094_SKII13926-RPA-B-YY2-250508152713_LC002901-S01-D01-L12-C208C160,251225113322_B121_SKII1477-PABD_LC002901-S01-D01-L12-C208C160,260321141809_B157_09509B0317N3-YY2-260321141812_LC002901-S01-D01-L12-C208C160,260404153205_B170_SKII15168-YY2-1-260404153205_LC002901-S01-D01-L12-C208C160,260413181025_B170_SKII15205-YY2-2-260413181024_LC002901-S01-D01-L12-C208C160,260428162711_B162_SKII5264-YY2-CLK-A-260428162711_LC002901-S01-D01-L12-C208C160,260429170714_B141_SKII15265-YY223-CTRL-260429170714_LC002901-S01-D01-L12-C208C160,260429170625_B143_SKII15266-YY2-23-DN-260429170627_LC002901-S01-D01-L12-C208C160,260508151426_B172_SKII15277-YY2-WBhot-260508151422_LC002901-S01-D01-L12-C208C160,260508150833_B162_SKII15275-YY2BRS2hot-260508150833_LC002901-S01-D01-L12-C208C160,260521174016_B143_SKII15305-P523NRC-260521174015_LC002901-S01-D01-L12-C208C160,260522164010_B162_SKII15306-I-YY2-260522164010_LC002901-S01-D01-L12-C208C160,260522163748_B141_SKII15307-T-YY2-260522163749_LC002901-S01-D01-L12-C208C160,260523150002_B170_SKII5311-R2JC-YY2-260523150003_LC002901-S01-D01-L12-C208C160,260603175803_B170_SKII15342-R2JC-YY2-260603175804_LC002901-S01-D01-L12-C208C160,260605154758_B177_SKII15350-R2JC-YY2-260605154803_LC002901-S01-D01-L12-C208C160,260701150403_B169_SKII15399-R2JC-3-YY2-260701150404_LC002901-S01-D01-L12-C208C160,BGISEQ_0707_LC002901-S01-D01-L12-C208C160,GeneMind_0713_LC002901-S01-D01-L12-C208C160,260703153244_B174_SKII-R2JC-ZY-Y2_reanalysis_20260710154034_LC002901-S01-D01-L12-C208C160
HLA-A,100.00%,左乙拉西坦|警惕不良反应,左乙拉西坦|警惕不良反应,左乙拉西坦|警惕不良反应,左乙拉西坦|警惕不良反应,左乙拉西坦|警惕不良反应,左乙拉西坦|警惕不良反应,左乙拉西坦|警惕不良反应,左乙拉西坦|警惕不良反应,左乙拉西坦|警惕不良反应,左乙拉西坦|警惕不良反应,左乙拉西坦|警惕不良反应,左乙拉西坦|警惕不良反应,左乙拉西坦|警惕不良反应,左乙拉西坦|警惕不良反应,左乙拉西坦|警惕不良反应,左乙拉西坦|警惕不良反应,左乙拉西坦|警惕不良反应,左乙拉西坦|警惕不良反应,左乙拉西坦|警惕不良反应,左乙拉西坦|警惕不良反应,左乙拉西坦|警惕不良反应,左乙拉西坦|警惕不良反应,左乙拉西坦|警惕不良反应,左乙拉西坦|警惕不良反应,左乙拉西坦|警惕不良反应,左乙拉西坦|警惕不良反应,左乙拉西坦|警惕不良反应,左乙拉西坦|警惕不良反应,左乙拉西坦|警惕不良反应,左乙拉西坦|警惕不良反应,左乙拉西坦|警惕不良反应,左乙拉西坦|警惕不良反应,左乙拉西坦|警惕不良反应,左乙拉西坦|警惕不良反应,左乙拉西坦|警惕不良反应,左乙拉西坦|警惕不良反应,左乙拉西坦|警惕不良反应,左乙拉西坦|警惕不良反应,左乙拉西坦|警惕不良反应
HLA-B,100.00%,阴性,阴性,阴性,阴性,阴性,阴性,阴性,阴性,阴性,阴性,阴性,阴性,阴性,阴性,阴性,阴性,阴性,阴性,阴性,阴性,阴性,阴性,阴性,阴性,阴性,阴性,阴性,阴性,阴性,阴性,阴性,阴性,阴性,阴性,阴性,阴性,阴性,阴性,阴性
HLA-C,100.00%,NA,NA,NA,NA,NA,NA,NA,NA,NA,NA,NA,NA,NA,NA,NA,NA,NA,NA,NA,NA,NA,NA,NA,NA,NA,NA,NA,NA,NA,NA,NA,NA,NA,NA,NA,NA,NA,NA,NA
,,,,,,,,,,,,,,,,,,,,,,,,,,,,,,,,,,,,,,,,
LC002909,一致率,PL2402201_LC002909-S01-D01-L12-C206C165,241023164810_B121_SKII13126-121-YY2-1-241023164810_LC002909-S01-D01-L12-C206C165,241024151121_B115_SKII13133-115-YY2-1-241024151122_LC002909-S01-D01-L12-C206C165,241025162532_B116_SKII13141-116-YY2-2-241025162531_LC002909-S01-D01-L12-C206C165,241026150107_B121_SKII13147-121-YY2-2-241026150108_LC002909-S01-D01-L12-C206C165,241026152151_B115_SKII13148-115-YY2-2-241026152151_LC002909-S01-D01-L12-C206C165,241027150041_B116_SKII13151-116-YY2-3-241027150041_LC002909-S01-D01-L12-C206C165,241028160314_B121_SKII13155-121-YY2-3-241028160314_LC002909-S01-D01-L12-C206C165,241024172116_B130_SKII13138-1011N29-241024172117_LC002909-S01-D01-L12-C206C165,241026165346_B130_SKII13144-121021N12-241026165347_LC002909-S01-D01-L12-C206C165,PL2402402_-_LC002909-S01-D01-L12-C206C165,GZ240557652_-_LC002909-S01-D01-L12-C206C165,GZ240557663_-_LC002909-S01-D01-L12-C206C165,PL2402602_-_LC002909-S01-D01-L12-C206C165,250219151728_B137_SKII13548-YY2-250219151728_LC002909-S01-D01-L12-C206C165,250307163627_B137_SKII13657-YY2-250307163628_LC002909-S01-D01-L12-C206C165,250314152904_B096_SKII13727-QC6-100M-1-250314152905_LC002909-S01-D01-L12-C206C165,250315103452_B097_SKII13731-QC6-100M-1-250315103453_LC002909-S01-D01-L12-C206C165,250506154409_B085_SK13920_RPA-B-YY2-250506154409_LC002909-S01-D01-L12-C206C165,250508152712_B094_SKII13926-RPA-B-YY2-250508152713_LC002909-S01-D01-L12-C206C165,251225113322_B121_SKII1477-PABD_LC002909-S01-D01-L12-C206C165,260321141809_B157_09509B0317N3-YY2-260321141812_LC002909-S01-D01-L12-C206C165,260404153205_B170_SKII15168-YY2-1-260404153205_LC002909-S01-D01-L12-C206C165,260413181025_B170_SKII15205-YY2-2-260413181024_LC002909-S01-D01-L12-C206C165,260428162711_B162_SKII5264-YY2-CLK-A-260428162711_LC002909-S01-D01-L12-C206C165,260429170714_B141_SKII15265-YY223-CTRL-260429170714_LC002909-S01-D01-L12-C206C165,260429170625_B143_SKII15266-YY2-23-DN-260429170627_LC002909-S01-D01-L12-C206C165,260508151426_B172_SKII15277-YY2-WBhot-260508151422_LC002909-S01-D01-L12-C206C165,260508150833_B162_SKII15275-YY2BRS2hot-260508150833_LC002909-S01-D01-L12-C206C165,260521174016_B143_SKII15305-P523NRC-260521174015_LC002909-S01-D01-L12-C206C165,260522164010_B162_SKII15306-I-YY2-260522164010_LC002909-S01-D01-L12-C206C165,260522163748_B141_SKII15307-T-YY2-260522163749_LC002909-S01-D01-L12-C206C165,260523150002_B170_SKII5311-R2JC-YY2-260523150003_LC002909-S01-D01-L12-C206C165,260603175803_B170_SKII15342-R2JC-YY2-260603175804_LC002909-S01-D01-L12-C206C165,260605154758_B177_SKII15350-R2JC-YY2-260605154803_LC002909-S01-D01-L12-C206C165,260701150403_B169_SKII15399-R2JC-3-YY2-260701150404_LC002909-S01-D01-L12-C206C165,BGISEQ_0707_LC002909-S01-D01-L12-C206C165,GeneMind_0713_LC002909-S01-D01-L12-C206C165,260703153244_B174_SKII-R2JC-ZY-Y2_reanalysis_20260710154034_LC002909-S01-D01-L12-C206C165
HLA-A,100.00%,左乙拉西坦|警惕不良反应,左乙拉西坦|警惕不良反应,左乙拉西坦|警惕不良反应,左乙拉西坦|警惕不良反应,左乙拉西坦|警惕不良反应,左乙拉西坦|警惕不良反应,左乙拉西坦|警惕不良反应,左乙拉西坦|警惕不良反应,左乙拉西坦|警惕不良反应,左乙拉西坦|警惕不良反应,左乙拉西坦|警惕不良反应,左乙拉西坦|警惕不良反应,左乙拉西坦|警惕不良反应,左乙拉西坦|警惕不良反应,左乙拉西坦|警惕不良反应,左乙拉西坦|警惕不良反应,左乙拉西坦|警惕不良反应,左乙拉西坦|警惕不良反应,左乙拉西坦|警惕不良反应,左乙拉西坦|警惕不良反应,左乙拉西坦|警惕不良反应,左乙拉西坦|警惕不良反应,左乙拉西坦|警惕不良反应,左乙拉西坦|警惕不良反应,左乙拉西坦|警惕不良反应,左乙拉西坦|警惕不良反应,左乙拉西坦|警惕不良反应,左乙拉西坦|警惕不良反应,左乙拉西坦|警惕不良反应,左乙拉西坦|警惕不良反应,左乙拉西坦|警惕不良反应,左乙拉西坦|警惕不良反应,左乙拉西坦|警惕不良反应,左乙拉西坦|警惕不良反应,左乙拉西坦|警惕不良反应,左乙拉西坦|警惕不良反应,左乙拉西坦|警惕不良反应,左乙拉西坦|警惕不良反应,左乙拉西坦|警惕不良反应
HLA-B,100.00%,阴性,阴性,阴性,阴性,阴性,阴性,阴性,阴性,阴性,阴性,阴性,阴性,阴性,阴性,阴性,阴性,阴性,阴性,阴性,阴性,阴性,阴性,阴性,阴性,阴性,阴性,阴性,阴性,阴性,阴性,阴性,阴性,阴性,阴性,阴性,阴性,阴性,阴性,阴性
HLA-C,100.00%,NA,NA,NA,NA,NA,NA,NA,NA,NA,NA,NA,NA,NA,NA,NA,NA,NA,NA,NA,NA,NA,NA,NA,NA,NA,NA,NA,NA,NA,NA,NA,NA,NA,NA,NA,NA,NA,NA,NA
,,,,,,,,,,,,,,,,,,,,,,,,,,,,,,,,,,,,,,,,
LC002922,一致率,PL2402201_LC002922-S01-D01-L12-C206C177,241023164810_B121_SKII13126-121-YY2-1-241023164810_LC002922-S01-D01-L12-C206C177,241024151121_B115_SKII13133-115-YY2-1-241024151122_LC002922-S01-D01-L12-C206C177,241025162532_B116_SKII13141-116-YY2-2-241025162531_LC002922-S01-D01-L12-C206C177,241026150107_B121_SKII13147-121-YY2-2-241026150108_LC002922-S01-D01-L12-C206C177,241026152151_B115_SKII13148-115-YY2-2-241026152151_LC002922-S01-D01-L12-C206C177,241027150041_B116_SKII13151-116-YY2-3-241027150041_LC002922-S01-D01-L12-C206C177,241028160314_B121_SKII13155-121-YY2-3-241028160314_LC002922-S01-D01-L12-C206C177,241024172116_B130_SKII13138-1011N29-241024172117_LC002922-S01-D01-L12-C206C177,241026165346_B130_SKII13144-121021N12-241026165347_LC002922-S01-D01-L12-C206C177,PL2402402_-_LC002922-S01-D01-L12-C206C177,GZ240557652_-_LC002922-S01-D01-L12-C206C177,GZ240557663_-_LC002922-S01-D01-L12-C206C177,PL2402602_-_LC002922-S01-D01-L12-C206C177,250219151728_B137_SKII13548-YY2-250219151728_LC002922-S01-D01-L12-C206C177,250307163627_B137_SKII13657-YY2-250307163628_LC002922-S01-D01-L12-C206C177,250314152904_B096_SKII13727-QC6-100M-1-250314152905_LC002922-S01-D01-L12-C206C177,250315103452_B097_SKII13731-QC6-100M-1-250315103453_LC002922-S01-D01-L12-C206C177,250506154409_B085_SK13920_RPA-B-YY2-250506154409_LC002922-S01-D01-L12-C206C177,250508152712_B094_SKII13926-RPA-B-YY2-250508152713_LC002922-S01-D01-L12-C206C177,251225113322_B121_SKII1477-PABD_LC002922-S01-D01-L12-C206C177,260321141809_B157_09509B0317N3-YY2-260321141812_LC002922-S01-D01-L12-C206C177,260404153205_B170_SKII15168-YY2-1-260404153205_LC002922-S01-D01-L12-C206C177,260413181025_B170_SKII15205-YY2-2-260413181024_LC002922-S01-D01-L12-C206C177,260428162711_B162_SKII5264-YY2-CLK-A-260428162711_LC002922-S01-D01-L12-C206C177,260429170714_B141_SKII15265-YY223-CTRL-260429170714_LC002922-S01-D01-L12-C206C177,260429170625_B143_SKII15266-YY2-23-DN-260429170627_LC002922-S01-D01-L12-C206C177,260508151426_B172_SKII15277-YY2-WBhot-260508151422_LC002922-S01-D01-L12-C206C177,260508150833_B162_SKII15275-YY2BRS2hot-260508150833_LC002922-S01-D01-L12-C206C177,260521174016_B143_SKII15305-P523NRC-260521174015_LC002922-S01-D01-L12-C206C177,260522164010_B162_SKII15306-I-YY2-260522164010_LC002922-S01-D01-L12-C206C177,260522163748_B141_SKII15307-T-YY2-260522163749_LC002922-S01-D01-L12-C206C177,260523150002_B170_SKII5311-R2JC-YY2-260523150003_LC002922-S01-D01-L12-C206C177,260603175803_B170_SKII15342-R2JC-YY2-260603175804_LC002922-S01-D01-L12-C206C177,260605154758_B177_SKII15350-R2JC-YY2-260605154803_LC002922-S01-D01-L12-C206C177,260701150403_B169_SKII15399-R2JC-3-YY2-260701150404_LC002922-S01-D01-L12-C206C177,BGISEQ_0707_LC002922-S01-D01-L12-C206C177,GeneMind_0713_LC002922-S01-D01-L12-C206C177,260703153244_B174_SKII-R2JC-ZY-Y2_reanalysis_20260710154034_LC002922-S01-D01-L12-C206C177
HLA-A,100.00%,阴性,阴性,阴性,阴性,阴性,阴性,阴性,阴性,阴性,阴性,阴性,阴性,阴性,阴性,阴性,阴性,阴性,阴性,阴性,阴性,阴性,阴性,阴性,阴性,阴性,阴性,阴性,阴性,阴性,阴性,阴性,阴性,阴性,阴性,阴性,阴性,阴性,阴性,阴性
HLA-B,100.00%,阴性,阴性,阴性,阴性,阴性,阴性,阴性,阴性,阴性,阴性,阴性,阴性,阴性,阴性,阴性,阴性,阴性,阴性,阴性,阴性,阴性,阴性,阴性,阴性,阴性,阴性,阴性,阴性,阴性,阴性,阴性,阴性,阴性,阴性,阴性,阴性,阴性,阴性,阴性
HLA-C,100.00%,NA,NA,NA,NA,NA,NA,NA,NA,NA,NA,NA,NA,NA,NA,NA,NA,NA,NA,NA,NA,NA,NA,NA,NA,NA,NA,NA,NA,NA,NA,NA,NA,NA,NA,NA,NA,NA,NA,NA
,,,,,,,,,,,,,,,,,,,,,,,,,,,,,,,,,,,,,,,,
