PL2402201	-	CN001477-S09-D04-L13-C206C131	1000000	961684	96.17%	0.92%	150	148	0.98	0.94	0.57	961632	99.99%	99.82%	5722.58	84.26%	86.24%	100.00%(81)	100.00%(81)	100.00%(81)	100.00%(81)	100.00%(81)	100.00%(81)	100.00%(81)	100.00%(81)	100.00%(81)	91.36%(74)		PL2402201_CN001477-S09-D04-L13-C206C131			pass
PL2402201	-	LC001876-S02-D01-L12-C206C130	1000000	968366	96.84%	1.85%	150	146	0.98	0.94	0.57	968261	99.99%	99.96%	6061.94	89.22%	89.41%	100.00%(81)	100.00%(81)	100.00%(81)	100.00%(81)	100.00%(81)	100.00%(81)	100.00%(81)	100.00%(81)	98.77%(80)	97.53%(79)		PL2402201_LC001876-S02-D01-L12-C206C130			pass
PL2402201	-	LC001929-S01-D01-L12-C206C184	1000000	964424	96.44%	1.59%	150	147	0.98	0.94	0.56	964364	99.99%	99.71%	5925.23	87.14%	90.53%	100.00%(81)	100.00%(81)	100.00%(81)	100.00%(81)	100.00%(81)	100.00%(81)	100.00%(81)	100.00%(81)	98.77%(80)	96.30%(78)		PL2402201_LC001929-S01-D01-L12-C206C184			pass
PL2402201	-	LC002060-S01-D01-L12-C206C190	1000000	963586	96.36%	1.41%	150	147	0.98	0.94	0.56	963516	99.99%	99.82%	5914.90	87.26%	90.07%	100.00%(81)	100.00%(81)	100.00%(81)	100.00%(81)	100.00%(81)	100.00%(81)	100.00%(81)	100.00%(81)	98.77%(80)	97.53%(79)		PL2402201_LC002060-S01-D01-L12-C206C190			pass
PL2402201	-	LC002303-S01-D01-L12-C208C143	1000000	970818	97.08%	0.59%	150	148	0.98	0.94	0.56	969804	99.90%	99.82%	6037.31	87.16%	88.19%	100.00%(81)	100.00%(81)	100.00%(81)	100.00%(81)	100.00%(81)	100.00%(81)	100.00%(81)	100.00%(81)	100.00%(81)	95.06%(77)		PL2402201_LC002303-S01-D01-L12-C208C143			pass
PL2402201	-	LC002312-S01-D01-L12-C208C145	1000000	961224	96.12%	0.60%	150	148	0.98	0.93	0.57	960790	99.95%	99.79%	5820.97	86.71%	87.33%	100.00%(81)	100.00%(81)	100.00%(81)	100.00%(81)	100.00%(81)	100.00%(81)	100.00%(81)	100.00%(81)	98.77%(80)	95.06%(77)		PL2402201_LC002312-S01-D01-L12-C208C145			pass
PL2402201	-	LC002480-S01-D01-L12-C208C138	1000000	969194	96.92%	0.62%	150	148	0.98	0.94	0.56	969003	99.98%	99.81%	6187.30	89.34%	89.13%	100.00%(81)	100.00%(81)	100.00%(81)	100.00%(81)	100.00%(81)	100.00%(81)	100.00%(81)	100.00%(81)	100.00%(81)	96.30%(78)		PL2402201_LC002480-S01-D01-L12-C208C138			pass
PL2402201	-	LC002521-S01-D01-L12-C206C191	1000000	969224	96.92%	0.61%	150	148	0.98	0.94	0.57	969136	99.99%	99.80%	6127.67	90.13%	89.03%	100.00%(81)	100.00%(81)	100.00%(81)	100.00%(81)	100.00%(81)	100.00%(81)	100.00%(81)	100.00%(81)	100.00%(81)	97.53%(79)		PL2402201_LC002521-S01-D01-L12-C206C191			pass
PL2402201	-	LC002635-S01-D01-L12-C206C102	1000000	972222	97.22%	0.47%	150	148	0.98	0.94	0.55	971817	99.96%	99.81%	6330.48	91.45%	91.08%	100.00%(81)	100.00%(81)	100.00%(81)	100.00%(81)	100.00%(81)	100.00%(81)	100.00%(81)	100.00%(81)	100.00%(81)	97.53%(79)		PL2402201_LC002635-S01-D01-L12-C206C102			pass
PL2402201	-	LC002636-S01-D01-L12-C206C103	1000000	970382	97.04%	0.70%	150	148	0.98	0.94	0.56	969978	99.96%	99.79%	6327.83	92.28%	91.03%	100.00%(81)	100.00%(81)	100.00%(81)	100.00%(81)	100.00%(81)	100.00%(81)	100.00%(81)	100.00%(81)	100.00%(81)	98.77%(80)		PL2402201_LC002636-S01-D01-L12-C206C103			pass
PL2402201	-	LC002647-S01-D01-L12-C206C104	1000000	972742	97.27%	0.99%	150	148	0.98	0.94	0.56	972682	99.99%	99.67%	6274.50	91.02%	87.73%	100.00%(81)	100.00%(81)	100.00%(81)	100.00%(81)	100.00%(81)	100.00%(81)	100.00%(81)	100.00%(81)	98.77%(80)	96.30%(78)		PL2402201_LC002647-S01-D01-L12-C206C104			pass
PL2402201	-	LC002658-S01-D01-L12-C208C154	1000000	963404	96.34%	1.12%	150	147	0.98	0.94	0.56	963261	99.99%	99.79%	6113.01	89.89%	90.01%	100.00%(81)	100.00%(81)	100.00%(81)	100.00%(81)	100.00%(81)	100.00%(81)	100.00%(81)	100.00%(81)	100.00%(81)	96.30%(78)		PL2402201_LC002658-S01-D01-L12-C208C154			pass
PL2402201	-	LC002664-S01-D01-L12-C206C105	1000000	965458	96.55%	1.00%	150	148	0.98	0.94	0.57	964638	99.92%	99.78%	6142.05	91.90%	91.22%	100.00%(81)	100.00%(81)	100.00%(81)	100.00%(81)	100.00%(81)	100.00%(81)	100.00%(81)	100.00%(81)	98.77%(80)	98.77%(80)		PL2402201_LC002664-S01-D01-L12-C206C105			pass
PL2402201	-	LC002665-S01-D01-L12-C206C106	1000000	968104	96.81%	0.75%	150	148	0.98	0.94	0.56	967981	99.99%	99.98%	6178.87	90.35%	92.21%	100.00%(81)	100.00%(81)	100.00%(81)	100.00%(81)	100.00%(81)	100.00%(81)	100.00%(81)	100.00%(81)	100.00%(81)	98.77%(80)		PL2402201_LC002665-S01-D01-L12-C206C106			pass
PL2402201	-	LC002692-S01-D01-L12-C208C156	1000000	968070	96.81%	0.67%	150	148	0.98	0.94	0.55	967178	99.91%	99.80%	6139.40	89.44%	90.34%	100.00%(81)	100.00%(81)	100.00%(81)	100.00%(81)	100.00%(81)	100.00%(81)	100.00%(81)	100.00%(81)	100.00%(81)	97.53%(79)		PL2402201_LC002692-S01-D01-L12-C208C156			pass
PL2402201	-	LC002693-S01-D01-L12-C206C107	938916	915982	97.56%	1.33%	150	147	0.98	0.94	0.55	915862	99.99%	99.80%	6009.51	92.80%	90.11%	100.00%(81)	100.00%(81)	100.00%(81)	100.00%(81)	100.00%(81)	100.00%(81)	100.00%(81)	100.00%(81)	98.77%(80)	97.53%(79)		PL2402201_LC002693-S01-D01-L12-C206C107			pass
PL2402201	-	LC002711-S01-D01-L12-C206C111	1000000	968768	96.88%	0.45%	150	148	0.98	0.94	0.56	968488	99.97%	99.80%	6130.13	91.33%	83.37%	100.00%(81)	100.00%(81)	100.00%(81)	100.00%(81)	100.00%(81)	100.00%(81)	100.00%(81)	100.00%(81)	98.77%(80)	92.59%(75)		PL2402201_LC002711-S01-D01-L12-C206C111			pass
PL2402201	-	LC002712-S01-D01-L12-C206C112	1000000	974494	97.45%	0.70%	150	148	0.98	0.94	0.56	974434	99.99%	99.98%	6331.91	92.73%	88.46%	100.00%(81)	100.00%(81)	100.00%(81)	100.00%(81)	100.00%(81)	100.00%(81)	100.00%(81)	100.00%(81)	98.77%(80)	96.30%(78)		PL2402201_LC002712-S01-D01-L12-C206C112			pass
PL2402201	-	LC002714-S01-D01-L12-C206C113	1000000	964822	96.48%	0.65%	150	148	0.98	0.93	0.56	964783	100.00%	99.81%	6200.29	92.07%	84.57%	100.00%(81)	100.00%(81)	100.00%(81)	100.00%(81)	100.00%(81)	100.00%(81)	100.00%(81)	98.77%(80)	98.77%(80)	93.83%(76)		PL2402201_LC002714-S01-D01-L12-C206C113			pass
PL2402201	-	LC002719-S01-D01-L12-C206C116	1000000	975286	97.53%	0.80%	150	148	0.98	0.94	0.56	974881	99.96%	99.79%	6425.27	93.85%	85.75%	100.00%(81)	100.00%(81)	100.00%(81)	100.00%(81)	100.00%(81)	100.00%(81)	100.00%(81)	100.00%(81)	97.53%(79)	93.83%(76)		PL2402201_LC002719-S01-D01-L12-C206C116			pass
PL2402201	-	LC002901-S01-D01-L12-C208C160	1000000	969912	96.99%	0.80%	150	148	0.98	0.94	0.56	969256	99.93%	99.79%	6349.91	92.84%	88.22%	100.00%(81)	100.00%(81)	100.00%(81)	100.00%(81)	100.00%(81)	100.00%(81)	100.00%(81)	100.00%(81)	100.00%(81)	97.53%(79)		PL2402201_LC002901-S01-D01-L12-C208C160			pass
PL2402201	-	LC002909-S01-D01-L12-C206C165	1000000	972110	97.21%	0.89%	150	148	0.98	0.94	0.56	972041	99.99%	99.79%	6373.35	92.64%	85.85%	100.00%(81)	100.00%(81)	100.00%(81)	100.00%(81)	100.00%(81)	100.00%(81)	100.00%(81)	100.00%(81)	98.77%(80)	95.06%(77)		PL2402201_LC002909-S01-D01-L12-C206C165			pass
PL2402201	-	LC002922-S01-D01-L12-C206C177	1000000	971276	97.13%	0.48%	150	148	0.98	0.94	0.56	971226	99.99%	99.96%	6170.41	90.66%	89.77%	100.00%(81)	100.00%(81)	100.00%(81)	100.00%(81)	100.00%(81)	100.00%(81)	100.00%(81)	100.00%(81)	100.00%(81)	96.30%(78)		PL2402201_LC002922-S01-D01-L12-C206C177			pass
260429170714_B141_SKII15265-YY223-CTRL-260429170714	B141	LC002312-S01-D01-L12-C208C145	807914	724464	89.67%	0.71%	150	137	0.93	0.87	0.51	724213	99.97%	99.78%	4065.66	81.85%	89.29%	100.00%(81)	100.00%(81)	100.00%(81)	100.00%(81)	100.00%(81)	100.00%(81)	100.00%(81)	98.77%(80)	96.30%(78)	90.12%(73)		SKII15265V30_1-LC002312-S01-D01-L12-C208C145			pass
260429170714_B141_SKII15265-YY223-CTRL-260429170714	B141	LC002665-S01-D01-L12-C206C106	589882	530616	89.95%	0.97%	150	136	0.93	0.88	0.50	530475	99.97%	100.00%	3081.86	85.09%	90.64%	100.00%(81)	100.00%(81)	100.00%(81)	100.00%(81)	100.00%(81)	100.00%(81)	100.00%(81)	97.53%(79)	95.06%(77)	92.59%(75)		SKII15265V30_10-LC002665-S01-D01-L12-C206C106			pass
260429170714_B141_SKII15265-YY223-CTRL-260429170714	B141	LC002711-S01-D01-L12-C206C111	827322	746294	90.21%	0.62%	150	137	0.93	0.88	0.49	746077	99.97%	99.80%	4326.90	85.00%	87.76%	100.00%(81)	100.00%(81)	100.00%(81)	100.00%(81)	100.00%(81)	100.00%(81)	100.00%(81)	98.77%(80)	96.30%(78)	90.12%(73)		SKII15265V30_11-LC002711-S01-D01-L12-C206C111	rs1799752|位于灰区|PB285-F-2|PB212-R|PA-SF	rs1799752	pass
260429170714_B141_SKII15265-YY223-CTRL-260429170714	B141	LC002712-S01-D01-L12-C206C112	783186	705970	90.14%	1.17%	150	136	0.93	0.88	0.51	705788	99.97%	99.80%	4136.02	86.86%	87.47%	100.00%(81)	100.00%(81)	100.00%(81)	100.00%(81)	100.00%(81)	100.00%(81)	100.00%(81)	98.77%(80)	95.06%(77)	91.36%(74)		SKII15265V30_12-LC002712-S01-D01-L12-C206C112			pass
260429170714_B141_SKII15265-YY223-CTRL-260429170714	B141	LC002719-S01-D01-L12-C206C116	824620	744266	90.26%	1.30%	150	136	0.93	0.88	0.51	744025	99.97%	99.79%	4377.20	87.60%	85.33%	100.00%(81)	100.00%(81)	100.00%(81)	100.00%(81)	100.00%(81)	100.00%(81)	98.77%(80)	98.77%(80)	96.30%(78)	88.89%(72)		SKII15265V30_13-LC002719-S01-D01-L12-C206C116			pass
260429170714_B141_SKII15265-YY223-CTRL-260429170714	B141	LC002693-S01-D01-L12-C206C107	549090	492886	89.76%	1.62%	150	135	0.93	0.88	0.51	492782	99.98%	99.79%	2892.60	87.43%	87.26%	100.00%(81)	100.00%(81)	100.00%(81)	100.00%(81)	100.00%(81)	100.00%(81)	98.77%(80)	97.53%(79)	93.83%(76)	88.89%(72)		SKII15265V30_14-LC002693-S01-D01-L12-C206C107	rs429358|位于灰区|PB287-F-2|PB287-R-2|PA-SF	rs429358	pass
260429170714_B141_SKII15265-YY223-CTRL-260429170714	B141	LC002714-S01-D01-L12-C206C113	882696	792794	89.82%	0.65%	150	137	0.93	0.87	0.50	792651	99.98%	99.79%	4600.20	84.72%	87.56%	100.00%(81)	100.00%(81)	100.00%(81)	100.00%(81)	100.00%(81)	100.00%(81)	100.00%(81)	98.77%(80)	95.06%(77)	91.36%(74)		SKII15265V30_15-LC002714-S01-D01-L12-C206C113			pass
260429170714_B141_SKII15265-YY223-CTRL-260429170714	B141	LC002909-S01-D01-L12-C206C165	715614	642514	89.78%	1.17%	150	136	0.93	0.88	0.51	642405	99.98%	99.78%	3750.07	86.45%	85.19%	100.00%(81)	100.00%(81)	100.00%(81)	100.00%(81)	100.00%(81)	100.00%(81)	100.00%(81)	98.77%(80)	93.83%(76)	87.65%(71)		SKII15265V30_16-LC002909-S01-D01-L12-C206C165			pass
260429170714_B141_SKII15265-YY223-CTRL-260429170714	B141	LC002303-S01-D01-L12-C208C143	608618	548796	90.17%	0.79%	150	138	0.93	0.88	0.50	548439	99.93%	99.80%	3177.07	83.83%	89.94%	100.00%(81)	100.00%(81)	100.00%(81)	100.00%(81)	100.00%(81)	100.00%(81)	100.00%(81)	98.77%(80)	93.83%(76)	91.36%(74)		SKII15265V30_17-LC002303-S01-D01-L12-C208C143	rs429358|位于灰区|PB287-F-2|PB287-R-2|PA-SF;rs1799752|位于灰区|PB285-F-2|PB212-R|PA-SF	rs429358;rs1799752	pass
260429170714_B141_SKII15265-YY223-CTRL-260429170714	B141	LC002480-S01-D01-L12-C208C138	774990	697380	89.99%	0.82%	150	137	0.93	0.88	0.51	697156	99.97%	99.79%	4047.79	84.78%	89.39%	100.00%(81)	100.00%(81)	100.00%(81)	100.00%(81)	100.00%(81)	100.00%(81)	100.00%(81)	98.77%(80)	97.53%(79)	92.59%(75)		SKII15265V30_18-LC002480-S01-D01-L12-C208C138			pass
260429170714_B141_SKII15265-YY223-CTRL-260429170714	B141	LC002692-S01-D01-L12-C208C156	743372	673204	90.56%	0.86%	150	137	0.93	0.88	0.49	673012	99.97%	99.79%	3905.91	85.11%	87.09%	100.00%(81)	100.00%(81)	100.00%(81)	100.00%(81)	100.00%(81)	100.00%(81)	100.00%(81)	100.00%(81)	96.30%(78)	90.12%(73)		SKII15265V30_19-LC002692-S01-D01-L12-C208C156			pass
260429170714_B141_SKII15265-YY223-CTRL-260429170714	B141	LC002658-S01-D01-L12-C208C154	583778	523478	89.67%	1.25%	150	136	0.93	0.88	0.51	523331	99.97%	99.79%	3012.51	84.54%	88.46%	100.00%(81)	100.00%(81)	100.00%(81)	100.00%(81)	100.00%(81)	100.00%(81)	100.00%(81)	98.77%(80)	95.06%(77)	90.12%(73)		SKII15265V30_2-LC002658-S01-D01-L12-C208C154			pass
260429170714_B141_SKII15265-YY223-CTRL-260429170714	B141	LC002647-S01-D01-L12-C206C104	625178	557350	89.15%	1.09%	150	136	0.93	0.87	0.51	557198	99.97%	99.78%	3237.05	85.94%	88.90%	100.00%(81)	100.00%(81)	100.00%(81)	100.00%(81)	100.00%(81)	100.00%(81)	100.00%(81)	98.77%(80)	95.06%(77)	90.12%(73)		SKII15265V30_20-LC002647-S01-D01-L12-C206C104			pass
260429170714_B141_SKII15265-YY223-CTRL-260429170714	B141	LC002664-S01-D01-L12-C206C105	571208	510162	89.31%	1.10%	150	136	0.93	0.87	0.52	509840	99.94%	99.78%	2948.08	85.54%	89.89%	100.00%(81)	100.00%(81)	100.00%(81)	100.00%(81)	100.00%(81)	100.00%(81)	100.00%(81)	97.53%(79)	95.06%(77)	88.89%(72)		SKII15265V30_21-LC002664-S01-D01-L12-C206C105			pass
260429170714_B141_SKII15265-YY223-CTRL-260429170714	B141	LC001876-S02-D01-L12-C206C130	727550	641358	88.15%	2.29%	150	134	0.93	0.87	0.52	641138	99.97%	99.83%	3608.39	83.97%	89.00%	100.00%(81)	100.00%(81)	100.00%(81)	100.00%(81)	100.00%(81)	100.00%(81)	98.77%(80)	98.77%(80)	95.06%(77)	91.36%(74)		SKII15265V30_22-LC001876-S02-D01-L12-C206C130			pass
260429170714_B141_SKII15265-YY223-CTRL-260429170714	B141	CN001477-S09-D04-L13-C206C131	614644	547600	89.09%	1.17%	150	136	0.93	0.87	0.52	547459	99.97%	99.79%	3065.00	82.05%	89.01%	100.00%(81)	100.00%(81)	100.00%(81)	100.00%(81)	100.00%(81)	100.00%(81)	98.77%(80)	98.77%(80)	93.83%(76)	88.89%(72)		SKII15265V30_23-CN001477-S09-D04-L13-C206C131			pass
260429170714_B141_SKII15265-YY223-CTRL-260429170714	B141	LC002901-S01-D01-L12-C208C160	657296	593114	90.24%	0.97%	150	136	0.93	0.88	0.51	592759	99.94%	99.79%	3468.12	86.39%	86.77%	100.00%(81)	100.00%(81)	100.00%(81)	100.00%(81)	100.00%(81)	100.00%(81)	100.00%(81)	98.77%(80)	96.30%(78)	88.89%(72)		SKII15265V30_3-LC002901-S01-D01-L12-C208C160			pass
260429170714_B141_SKII15265-YY223-CTRL-260429170714	B141	LC002922-S01-D01-L12-C206C177	683064	614664	89.99%	0.68%	150	137	0.93	0.88	0.50	614508	99.97%	99.79%	3574.87	84.39%	90.03%	100.00%(81)	100.00%(81)	100.00%(81)	100.00%(81)	100.00%(81)	100.00%(81)	100.00%(81)	98.77%(80)	95.06%(77)	90.12%(73)		SKII15265V30_4-LC002922-S01-D01-L12-C206C177			pass
260429170714_B141_SKII15265-YY223-CTRL-260429170714	B141	LC001929-S01-D01-L12-C206C184	728940	648506	88.97%	2.01%	150	135	0.93	0.88	0.51	648359	99.98%	99.67%	3662.60	83.61%	88.52%	100.00%(81)	100.00%(81)	100.00%(81)	100.00%(81)	100.00%(81)	100.00%(81)	100.00%(81)	98.77%(80)	96.30%(78)	91.36%(74)		SKII15265V30_5-LC001929-S01-D01-L12-C206C184			pass
260429170714_B141_SKII15265-YY223-CTRL-260429170714	B141	LC002060-S01-D01-L12-C206C190	602730	536848	89.07%	1.75%	150	135	0.93	0.87	0.52	536674	99.97%	99.78%	3023.15	83.18%	89.11%	100.00%(81)	100.00%(81)	100.00%(81)	100.00%(81)	100.00%(81)	100.00%(81)	100.00%(81)	97.53%(79)	96.30%(78)	90.12%(73)		SKII15265V30_6-LC002060-S01-D01-L12-C206C190			pass
260429170714_B141_SKII15265-YY223-CTRL-260429170714	B141	LC002521-S01-D01-L12-C206C191	746770	668426	89.51%	1.05%	150	137	0.92	0.87	0.50	668245	99.97%	99.79%	3811.32	84.52%	90.15%	100.00%(81)	100.00%(81)	100.00%(81)	100.00%(81)	100.00%(81)	100.00%(81)	100.00%(81)	100.00%(81)	97.53%(79)	93.83%(76)		SKII15265V30_7-LC002521-S01-D01-L12-C206C191			pass
260429170714_B141_SKII15265-YY223-CTRL-260429170714	B141	LC002635-S01-D01-L12-C206C102	763938	690046	90.33%	0.83%	150	137	0.93	0.88	0.50	689854	99.97%	99.78%	4080.41	86.65%	88.71%	100.00%(81)	100.00%(81)	100.00%(81)	100.00%(81)	100.00%(81)	100.00%(81)	100.00%(81)	98.77%(80)	95.06%(77)	92.59%(75)		SKII15265V30_8-LC002635-S01-D01-L12-C206C102			pass
260429170714_B141_SKII15265-YY223-CTRL-260429170714	B141	LC002636-S01-D01-L12-C206C103	717504	645200	89.92%	0.93%	150	136	0.93	0.88	0.50	644903	99.95%	99.80%	3791.06	86.64%	87.91%	100.00%(81)	100.00%(81)	100.00%(81)	100.00%(81)	100.00%(81)	100.00%(81)	100.00%(81)	98.77%(80)	96.30%(78)	91.36%(74)		SKII15265V30_9-LC002636-S01-D01-L12-C206C103			pass
