CN001477,一致率,PL2402201_CN001477-S09-D03-LPD-D502D733,241023164810_B121_SKII13126-121-YY2-1-241023164810_CN001477-S09-D03-LPD-D502D733,241024151121_B115_SKII13133-115-YY2-1-241024151122_CN001477-S09-D03-LPD-D502D733,241025162532_B116_SKII13141-116-YY2-2-241025162531_CN001477-S09-D03-LPD-D502D733,241026150107_B121_SKII13147-121-YY2-2-241026150108_CN001477-S09-D03-LPD-D502D733,241026152151_B115_SKII13148-115-YY2-2-241026152151_CN001477-S09-D03-LPD-D502D733,241027150041_B116_SKII13151-116-YY2-3-241027150041_CN001477-S09-D03-LPD-D502D733,241028160314_B121_SKII13155-121-YY2-3-241028160314_CN001477-S09-D03-LPD-D502D733,241024172116_B130_SKII13138-1011N29-241024172117_CN001477-S09-D03-LPD-D502D733,241026165346_B130_SKII13144-121021N12-241026165347_CN001477-S09-D03-LPD-D502D733,PL2402402_-_CN001477-S09-D03-LPD-D502D733,GZ240557652_-_CN001477-S09-D03-LPD-D502D733,GZ240557663_-_CN001477-S09-D03-LPD-D502D733,PL2402602_-_CN001477-S09-D03-LPD-D502D733,250219151728_B137_SKII13548-YY2-250219151728_CN001477-S09-D03-LPD-D502D733,250307163627_B137_SKII13657-YY2-250307163628_CN001477-S09-D03-LPD-D502D733,250314152904_B096_SKII13727-QC6-100M-1-250314152905_CN001477-S09-D03-LPD-D502D733,250315103452_B097_SKII13731-QC6-100M-1-250315103453_CN001477-S09-D03-LPD-D502D733,250506154409_B085_SK13920_RPA-B-YY2-250506154409_CN001477-S09-D03-LPD-D502D733,250508152712_B094_SKII13926-RPA-B-YY2-250508152713_CN001477-S09-D03-LPD-D502D733,251225113322_B121_SKII1477-PABD_CN001477-S09-D03-LPD-D502D733,260321141809_B157_09509B0317N3-YY2-260321141812_CN001477-S09-D03-LPD-D502D733,260404153205_B170_SKII15168-YY2-1-260404153205_CN001477-S09-D03-LPD-D502D733,260413181025_B170_SKII15205-YY2-2-260413181024_CN001477-S09-D03-LPD-D502D733,260428162711_B162_SKII5264-YY2-CLK-A-260428162711_CN001477-S09-D03-LPD-D502D733,260429170714_B141_SKII15265-YY223-CTRL-260429170714_CN001477-S09-D03-LPD-D502D733,260429170625_B143_SKII15266-YY2-23-DN-260429170627_CN001477-S09-D03-LPD-D502D733,260508151426_B172_SKII15277-YY2-WBhot-260508151422_CN001477-S09-D03-LPD-D502D733,260508150833_B162_SKII15275-YY2BRS2hot-260508150833_CN001477-S09-D03-LPD-D502D733,260521174016_B143_SKII15305-P523NRC-260521174015_CN001477-S09-D03-LPD-D502D733,260522164010_B162_SKII15306-I-YY2-260522164010_CN001477-S09-D03-LPD-D502D733,260522163748_B141_SKII15307-T-YY2-260522163749_CN001477-S09-D03-LPD-D502D733,260523150002_B170_SKII5311-R2JC-YY2-260523150003_CN001477-S09-D03-LPD-D502D733,260603175803_B170_SKII15342-R2JC-YY2-260603175804_CN001477-S09-D03-LPD-D502D733,260605154758_B177_SKII15350-R2JC-YY2-260605154803_CN001477-S09-D03-LPD-D502D733,260701150403_B169_SKII15399-R2JC-3-YY2-260701150404_CN001477-S09-D03-LPD-D502D733,BGISEQ_0707_CN001477-S09-D03-LPD-D502D733,GeneMind_0713_CN001477-S09-D03-LPD-D502D733,260703153244_B174_SKII-R2JC-ZY-Y2_reanalysis_20260710154034_CN001477-S09-D03-LPD-D502D733,260922153603_B183_SKII-JBJC-YY2-260922153621_CN001477-S09-D03-LPD-D502D733
HLA-A,100.00%,阴性,阴性,阴性,阴性,阴性,阴性,阴性,阴性,阴性,阴性,阴性,阴性,阴性,阴性,阴性,阴性,阴性,阴性,阴性,阴性,阴性,阴性,阴性,阴性,阴性,阴性,阴性,阴性,阴性,阴性,阴性,阴性,阴性,阴性,阴性,阴性,阴性,阴性,阴性,阴性
HLA-B,100.00%,阴性,阴性,阴性,阴性,阴性,阴性,阴性,阴性,阴性,阴性,阴性,阴性,阴性,阴性,阴性,阴性,阴性,阴性,阴性,阴性,阴性,阴性,阴性,阴性,阴性,阴性,阴性,阴性,阴性,阴性,阴性,阴性,阴性,阴性,阴性,阴性,阴性,阴性,阴性,阴性
HLA-C,100.00%,阴性,阴性,阴性,阴性,阴性,阴性,阴性,阴性,阴性,阴性,阴性,阴性,阴性,阴性,阴性,阴性,阴性,阴性,阴性,阴性,阴性,阴性,阴性,阴性,阴性,阴性,阴性,阴性,阴性,阴性,阴性,阴性,阴性,阴性,阴性,阴性,阴性,阴性,阴性,阴性
,,,,,,,,,,,,,,,,,,,,,,,,,,,,,,,,,,,,,,,,,
LC001881,一致率,PL2402201_LC001881-S02-D01-LPD-D503D744,241023164810_B121_SKII13126-121-YY2-1-241023164810_LC001881-S02-D01-LPD-D503D744,241024151121_B115_SKII13133-115-YY2-1-241024151122_LC001881-S02-D01-LPD-D503D744,241025162532_B116_SKII13141-116-YY2-2-241025162531_LC001881-S02-D01-LPD-D503D744,241026150107_B121_SKII13147-121-YY2-2-241026150108_LC001881-S02-D01-LPD-D503D744,241026152151_B115_SKII13148-115-YY2-2-241026152151_LC001881-S02-D01-LPD-D503D744,241027150041_B116_SKII13151-116-YY2-3-241027150041_LC001881-S02-D01-LPD-D503D744,241028160314_B121_SKII13155-121-YY2-3-241028160314_LC001881-S02-D01-LPD-D503D744,241024172116_B130_SKII13138-1011N29-241024172117_LC001881-S02-D01-LPD-D503D744,241026165346_B130_SKII13144-121021N12-241026165347_LC001881-S02-D01-LPD-D503D744,PL2402402_-_LC001881-S02-D01-LPD-D503D744,GZ240557652_-_LC001881-S02-D01-LPD-D503D744,GZ240557663_-_LC001881-S02-D01-LPD-D503D744,PL2402602_-_LC001881-S02-D01-LPD-D503D744,250219151728_B137_SKII13548-YY2-250219151728_LC001881-S02-D01-LPD-D503D744,250307163627_B137_SKII13657-YY2-250307163628_LC001881-S02-D01-LPD-D503D744,250314152904_B096_SKII13727-QC6-100M-1-250314152905_LC001881-S02-D01-LPD-D503D744,250315103452_B097_SKII13731-QC6-100M-1-250315103453_LC001881-S02-D01-LPD-D503D744,250506154409_B085_SK13920_RPA-B-YY2-250506154409_LC001881-S02-D01-LPD-D503D744,250508152712_B094_SKII13926-RPA-B-YY2-250508152713_LC001881-S02-D01-LPD-D503D744,251225113322_B121_SKII1477-PABD_LC001881-S02-D01-LPD-D503D744,260321141809_B157_09509B0317N3-YY2-260321141812_LC001881-S02-D01-LPD-D503D744,260404153205_B170_SKII15168-YY2-1-260404153205_LC001881-S02-D01-LPD-D503D744,260413181025_B170_SKII15205-YY2-2-260413181024_LC001881-S02-D01-LPD-D503D744,260428162711_B162_SKII5264-YY2-CLK-A-260428162711_LC001881-S02-D01-LPD-D503D744,260429170714_B141_SKII15265-YY223-CTRL-260429170714_LC001881-S02-D01-LPD-D503D744,260429170625_B143_SKII15266-YY2-23-DN-260429170627_LC001881-S02-D01-LPD-D503D744,260508151426_B172_SKII15277-YY2-WBhot-260508151422_LC001881-S02-D01-LPD-D503D744,260508150833_B162_SKII15275-YY2BRS2hot-260508150833_LC001881-S02-D01-LPD-D503D744,260521174016_B143_SKII15305-P523NRC-260521174015_LC001881-S02-D01-LPD-D503D744,260522164010_B162_SKII15306-I-YY2-260522164010_LC001881-S02-D01-LPD-D503D744,260522163748_B141_SKII15307-T-YY2-260522163749_LC001881-S02-D01-LPD-D503D744,260523150002_B170_SKII5311-R2JC-YY2-260523150003_LC001881-S02-D01-LPD-D503D744,260603175803_B170_SKII15342-R2JC-YY2-260603175804_LC001881-S02-D01-LPD-D503D744,260605154758_B177_SKII15350-R2JC-YY2-260605154803_LC001881-S02-D01-LPD-D503D744,260701150403_B169_SKII15399-R2JC-3-YY2-260701150404_LC001881-S02-D01-LPD-D503D744,BGISEQ_0707_LC001881-S02-D01-LPD-D503D744,GeneMind_0713_LC001881-S02-D01-LPD-D503D744,260703153244_B174_SKII-R2JC-ZY-Y2_reanalysis_20260710154034_LC001881-S02-D01-LPD-D503D744,260922153603_B183_SKII-JBJC-YY2-260922153621_LC001881-S02-D01-LPD-D503D744
HLA-A,100.00%,阴性,阴性,阴性,阴性,阴性,阴性,阴性,阴性,阴性,阴性,阴性,阴性,阴性,阴性,阴性,阴性,阴性,阴性,阴性,阴性,阴性,阴性,阴性,阴性,阴性,阴性,阴性,阴性,阴性,阴性,阴性,阴性,阴性,阴性,阴性,阴性,阴性,阴性,阴性,阴性
HLA-B,100.00%,阴性,阴性,阴性,阴性,阴性,阴性,阴性,阴性,阴性,阴性,阴性,阴性,阴性,阴性,阴性,阴性,阴性,阴性,阴性,阴性,阴性,阴性,阴性,阴性,阴性,阴性,阴性,阴性,阴性,阴性,阴性,阴性,阴性,阴性,阴性,阴性,阴性,阴性,阴性,阴性
HLA-C,100.00%,阴性,阴性,阴性,阴性,阴性,阴性,阴性,阴性,阴性,阴性,阴性,阴性,阴性,阴性,阴性,阴性,阴性,阴性,阴性,阴性,阴性,阴性,阴性,阴性,阴性,阴性,阴性,阴性,阴性,阴性,阴性,阴性,阴性,阴性,阴性,阴性,阴性,阴性,阴性,阴性
,,,,,,,,,,,,,,,,,,,,,,,,,,,,,,,,,,,,,,,,,
LC002134,一致率,PL2402201_LC002134-S01-D01-LPD-D503D721,241023164810_B121_SKII13126-121-YY2-1-241023164810_LC002134-S01-D01-LPD-D503D721,241024151121_B115_SKII13133-115-YY2-1-241024151122_LC002134-S01-D01-LPD-D503D721,241025162532_B116_SKII13141-116-YY2-2-241025162531_LC002134-S01-D01-LPD-D503D721,241026150107_B121_SKII13147-121-YY2-2-241026150108_LC002134-S01-D01-LPD-D503D721,241026152151_B115_SKII13148-115-YY2-2-241026152151_LC002134-S01-D01-LPD-D503D721,241027150041_B116_SKII13151-116-YY2-3-241027150041_LC002134-S01-D01-LPD-D503D721,241028160314_B121_SKII13155-121-YY2-3-241028160314_LC002134-S01-D01-LPD-D503D721,241024172116_B130_SKII13138-1011N29-241024172117_LC002134-S01-D01-LPD-D503D721,241026165346_B130_SKII13144-121021N12-241026165347_LC002134-S01-D01-LPD-D503D721,PL2402402_-_LC002134-S01-D01-LPD-D503D721,GZ240557652_-_LC002134-S01-D01-LPD-D503D721,GZ240557663_-_LC002134-S01-D01-LPD-D503D721,PL2402602_-_LC002134-S01-D01-LPD-D503D721,250219151728_B137_SKII13548-YY2-250219151728_LC002134-S01-D01-LPD-D503D721,250307163627_B137_SKII13657-YY2-250307163628_LC002134-S01-D01-LPD-D503D721,250314152904_B096_SKII13727-QC6-100M-1-250314152905_LC002134-S01-D01-LPD-D503D721,250315103452_B097_SKII13731-QC6-100M-1-250315103453_LC002134-S01-D01-LPD-D503D721,250506154409_B085_SK13920_RPA-B-YY2-250506154409_LC002134-S01-D01-LPD-D503D721,250508152712_B094_SKII13926-RPA-B-YY2-250508152713_LC002134-S01-D01-LPD-D503D721,251225113322_B121_SKII1477-PABD_LC002134-S01-D01-LPD-D503D721,260321141809_B157_09509B0317N3-YY2-260321141812_LC002134-S01-D01-LPD-D503D721,260404153205_B170_SKII15168-YY2-1-260404153205_LC002134-S01-D01-LPD-D503D721,260413181025_B170_SKII15205-YY2-2-260413181024_LC002134-S01-D01-LPD-D503D721,260428162711_B162_SKII5264-YY2-CLK-A-260428162711_LC002134-S01-D01-LPD-D503D721,260429170714_B141_SKII15265-YY223-CTRL-260429170714_LC002134-S01-D01-LPD-D503D721,260429170625_B143_SKII15266-YY2-23-DN-260429170627_LC002134-S01-D01-LPD-D503D721,260508151426_B172_SKII15277-YY2-WBhot-260508151422_LC002134-S01-D01-LPD-D503D721,260508150833_B162_SKII15275-YY2BRS2hot-260508150833_LC002134-S01-D01-LPD-D503D721,260521174016_B143_SKII15305-P523NRC-260521174015_LC002134-S01-D01-LPD-D503D721,260522164010_B162_SKII15306-I-YY2-260522164010_LC002134-S01-D01-LPD-D503D721,260522163748_B141_SKII15307-T-YY2-260522163749_LC002134-S01-D01-LPD-D503D721,260523150002_B170_SKII5311-R2JC-YY2-260523150003_LC002134-S01-D01-LPD-D503D721,260603175803_B170_SKII15342-R2JC-YY2-260603175804_LC002134-S01-D01-LPD-D503D721,260605154758_B177_SKII15350-R2JC-YY2-260605154803_LC002134-S01-D01-LPD-D503D721,260701150403_B169_SKII15399-R2JC-3-YY2-260701150404_LC002134-S01-D01-LPD-D503D721,BGISEQ_0707_LC002134-S01-D01-LPD-D503D721,GeneMind_0713_LC002134-S01-D01-LPD-D503D721,260703153244_B174_SKII-R2JC-ZY-Y2_reanalysis_20260710154034_LC002134-S01-D01-LPD-D503D721,260922153603_B183_SKII-JBJC-YY2-260922153621_LC002134-S01-D01-LPD-D503D721
HLA-A,100.00%,阴性,阴性,阴性,阴性,阴性,阴性,阴性,阴性,阴性,阴性,阴性,阴性,阴性,阴性,阴性,阴性,阴性,阴性,阴性,阴性,阴性,阴性,阴性,阴性,阴性,阴性,阴性,阴性,阴性,阴性,阴性,阴性,阴性,阴性,阴性,阴性,阴性,阴性,阴性,阴性
HLA-B,100.00%,阴性,阴性,阴性,阴性,阴性,阴性,阴性,阴性,阴性,阴性,阴性,阴性,阴性,阴性,阴性,阴性,阴性,阴性,阴性,阴性,阴性,阴性,阴性,阴性,阴性,阴性,阴性,阴性,阴性,阴性,阴性,阴性,阴性,阴性,阴性,阴性,阴性,阴性,阴性,阴性
HLA-C,100.00%,阴性,阴性,阴性,阴性,阴性,阴性,阴性,阴性,阴性,阴性,阴性,阴性,阴性,阴性,阴性,阴性,阴性,阴性,阴性,阴性,阴性,阴性,阴性,阴性,阴性,阴性,阴性,阴性,阴性,阴性,阴性,阴性,阴性,阴性,阴性,阴性,阴性,阴性,阴性,阴性
,,,,,,,,,,,,,,,,,,,,,,,,,,,,,,,,,,,,,,,,,
LC002136,一致率,PL2402201_LC002136-S01-D01-LPD-D503D722,241023164810_B121_SKII13126-121-YY2-1-241023164810_LC002136-S01-D01-LPD-D503D722,241024151121_B115_SKII13133-115-YY2-1-241024151122_LC002136-S01-D01-LPD-D503D722,241025162532_B116_SKII13141-116-YY2-2-241025162531_LC002136-S01-D01-LPD-D503D722,241026150107_B121_SKII13147-121-YY2-2-241026150108_LC002136-S01-D01-LPD-D503D722,241026152151_B115_SKII13148-115-YY2-2-241026152151_LC002136-S01-D01-LPD-D503D722,241027150041_B116_SKII13151-116-YY2-3-241027150041_LC002136-S01-D01-LPD-D503D722,241028160314_B121_SKII13155-121-YY2-3-241028160314_LC002136-S01-D01-LPD-D503D722,241024172116_B130_SKII13138-1011N29-241024172117_LC002136-S01-D01-LPD-D503D722,241026165346_B130_SKII13144-121021N12-241026165347_LC002136-S01-D01-LPD-D503D722,PL2402402_-_LC002136-S01-D01-LPD-D503D722,GZ240557652_-_LC002136-S01-D01-LPD-D503D722,GZ240557663_-_LC002136-S01-D01-LPD-D503D722,PL2402602_-_LC002136-S01-D01-LPD-D503D722,250219151728_B137_SKII13548-YY2-250219151728_LC002136-S01-D01-LPD-D503D722,250307163627_B137_SKII13657-YY2-250307163628_LC002136-S01-D01-LPD-D503D722,250314152904_B096_SKII13727-QC6-100M-1-250314152905_LC002136-S01-D01-LPD-D503D722,250315103452_B097_SKII13731-QC6-100M-1-250315103453_LC002136-S01-D01-LPD-D503D722,250506154409_B085_SK13920_RPA-B-YY2-250506154409_LC002136-S01-D01-LPD-D503D722,250508152712_B094_SKII13926-RPA-B-YY2-250508152713_LC002136-S01-D01-LPD-D503D722,251225113322_B121_SKII1477-PABD_LC002136-S01-D01-LPD-D503D722,260321141809_B157_09509B0317N3-YY2-260321141812_LC002136-S01-D01-LPD-D503D722,260404153205_B170_SKII15168-YY2-1-260404153205_LC002136-S01-D01-LPD-D503D722,260413181025_B170_SKII15205-YY2-2-260413181024_LC002136-S01-D01-LPD-D503D722,260428162711_B162_SKII5264-YY2-CLK-A-260428162711_LC002136-S01-D01-LPD-D503D722,260429170714_B141_SKII15265-YY223-CTRL-260429170714_LC002136-S01-D01-LPD-D503D722,260429170625_B143_SKII15266-YY2-23-DN-260429170627_LC002136-S01-D01-LPD-D503D722,260508151426_B172_SKII15277-YY2-WBhot-260508151422_LC002136-S01-D01-LPD-D503D722,260508150833_B162_SKII15275-YY2BRS2hot-260508150833_LC002136-S01-D01-LPD-D503D722,260521174016_B143_SKII15305-P523NRC-260521174015_LC002136-S01-D01-LPD-D503D722,260522164010_B162_SKII15306-I-YY2-260522164010_LC002136-S01-D01-LPD-D503D722,260522163748_B141_SKII15307-T-YY2-260522163749_LC002136-S01-D01-LPD-D503D722,260523150002_B170_SKII5311-R2JC-YY2-260523150003_LC002136-S01-D01-LPD-D503D722,260603175803_B170_SKII15342-R2JC-YY2-260603175804_LC002136-S01-D01-LPD-D503D722,260605154758_B177_SKII15350-R2JC-YY2-260605154803_LC002136-S01-D01-LPD-D503D722,260701150403_B169_SKII15399-R2JC-3-YY2-260701150404_LC002136-S01-D01-LPD-D503D722,BGISEQ_0707_LC002136-S01-D01-LPD-D503D722,GeneMind_0713_LC002136-S01-D01-LPD-D503D722,260703153244_B174_SKII-R2JC-ZY-Y2_reanalysis_20260710154034_LC002136-S01-D01-LPD-D503D722,260922153603_B183_SKII-JBJC-YY2-260922153621_LC002136-S01-D01-LPD-D503D722
HLA-A,100.00%,阴性,阴性,阴性,阴性,阴性,阴性,阴性,阴性,阴性,阴性,阴性,阴性,阴性,阴性,阴性,阴性,阴性,阴性,阴性,阴性,阴性,阴性,阴性,阴性,阴性,阴性,阴性,阴性,阴性,阴性,阴性,阴性,阴性,阴性,阴性,阴性,阴性,阴性,阴性,阴性
HLA-B,100.00%,阴性,阴性,阴性,阴性,阴性,阴性,阴性,阴性,阴性,阴性,阴性,阴性,阴性,阴性,阴性,阴性,阴性,阴性,阴性,阴性,阴性,阴性,阴性,阴性,阴性,阴性,阴性,阴性,阴性,阴性,阴性,阴性,阴性,阴性,阴性,阴性,阴性,阴性,阴性,阴性
HLA-C,100.00%,阴性,阴性,阴性,阴性,阴性,阴性,阴性,阴性,阴性,阴性,阴性,阴性,阴性,阴性,阴性,阴性,阴性,阴性,阴性,阴性,阴性,阴性,阴性,阴性,阴性,阴性,阴性,阴性,阴性,阴性,阴性,阴性,阴性,阴性,阴性,阴性,阴性,阴性,阴性,阴性
,,,,,,,,,,,,,,,,,,,,,,,,,,,,,,,,,,,,,,,,,
LC002160,一致率,PL2402201_LC002160-S01-D01-LPD-D502D741,241023164810_B121_SKII13126-121-YY2-1-241023164810_LC002160-S01-D01-LPD-D502D741,241024151121_B115_SKII13133-115-YY2-1-241024151122_LC002160-S01-D01-LPD-D502D741,241025162532_B116_SKII13141-116-YY2-2-241025162531_LC002160-S01-D01-LPD-D502D741,241026150107_B121_SKII13147-121-YY2-2-241026150108_LC002160-S01-D01-LPD-D502D741,241026152151_B115_SKII13148-115-YY2-2-241026152151_LC002160-S01-D01-LPD-D502D741,241027150041_B116_SKII13151-116-YY2-3-241027150041_LC002160-S01-D01-LPD-D502D741,241028160314_B121_SKII13155-121-YY2-3-241028160314_LC002160-S01-D01-LPD-D502D741,241024172116_B130_SKII13138-1011N29-241024172117_LC002160-S01-D01-LPD-D502D741,241026165346_B130_SKII13144-121021N12-241026165347_LC002160-S01-D01-LPD-D502D741,PL2402402_-_LC002160-S01-D01-LPD-D502D741,GZ240557652_-_LC002160-S01-D01-LPD-D502D741,GZ240557663_-_LC002160-S01-D01-LPD-D502D741,PL2402602_-_LC002160-S01-D01-LPD-D502D741,250219151728_B137_SKII13548-YY2-250219151728_LC002160-S01-D01-LPD-D502D741,250307163627_B137_SKII13657-YY2-250307163628_LC002160-S01-D01-LPD-D502D741,250314152904_B096_SKII13727-QC6-100M-1-250314152905_LC002160-S01-D01-LPD-D502D741,250315103452_B097_SKII13731-QC6-100M-1-250315103453_LC002160-S01-D01-LPD-D502D741,250506154409_B085_SK13920_RPA-B-YY2-250506154409_LC002160-S01-D01-LPD-D502D741,250508152712_B094_SKII13926-RPA-B-YY2-250508152713_LC002160-S01-D01-LPD-D502D741,251225113322_B121_SKII1477-PABD_LC002160-S01-D01-LPD-D502D741,260321141809_B157_09509B0317N3-YY2-260321141812_LC002160-S01-D01-LPD-D502D741,260404153205_B170_SKII15168-YY2-1-260404153205_LC002160-S01-D01-LPD-D502D741,260413181025_B170_SKII15205-YY2-2-260413181024_LC002160-S01-D01-LPD-D502D741,260428162711_B162_SKII5264-YY2-CLK-A-260428162711_LC002160-S01-D01-LPD-D502D741,260429170714_B141_SKII15265-YY223-CTRL-260429170714_LC002160-S01-D01-LPD-D502D741,260429170625_B143_SKII15266-YY2-23-DN-260429170627_LC002160-S01-D01-LPD-D502D741,260508151426_B172_SKII15277-YY2-WBhot-260508151422_LC002160-S01-D01-LPD-D502D741,260508150833_B162_SKII15275-YY2BRS2hot-260508150833_LC002160-S01-D01-LPD-D502D741,260521174016_B143_SKII15305-P523NRC-260521174015_LC002160-S01-D01-LPD-D502D741,260522164010_B162_SKII15306-I-YY2-260522164010_LC002160-S01-D01-LPD-D502D741,260522163748_B141_SKII15307-T-YY2-260522163749_LC002160-S01-D01-LPD-D502D741,260523150002_B170_SKII5311-R2JC-YY2-260523150003_LC002160-S01-D01-LPD-D502D741,260603175803_B170_SKII15342-R2JC-YY2-260603175804_LC002160-S01-D01-LPD-D502D741,260605154758_B177_SKII15350-R2JC-YY2-260605154803_LC002160-S01-D01-LPD-D502D741,260701150403_B169_SKII15399-R2JC-3-YY2-260701150404_LC002160-S01-D01-LPD-D502D741,BGISEQ_0707_LC002160-S01-D01-LPD-D502D741,GeneMind_0713_LC002160-S01-D01-LPD-D502D741,260703153244_B174_SKII-R2JC-ZY-Y2_reanalysis_20260710154034_LC002160-S01-D01-LPD-D502D741,260922153603_B183_SKII-JBJC-YY2-260922153621_LC002160-S01-D01-LPD-D502D741
HLA-A,100.00%,阴性,阴性,阴性,阴性,阴性,阴性,阴性,阴性,阴性,阴性,阴性,阴性,阴性,阴性,阴性,阴性,阴性,阴性,阴性,阴性,阴性,阴性,阴性,阴性,阴性,阴性,阴性,阴性,阴性,阴性,阴性,阴性,阴性,阴性,阴性,阴性,阴性,阴性,阴性,阴性
HLA-B,100.00%,阴性,阴性,阴性,阴性,阴性,阴性,阴性,阴性,阴性,阴性,阴性,阴性,阴性,阴性,阴性,阴性,阴性,阴性,阴性,阴性,阴性,阴性,阴性,阴性,阴性,阴性,阴性,阴性,阴性,阴性,阴性,阴性,阴性,阴性,阴性,阴性,阴性,阴性,阴性,阴性
HLA-C,100.00%,阴性,阴性,阴性,阴性,阴性,阴性,阴性,阴性,阴性,阴性,阴性,阴性,阴性,阴性,阴性,阴性,阴性,阴性,阴性,阴性,阴性,阴性,阴性,阴性,阴性,阴性,阴性,阴性,阴性,阴性,阴性,阴性,阴性,阴性,阴性,阴性,阴性,阴性,阴性,阴性
,,,,,,,,,,,,,,,,,,,,,,,,,,,,,,,,,,,,,,,,,
LC002325,一致率,PL2402201_LC002325-S01-D01-LPD-D503D725,241023164810_B121_SKII13126-121-YY2-1-241023164810_LC002325-S01-D01-LPD-D503D725,241024151121_B115_SKII13133-115-YY2-1-241024151122_LC002325-S01-D01-LPD-D503D725,241025162532_B116_SKII13141-116-YY2-2-241025162531_LC002325-S01-D01-LPD-D503D725,241026150107_B121_SKII13147-121-YY2-2-241026150108_LC002325-S01-D01-LPD-D503D725,241026152151_B115_SKII13148-115-YY2-2-241026152151_LC002325-S01-D01-LPD-D503D725,241027150041_B116_SKII13151-116-YY2-3-241027150041_LC002325-S01-D01-LPD-D503D725,241028160314_B121_SKII13155-121-YY2-3-241028160314_LC002325-S01-D01-LPD-D503D725,241024172116_B130_SKII13138-1011N29-241024172117_LC002325-S01-D01-LPD-D503D725,241026165346_B130_SKII13144-121021N12-241026165347_LC002325-S01-D01-LPD-D503D725,PL2402402_-_LC002325-S01-D01-LPD-D503D725,GZ240557652_-_LC002325-S01-D01-LPD-D503D725,GZ240557663_-_LC002325-S01-D01-LPD-D503D725,PL2402602_-_LC002325-S01-D01-LPD-D503D725,250219151728_B137_SKII13548-YY2-250219151728_LC002325-S01-D01-LPD-D503D725,250307163627_B137_SKII13657-YY2-250307163628_LC002325-S01-D01-LPD-D503D725,250314152904_B096_SKII13727-QC6-100M-1-250314152905_LC002325-S01-D01-LPD-D503D725,250315103452_B097_SKII13731-QC6-100M-1-250315103453_LC002325-S01-D01-LPD-D503D725,250506154409_B085_SK13920_RPA-B-YY2-250506154409_LC002325-S01-D01-LPD-D503D725,250508152712_B094_SKII13926-RPA-B-YY2-250508152713_LC002325-S01-D01-LPD-D503D725,251225113322_B121_SKII1477-PABD_LC002325-S01-D01-LPD-D503D725,260321141809_B157_09509B0317N3-YY2-260321141812_LC002325-S01-D01-LPD-D503D725,260404153205_B170_SKII15168-YY2-1-260404153205_LC002325-S01-D01-LPD-D503D725,260413181025_B170_SKII15205-YY2-2-260413181024_LC002325-S01-D01-LPD-D503D725,260428162711_B162_SKII5264-YY2-CLK-A-260428162711_LC002325-S01-D01-LPD-D503D725,260429170714_B141_SKII15265-YY223-CTRL-260429170714_LC002325-S01-D01-LPD-D503D725,260429170625_B143_SKII15266-YY2-23-DN-260429170627_LC002325-S01-D01-LPD-D503D725,260508151426_B172_SKII15277-YY2-WBhot-260508151422_LC002325-S01-D01-LPD-D503D725,260508150833_B162_SKII15275-YY2BRS2hot-260508150833_LC002325-S01-D01-LPD-D503D725,260521174016_B143_SKII15305-P523NRC-260521174015_LC002325-S01-D01-LPD-D503D725,260522164010_B162_SKII15306-I-YY2-260522164010_LC002325-S01-D01-LPD-D503D725,260522163748_B141_SKII15307-T-YY2-260522163749_LC002325-S01-D01-LPD-D503D725,260523150002_B170_SKII5311-R2JC-YY2-260523150003_LC002325-S01-D01-LPD-D503D725,260603175803_B170_SKII15342-R2JC-YY2-260603175804_LC002325-S01-D01-LPD-D503D725,260605154758_B177_SKII15350-R2JC-YY2-260605154803_LC002325-S01-D01-LPD-D503D725,260701150403_B169_SKII15399-R2JC-3-YY2-260701150404_LC002325-S01-D01-LPD-D503D725,BGISEQ_0707_LC002325-S01-D01-LPD-D503D725,GeneMind_0713_LC002325-S01-D01-LPD-D503D725,260703153244_B174_SKII-R2JC-ZY-Y2_reanalysis_20260710154034_LC002325-S01-D01-LPD-D503D725,260922153603_B183_SKII-JBJC-YY2-260922153621_LC002325-S01-D01-LPD-D503D725
HLA-A,100.00%,别嘌醇|换药,别嘌醇|换药,别嘌醇|换药,别嘌醇|换药,别嘌醇|换药,别嘌醇|换药,别嘌醇|换药,别嘌醇|换药,别嘌醇|换药,别嘌醇|换药,别嘌醇|换药,别嘌醇|换药,别嘌醇|换药,别嘌醇|换药,别嘌醇|换药,别嘌醇|换药,别嘌醇|换药,别嘌醇|换药,别嘌醇|换药,别嘌醇|换药,别嘌醇|换药,别嘌醇|换药,别嘌醇|换药,别嘌醇|换药,别嘌醇|换药,别嘌醇|换药,别嘌醇|换药,别嘌醇|换药,别嘌醇|换药,别嘌醇|换药,别嘌醇|换药,别嘌醇|换药,别嘌醇|换药,别嘌醇|换药,别嘌醇|换药,别嘌醇|换药,别嘌醇|换药,别嘌醇|换药,别嘌醇|换药,别嘌醇|换药
HLA-B,100.00%,别嘌醇|换药,别嘌醇|换药,别嘌醇|换药,别嘌醇|换药,别嘌醇|换药,别嘌醇|换药,别嘌醇|换药,别嘌醇|换药,别嘌醇|换药,别嘌醇|换药,别嘌醇|换药,别嘌醇|换药,别嘌醇|换药,别嘌醇|换药,别嘌醇|换药,别嘌醇|换药,别嘌醇|换药,别嘌醇|换药,别嘌醇|换药,别嘌醇|换药,别嘌醇|换药,别嘌醇|换药,别嘌醇|换药,别嘌醇|换药,别嘌醇|换药,别嘌醇|换药,别嘌醇|换药,别嘌醇|换药,别嘌醇|换药,别嘌醇|换药,别嘌醇|换药,别嘌醇|换药,别嘌醇|换药,别嘌醇|换药,别嘌醇|换药,别嘌醇|换药,别嘌醇|换药,别嘌醇|换药,别嘌醇|换药,别嘌醇|换药
HLA-C,97.50%,别嘌醇|换药,别嘌醇|换药,别嘌醇|换药,别嘌醇|换药,别嘌醇|换药,别嘌醇|换药,别嘌醇|换药,别嘌醇|换药,别嘌醇|换药,别嘌醇|换药,别嘌醇|换药,别嘌醇|换药,别嘌醇|换药,别嘌醇|换药,别嘌醇|换药,别嘌醇|换药,别嘌醇|换药,别嘌醇|换药,阴性,别嘌醇|换药,别嘌醇|换药,别嘌醇|换药,别嘌醇|换药,别嘌醇|换药,别嘌醇|换药,别嘌醇|换药,别嘌醇|换药,别嘌醇|换药,别嘌醇|换药,别嘌醇|换药,别嘌醇|换药,别嘌醇|换药,别嘌醇|换药,别嘌醇|换药,别嘌醇|换药,别嘌醇|换药,别嘌醇|换药,别嘌醇|换药,别嘌醇|换药,别嘌醇|换药
,,,,,,,,,,,,,,,,,,,,,,,,,,,,,,,,,,,,,,,,,
LC002328,一致率,PL2402201_LC002328-S01-D01-LPD-D503D726,241023164810_B121_SKII13126-121-YY2-1-241023164810_LC002328-S01-D01-LPD-D503D726,241024151121_B115_SKII13133-115-YY2-1-241024151122_LC002328-S01-D01-LPD-D503D726,241025162532_B116_SKII13141-116-YY2-2-241025162531_LC002328-S01-D01-LPD-D503D726,241026150107_B121_SKII13147-121-YY2-2-241026150108_LC002328-S01-D01-LPD-D503D726,241026152151_B115_SKII13148-115-YY2-2-241026152151_LC002328-S01-D01-LPD-D503D726,241027150041_B116_SKII13151-116-YY2-3-241027150041_LC002328-S01-D01-LPD-D503D726,241028160314_B121_SKII13155-121-YY2-3-241028160314_LC002328-S01-D01-LPD-D503D726,241024172116_B130_SKII13138-1011N29-241024172117_LC002328-S01-D01-LPD-D503D726,241026165346_B130_SKII13144-121021N12-241026165347_LC002328-S01-D01-LPD-D503D726,PL2402402_-_LC002328-S01-D01-LPD-D503D726,GZ240557652_-_LC002328-S01-D01-LPD-D503D726,GZ240557663_-_LC002328-S01-D01-LPD-D503D726,PL2402602_-_LC002328-S01-D01-LPD-D503D726,250219151728_B137_SKII13548-YY2-250219151728_LC002328-S01-D01-LPD-D503D726,250307163627_B137_SKII13657-YY2-250307163628_LC002328-S01-D01-LPD-D503D726,250314152904_B096_SKII13727-QC6-100M-1-250314152905_LC002328-S01-D01-LPD-D503D726,250315103452_B097_SKII13731-QC6-100M-1-250315103453_LC002328-S01-D01-LPD-D503D726,250506154409_B085_SK13920_RPA-B-YY2-250506154409_LC002328-S01-D01-LPD-D503D726,250508152712_B094_SKII13926-RPA-B-YY2-250508152713_LC002328-S01-D01-LPD-D503D726,251225113322_B121_SKII1477-PABD_LC002328-S01-D01-LPD-D503D726,260321141809_B157_09509B0317N3-YY2-260321141812_LC002328-S01-D01-LPD-D503D726,260404153205_B170_SKII15168-YY2-1-260404153205_LC002328-S01-D01-LPD-D503D726,260413181025_B170_SKII15205-YY2-2-260413181024_LC002328-S01-D01-LPD-D503D726,260428162711_B162_SKII5264-YY2-CLK-A-260428162711_LC002328-S01-D01-LPD-D503D726,260429170714_B141_SKII15265-YY223-CTRL-260429170714_LC002328-S01-D01-LPD-D503D726,260429170625_B143_SKII15266-YY2-23-DN-260429170627_LC002328-S01-D01-LPD-D503D726,260508151426_B172_SKII15277-YY2-WBhot-260508151422_LC002328-S01-D01-LPD-D503D726,260508150833_B162_SKII15275-YY2BRS2hot-260508150833_LC002328-S01-D01-LPD-D503D726,260521174016_B143_SKII15305-P523NRC-260521174015_LC002328-S01-D01-LPD-D503D726,260522164010_B162_SKII15306-I-YY2-260522164010_LC002328-S01-D01-LPD-D503D726,260522163748_B141_SKII15307-T-YY2-260522163749_LC002328-S01-D01-LPD-D503D726,260523150002_B170_SKII5311-R2JC-YY2-260523150003_LC002328-S01-D01-LPD-D503D726,260603175803_B170_SKII15342-R2JC-YY2-260603175804_LC002328-S01-D01-LPD-D503D726,260605154758_B177_SKII15350-R2JC-YY2-260605154803_LC002328-S01-D01-LPD-D503D726,260701150403_B169_SKII15399-R2JC-3-YY2-260701150404_LC002328-S01-D01-LPD-D503D726,BGISEQ_0707_LC002328-S01-D01-LPD-D503D726,GeneMind_0713_LC002328-S01-D01-LPD-D503D726,260703153244_B174_SKII-R2JC-ZY-Y2_reanalysis_20260710154034_LC002328-S01-D01-LPD-D503D726,260922153603_B183_SKII-JBJC-YY2-260922153621_LC002328-S01-D01-LPD-D503D726
HLA-A,100.00%,别嘌醇|换药,别嘌醇|换药,别嘌醇|换药,别嘌醇|换药,别嘌醇|换药,别嘌醇|换药,别嘌醇|换药,别嘌醇|换药,别嘌醇|换药,别嘌醇|换药,别嘌醇|换药,别嘌醇|换药,别嘌醇|换药,别嘌醇|换药,别嘌醇|换药,别嘌醇|换药,别嘌醇|换药,别嘌醇|换药,别嘌醇|换药,别嘌醇|换药,别嘌醇|换药,别嘌醇|换药,别嘌醇|换药,别嘌醇|换药,别嘌醇|换药,别嘌醇|换药,别嘌醇|换药,别嘌醇|换药,别嘌醇|换药,别嘌醇|换药,别嘌醇|换药,别嘌醇|换药,别嘌醇|换药,别嘌醇|换药,别嘌醇|换药,别嘌醇|换药,别嘌醇|换药,别嘌醇|换药,别嘌醇|换药,别嘌醇|换药
HLA-B,100.00%,别嘌醇|换药,别嘌醇|换药,别嘌醇|换药,别嘌醇|换药,别嘌醇|换药,别嘌醇|换药,别嘌醇|换药,别嘌醇|换药,别嘌醇|换药,别嘌醇|换药,别嘌醇|换药,别嘌醇|换药,别嘌醇|换药,别嘌醇|换药,别嘌醇|换药,别嘌醇|换药,别嘌醇|换药,别嘌醇|换药,别嘌醇|换药,别嘌醇|换药,别嘌醇|换药,别嘌醇|换药,别嘌醇|换药,别嘌醇|换药,别嘌醇|换药,别嘌醇|换药,别嘌醇|换药,别嘌醇|换药,别嘌醇|换药,别嘌醇|换药,别嘌醇|换药,别嘌醇|换药,别嘌醇|换药,别嘌醇|换药,别嘌醇|换药,别嘌醇|换药,别嘌醇|换药,别嘌醇|换药,别嘌醇|换药,别嘌醇|换药
HLA-C,100.00%,别嘌醇|换药,别嘌醇|换药,别嘌醇|换药,别嘌醇|换药,别嘌醇|换药,别嘌醇|换药,别嘌醇|换药,别嘌醇|换药,别嘌醇|换药,别嘌醇|换药,别嘌醇|换药,别嘌醇|换药,别嘌醇|换药,别嘌醇|换药,别嘌醇|换药,别嘌醇|换药,别嘌醇|换药,别嘌醇|换药,别嘌醇|换药,别嘌醇|换药,别嘌醇|换药,别嘌醇|换药,别嘌醇|换药,别嘌醇|换药,别嘌醇|换药,别嘌醇|换药,别嘌醇|换药,别嘌醇|换药,别嘌醇|换药,别嘌醇|换药,别嘌醇|换药,别嘌醇|换药,别嘌醇|换药,别嘌醇|换药,别嘌醇|换药,别嘌醇|换药,别嘌醇|换药,别嘌醇|换药,别嘌醇|换药,别嘌醇|换药
,,,,,,,,,,,,,,,,,,,,,,,,,,,,,,,,,,,,,,,,,
LC002331,一致率,PL2402201_LC002331-S01-D01-LPD-D503D727,241023164810_B121_SKII13126-121-YY2-1-241023164810_LC002331-S01-D01-LPD-D503D727,241024151121_B115_SKII13133-115-YY2-1-241024151122_LC002331-S01-D01-LPD-D503D727,241025162532_B116_SKII13141-116-YY2-2-241025162531_LC002331-S01-D01-LPD-D503D727,241026150107_B121_SKII13147-121-YY2-2-241026150108_LC002331-S01-D01-LPD-D503D727,241026152151_B115_SKII13148-115-YY2-2-241026152151_LC002331-S01-D01-LPD-D503D727,241027150041_B116_SKII13151-116-YY2-3-241027150041_LC002331-S01-D01-LPD-D503D727,241028160314_B121_SKII13155-121-YY2-3-241028160314_LC002331-S01-D01-LPD-D503D727,241024172116_B130_SKII13138-1011N29-241024172117_LC002331-S01-D01-LPD-D503D727,241026165346_B130_SKII13144-121021N12-241026165347_LC002331-S01-D01-LPD-D503D727,PL2402402_-_LC002331-S01-D01-LPD-D503D727,GZ240557652_-_LC002331-S01-D01-LPD-D503D727,GZ240557663_-_LC002331-S01-D01-LPD-D503D727,PL2402602_-_LC002331-S01-D01-LPD-D503D727,250219151728_B137_SKII13548-YY2-250219151728_LC002331-S01-D01-LPD-D503D727,250307163627_B137_SKII13657-YY2-250307163628_LC002331-S01-D01-LPD-D503D727,250314152904_B096_SKII13727-QC6-100M-1-250314152905_LC002331-S01-D01-LPD-D503D727,250315103452_B097_SKII13731-QC6-100M-1-250315103453_LC002331-S01-D01-LPD-D503D727,250506154409_B085_SK13920_RPA-B-YY2-250506154409_LC002331-S01-D01-LPD-D503D727,250508152712_B094_SKII13926-RPA-B-YY2-250508152713_LC002331-S01-D01-LPD-D503D727,251225113322_B121_SKII1477-PABD_LC002331-S01-D01-LPD-D503D727,260321141809_B157_09509B0317N3-YY2-260321141812_LC002331-S01-D01-LPD-D503D727,260404153205_B170_SKII15168-YY2-1-260404153205_LC002331-S01-D01-LPD-D503D727,260413181025_B170_SKII15205-YY2-2-260413181024_LC002331-S01-D01-LPD-D503D727,260428162711_B162_SKII5264-YY2-CLK-A-260428162711_LC002331-S01-D01-LPD-D503D727,260429170714_B141_SKII15265-YY223-CTRL-260429170714_LC002331-S01-D01-LPD-D503D727,260429170625_B143_SKII15266-YY2-23-DN-260429170627_LC002331-S01-D01-LPD-D503D727,260508151426_B172_SKII15277-YY2-WBhot-260508151422_LC002331-S01-D01-LPD-D503D727,260508150833_B162_SKII15275-YY2BRS2hot-260508150833_LC002331-S01-D01-LPD-D503D727,260521174016_B143_SKII15305-P523NRC-260521174015_LC002331-S01-D01-LPD-D503D727,260522164010_B162_SKII15306-I-YY2-260522164010_LC002331-S01-D01-LPD-D503D727,260522163748_B141_SKII15307-T-YY2-260522163749_LC002331-S01-D01-LPD-D503D727,260523150002_B170_SKII5311-R2JC-YY2-260523150003_LC002331-S01-D01-LPD-D503D727,260603175803_B170_SKII15342-R2JC-YY2-260603175804_LC002331-S01-D01-LPD-D503D727,260605154758_B177_SKII15350-R2JC-YY2-260605154803_LC002331-S01-D01-LPD-D503D727,260701150403_B169_SKII15399-R2JC-3-YY2-260701150404_LC002331-S01-D01-LPD-D503D727,BGISEQ_0707_LC002331-S01-D01-LPD-D503D727,GeneMind_0713_LC002331-S01-D01-LPD-D503D727,260703153244_B174_SKII-R2JC-ZY-Y2_reanalysis_20260710154034_LC002331-S01-D01-LPD-D503D727,260922153603_B183_SKII-JBJC-YY2-260922153621_LC002331-S01-D01-LPD-D503D727
HLA-A,100.00%,阴性,阴性,阴性,阴性,阴性,阴性,阴性,阴性,阴性,阴性,阴性,阴性,阴性,阴性,阴性,阴性,阴性,阴性,阴性,阴性,阴性,阴性,阴性,阴性,阴性,阴性,阴性,阴性,阴性,阴性,阴性,阴性,阴性,阴性,阴性,阴性,阴性,阴性,阴性,阴性
HLA-B,100.00%,阴性,阴性,阴性,阴性,阴性,阴性,阴性,阴性,阴性,阴性,阴性,阴性,阴性,阴性,阴性,阴性,阴性,阴性,阴性,阴性,阴性,阴性,阴性,阴性,阴性,阴性,阴性,阴性,阴性,阴性,阴性,阴性,阴性,阴性,阴性,阴性,阴性,阴性,阴性,阴性
HLA-C,100.00%,阴性,阴性,阴性,阴性,阴性,阴性,阴性,阴性,阴性,阴性,阴性,阴性,阴性,阴性,阴性,阴性,阴性,阴性,阴性,阴性,阴性,阴性,阴性,阴性,阴性,阴性,阴性,阴性,阴性,阴性,阴性,阴性,阴性,阴性,阴性,阴性,阴性,阴性,阴性,阴性
,,,,,,,,,,,,,,,,,,,,,,,,,,,,,,,,,,,,,,,,,
LC002348,一致率,PL2402201_LC002348-S01-D01-LPD-D503D728,241023164810_B121_SKII13126-121-YY2-1-241023164810_LC002348-S01-D01-LPD-D503D728,241024151121_B115_SKII13133-115-YY2-1-241024151122_LC002348-S01-D01-LPD-D503D728,241025162532_B116_SKII13141-116-YY2-2-241025162531_LC002348-S01-D01-LPD-D503D728,241026150107_B121_SKII13147-121-YY2-2-241026150108_LC002348-S01-D01-LPD-D503D728,241026152151_B115_SKII13148-115-YY2-2-241026152151_LC002348-S01-D01-LPD-D503D728,241027150041_B116_SKII13151-116-YY2-3-241027150041_LC002348-S01-D01-LPD-D503D728,241028160314_B121_SKII13155-121-YY2-3-241028160314_LC002348-S01-D01-LPD-D503D728,241024172116_B130_SKII13138-1011N29-241024172117_LC002348-S01-D01-LPD-D503D728,241026165346_B130_SKII13144-121021N12-241026165347_LC002348-S01-D01-LPD-D503D728,PL2402402_-_LC002348-S01-D01-LPD-D503D728,GZ240557652_-_LC002348-S01-D01-LPD-D503D728,GZ240557663_-_LC002348-S01-D01-LPD-D503D728,PL2402602_-_LC002348-S01-D01-LPD-D503D728,250219151728_B137_SKII13548-YY2-250219151728_LC002348-S01-D01-LPD-D503D728,250307163627_B137_SKII13657-YY2-250307163628_LC002348-S01-D01-LPD-D503D728,250314152904_B096_SKII13727-QC6-100M-1-250314152905_LC002348-S01-D01-LPD-D503D728,250315103452_B097_SKII13731-QC6-100M-1-250315103453_LC002348-S01-D01-LPD-D503D728,250506154409_B085_SK13920_RPA-B-YY2-250506154409_LC002348-S01-D01-LPD-D503D728,250508152712_B094_SKII13926-RPA-B-YY2-250508152713_LC002348-S01-D01-LPD-D503D728,251225113322_B121_SKII1477-PABD_LC002348-S01-D01-LPD-D503D728,260321141809_B157_09509B0317N3-YY2-260321141812_LC002348-S01-D01-LPD-D503D728,260404153205_B170_SKII15168-YY2-1-260404153205_LC002348-S01-D01-LPD-D503D728,260413181025_B170_SKII15205-YY2-2-260413181024_LC002348-S01-D01-LPD-D503D728,260428162711_B162_SKII5264-YY2-CLK-A-260428162711_LC002348-S01-D01-LPD-D503D728,260429170714_B141_SKII15265-YY223-CTRL-260429170714_LC002348-S01-D01-LPD-D503D728,260429170625_B143_SKII15266-YY2-23-DN-260429170627_LC002348-S01-D01-LPD-D503D728,260508151426_B172_SKII15277-YY2-WBhot-260508151422_LC002348-S01-D01-LPD-D503D728,260508150833_B162_SKII15275-YY2BRS2hot-260508150833_LC002348-S01-D01-LPD-D503D728,260521174016_B143_SKII15305-P523NRC-260521174015_LC002348-S01-D01-LPD-D503D728,260522164010_B162_SKII15306-I-YY2-260522164010_LC002348-S01-D01-LPD-D503D728,260522163748_B141_SKII15307-T-YY2-260522163749_LC002348-S01-D01-LPD-D503D728,260523150002_B170_SKII5311-R2JC-YY2-260523150003_LC002348-S01-D01-LPD-D503D728,260603175803_B170_SKII15342-R2JC-YY2-260603175804_LC002348-S01-D01-LPD-D503D728,260605154758_B177_SKII15350-R2JC-YY2-260605154803_LC002348-S01-D01-LPD-D503D728,260701150403_B169_SKII15399-R2JC-3-YY2-260701150404_LC002348-S01-D01-LPD-D503D728,BGISEQ_0707_LC002348-S01-D01-LPD-D503D728,GeneMind_0713_LC002348-S01-D01-LPD-D503D728,260703153244_B174_SKII-R2JC-ZY-Y2_reanalysis_20260710154034_LC002348-S01-D01-LPD-D503D728,260922153603_B183_SKII-JBJC-YY2-260922153621_LC002348-S01-D01-LPD-D503D728
HLA-A,100.00%,阴性,阴性,阴性,阴性,阴性,阴性,阴性,阴性,阴性,阴性,阴性,阴性,阴性,阴性,阴性,阴性,阴性,阴性,阴性,阴性,阴性,阴性,阴性,阴性,阴性,阴性,阴性,阴性,阴性,阴性,阴性,阴性,阴性,阴性,阴性,阴性,阴性,阴性,阴性,阴性
HLA-B,100.00%,阴性,阴性,阴性,阴性,阴性,阴性,阴性,阴性,阴性,阴性,阴性,阴性,阴性,阴性,阴性,阴性,阴性,阴性,阴性,阴性,阴性,阴性,阴性,阴性,阴性,阴性,阴性,阴性,阴性,阴性,阴性,阴性,阴性,阴性,阴性,阴性,阴性,阴性,阴性,阴性
HLA-C,100.00%,阴性,阴性,阴性,阴性,阴性,阴性,阴性,阴性,阴性,阴性,阴性,阴性,阴性,阴性,阴性,阴性,阴性,阴性,阴性,阴性,阴性,阴性,阴性,阴性,阴性,阴性,阴性,阴性,阴性,阴性,阴性,阴性,阴性,阴性,阴性,阴性,阴性,阴性,阴性,阴性
,,,,,,,,,,,,,,,,,,,,,,,,,,,,,,,,,,,,,,,,,
LC002351,一致率,PL2402201_LC002351-S01-D01-LPD-D503D729,241023164810_B121_SKII13126-121-YY2-1-241023164810_LC002351-S01-D01-LPD-D503D729,241024151121_B115_SKII13133-115-YY2-1-241024151122_LC002351-S01-D01-LPD-D503D729,241025162532_B116_SKII13141-116-YY2-2-241025162531_LC002351-S01-D01-LPD-D503D729,241026150107_B121_SKII13147-121-YY2-2-241026150108_LC002351-S01-D01-LPD-D503D729,241026152151_B115_SKII13148-115-YY2-2-241026152151_LC002351-S01-D01-LPD-D503D729,241027150041_B116_SKII13151-116-YY2-3-241027150041_LC002351-S01-D01-LPD-D503D729,241028160314_B121_SKII13155-121-YY2-3-241028160314_LC002351-S01-D01-LPD-D503D729,241024172116_B130_SKII13138-1011N29-241024172117_LC002351-S01-D01-LPD-D503D729,241026165346_B130_SKII13144-121021N12-241026165347_LC002351-S01-D01-LPD-D503D729,PL2402402_-_LC002351-S01-D01-LPD-D503D729,GZ240557652_-_LC002351-S01-D01-LPD-D503D729,GZ240557663_-_LC002351-S01-D01-LPD-D503D729,PL2402602_-_LC002351-S01-D01-LPD-D503D729,250219151728_B137_SKII13548-YY2-250219151728_LC002351-S01-D01-LPD-D503D729,250307163627_B137_SKII13657-YY2-250307163628_LC002351-S01-D01-LPD-D503D729,250314152904_B096_SKII13727-QC6-100M-1-250314152905_LC002351-S01-D01-LPD-D503D729,250315103452_B097_SKII13731-QC6-100M-1-250315103453_LC002351-S01-D01-LPD-D503D729,250506154409_B085_SK13920_RPA-B-YY2-250506154409_LC002351-S01-D01-LPD-D503D729,250508152712_B094_SKII13926-RPA-B-YY2-250508152713_LC002351-S01-D01-LPD-D503D729,251225113322_B121_SKII1477-PABD_LC002351-S01-D01-LPD-D503D729,260321141809_B157_09509B0317N3-YY2-260321141812_LC002351-S01-D01-LPD-D503D729,260404153205_B170_SKII15168-YY2-1-260404153205_LC002351-S01-D01-LPD-D503D729,260413181025_B170_SKII15205-YY2-2-260413181024_LC002351-S01-D01-LPD-D503D729,260428162711_B162_SKII5264-YY2-CLK-A-260428162711_LC002351-S01-D01-LPD-D503D729,260429170714_B141_SKII15265-YY223-CTRL-260429170714_LC002351-S01-D01-LPD-D503D729,260429170625_B143_SKII15266-YY2-23-DN-260429170627_LC002351-S01-D01-LPD-D503D729,260508151426_B172_SKII15277-YY2-WBhot-260508151422_LC002351-S01-D01-LPD-D503D729,260508150833_B162_SKII15275-YY2BRS2hot-260508150833_LC002351-S01-D01-LPD-D503D729,260521174016_B143_SKII15305-P523NRC-260521174015_LC002351-S01-D01-LPD-D503D729,260522164010_B162_SKII15306-I-YY2-260522164010_LC002351-S01-D01-LPD-D503D729,260522163748_B141_SKII15307-T-YY2-260522163749_LC002351-S01-D01-LPD-D503D729,260523150002_B170_SKII5311-R2JC-YY2-260523150003_LC002351-S01-D01-LPD-D503D729,260603175803_B170_SKII15342-R2JC-YY2-260603175804_LC002351-S01-D01-LPD-D503D729,260605154758_B177_SKII15350-R2JC-YY2-260605154803_LC002351-S01-D01-LPD-D503D729,260701150403_B169_SKII15399-R2JC-3-YY2-260701150404_LC002351-S01-D01-LPD-D503D729,BGISEQ_0707_LC002351-S01-D01-LPD-D503D729,GeneMind_0713_LC002351-S01-D01-LPD-D503D729,260703153244_B174_SKII-R2JC-ZY-Y2_reanalysis_20260710154034_LC002351-S01-D01-LPD-D503D729,260922153603_B183_SKII-JBJC-YY2-260922153621_LC002351-S01-D01-LPD-D503D729
HLA-A,100.00%,阴性,阴性,阴性,阴性,阴性,阴性,阴性,阴性,阴性,阴性,阴性,阴性,阴性,阴性,阴性,阴性,阴性,阴性,阴性,阴性,阴性,阴性,阴性,阴性,阴性,阴性,阴性,阴性,阴性,阴性,阴性,阴性,阴性,阴性,阴性,阴性,阴性,阴性,阴性,阴性
HLA-B,100.00%,阴性,阴性,阴性,阴性,阴性,阴性,阴性,阴性,阴性,阴性,阴性,阴性,阴性,阴性,阴性,阴性,阴性,阴性,阴性,阴性,阴性,阴性,阴性,阴性,阴性,阴性,阴性,阴性,阴性,阴性,阴性,阴性,阴性,阴性,阴性,阴性,阴性,阴性,阴性,阴性
HLA-C,100.00%,阴性,阴性,阴性,阴性,阴性,阴性,阴性,阴性,阴性,阴性,阴性,阴性,阴性,阴性,阴性,阴性,阴性,阴性,阴性,阴性,阴性,阴性,阴性,阴性,阴性,阴性,阴性,阴性,阴性,阴性,阴性,阴性,阴性,阴性,阴性,阴性,阴性,阴性,阴性,阴性
,,,,,,,,,,,,,,,,,,,,,,,,,,,,,,,,,,,,,,,,,
LC002375,一致率,PL2402201_LC002375-S01-D01-LPD-D503D730,241023164810_B121_SKII13126-121-YY2-1-241023164810_LC002375-S01-D01-LPD-D503D730,241024151121_B115_SKII13133-115-YY2-1-241024151122_LC002375-S01-D01-LPD-D503D730,241025162532_B116_SKII13141-116-YY2-2-241025162531_LC002375-S01-D01-LPD-D503D730,241026150107_B121_SKII13147-121-YY2-2-241026150108_LC002375-S01-D01-LPD-D503D730,241026152151_B115_SKII13148-115-YY2-2-241026152151_LC002375-S01-D01-LPD-D503D730,241027150041_B116_SKII13151-116-YY2-3-241027150041_LC002375-S01-D01-LPD-D503D730,241028160314_B121_SKII13155-121-YY2-3-241028160314_LC002375-S01-D01-LPD-D503D730,241024172116_B130_SKII13138-1011N29-241024172117_LC002375-S01-D01-LPD-D503D730,241026165346_B130_SKII13144-121021N12-241026165347_LC002375-S01-D01-LPD-D503D730,PL2402402_-_LC002375-S01-D01-LPD-D503D730,GZ240557652_-_LC002375-S01-D01-LPD-D503D730,GZ240557663_-_LC002375-S01-D01-LPD-D503D730,PL2402602_-_LC002375-S01-D01-LPD-D503D730,250219151728_B137_SKII13548-YY2-250219151728_LC002375-S01-D01-LPD-D503D730,250307163627_B137_SKII13657-YY2-250307163628_LC002375-S01-D01-LPD-D503D730,250314152904_B096_SKII13727-QC6-100M-1-250314152905_LC002375-S01-D01-LPD-D503D730,250315103452_B097_SKII13731-QC6-100M-1-250315103453_LC002375-S01-D01-LPD-D503D730,250506154409_B085_SK13920_RPA-B-YY2-250506154409_LC002375-S01-D01-LPD-D503D730,250508152712_B094_SKII13926-RPA-B-YY2-250508152713_LC002375-S01-D01-LPD-D503D730,251225113322_B121_SKII1477-PABD_LC002375-S01-D01-LPD-D503D730,260321141809_B157_09509B0317N3-YY2-260321141812_LC002375-S01-D01-LPD-D503D730,260404153205_B170_SKII15168-YY2-1-260404153205_LC002375-S01-D01-LPD-D503D730,260413181025_B170_SKII15205-YY2-2-260413181024_LC002375-S01-D01-LPD-D503D730,260428162711_B162_SKII5264-YY2-CLK-A-260428162711_LC002375-S01-D01-LPD-D503D730,260429170714_B141_SKII15265-YY223-CTRL-260429170714_LC002375-S01-D01-LPD-D503D730,260429170625_B143_SKII15266-YY2-23-DN-260429170627_LC002375-S01-D01-LPD-D503D730,260508151426_B172_SKII15277-YY2-WBhot-260508151422_LC002375-S01-D01-LPD-D503D730,260508150833_B162_SKII15275-YY2BRS2hot-260508150833_LC002375-S01-D01-LPD-D503D730,260521174016_B143_SKII15305-P523NRC-260521174015_LC002375-S01-D01-LPD-D503D730,260522164010_B162_SKII15306-I-YY2-260522164010_LC002375-S01-D01-LPD-D503D730,260522163748_B141_SKII15307-T-YY2-260522163749_LC002375-S01-D01-LPD-D503D730,260523150002_B170_SKII5311-R2JC-YY2-260523150003_LC002375-S01-D01-LPD-D503D730,260603175803_B170_SKII15342-R2JC-YY2-260603175804_LC002375-S01-D01-LPD-D503D730,260605154758_B177_SKII15350-R2JC-YY2-260605154803_LC002375-S01-D01-LPD-D503D730,260701150403_B169_SKII15399-R2JC-3-YY2-260701150404_LC002375-S01-D01-LPD-D503D730,BGISEQ_0707_LC002375-S01-D01-LPD-D503D730,GeneMind_0713_LC002375-S01-D01-LPD-D503D730,260703153244_B174_SKII-R2JC-ZY-Y2_reanalysis_20260710154034_LC002375-S01-D01-LPD-D503D730,260922153603_B183_SKII-JBJC-YY2-260922153621_LC002375-S01-D01-LPD-D503D730
HLA-A,100.00%,阴性,阴性,阴性,阴性,阴性,阴性,阴性,阴性,阴性,阴性,阴性,阴性,阴性,阴性,阴性,阴性,阴性,阴性,阴性,阴性,阴性,阴性,阴性,阴性,阴性,阴性,阴性,阴性,阴性,阴性,阴性,阴性,阴性,阴性,阴性,阴性,阴性,阴性,阴性,阴性
HLA-B,100.00%,阴性,阴性,阴性,阴性,阴性,阴性,阴性,阴性,阴性,阴性,阴性,阴性,阴性,阴性,阴性,阴性,阴性,阴性,阴性,阴性,阴性,阴性,阴性,阴性,阴性,阴性,阴性,阴性,阴性,阴性,阴性,阴性,阴性,阴性,阴性,阴性,阴性,阴性,阴性,阴性
HLA-C,100.00%,阴性,阴性,阴性,阴性,阴性,阴性,阴性,阴性,阴性,阴性,阴性,阴性,阴性,阴性,阴性,阴性,阴性,阴性,阴性,阴性,阴性,阴性,阴性,阴性,阴性,阴性,阴性,阴性,阴性,阴性,阴性,阴性,阴性,阴性,阴性,阴性,阴性,阴性,阴性,阴性
,,,,,,,,,,,,,,,,,,,,,,,,,,,,,,,,,,,,,,,,,
LC002394,一致率,PL2402201_LC002394-S01-D01-LPD-D503D731,241023164810_B121_SKII13126-121-YY2-1-241023164810_LC002394-S01-D01-LPD-D503D731,241024151121_B115_SKII13133-115-YY2-1-241024151122_LC002394-S01-D01-LPD-D503D731,241025162532_B116_SKII13141-116-YY2-2-241025162531_LC002394-S01-D01-LPD-D503D731,241026150107_B121_SKII13147-121-YY2-2-241026150108_LC002394-S01-D01-LPD-D503D731,241026152151_B115_SKII13148-115-YY2-2-241026152151_LC002394-S01-D01-LPD-D503D731,241027150041_B116_SKII13151-116-YY2-3-241027150041_LC002394-S01-D01-LPD-D503D731,241028160314_B121_SKII13155-121-YY2-3-241028160314_LC002394-S01-D01-LPD-D503D731,241024172116_B130_SKII13138-1011N29-241024172117_LC002394-S01-D01-LPD-D503D731,241026165346_B130_SKII13144-121021N12-241026165347_LC002394-S01-D01-LPD-D503D731,PL2402402_-_LC002394-S01-D01-LPD-D503D731,GZ240557652_-_LC002394-S01-D01-LPD-D503D731,GZ240557663_-_LC002394-S01-D01-LPD-D503D731,PL2402602_-_LC002394-S01-D01-LPD-D503D731,250219151728_B137_SKII13548-YY2-250219151728_LC002394-S01-D01-LPD-D503D731,250307163627_B137_SKII13657-YY2-250307163628_LC002394-S01-D01-LPD-D503D731,250314152904_B096_SKII13727-QC6-100M-1-250314152905_LC002394-S01-D01-LPD-D503D731,250315103452_B097_SKII13731-QC6-100M-1-250315103453_LC002394-S01-D01-LPD-D503D731,250506154409_B085_SK13920_RPA-B-YY2-250506154409_LC002394-S01-D01-LPD-D503D731,250508152712_B094_SKII13926-RPA-B-YY2-250508152713_LC002394-S01-D01-LPD-D503D731,251225113322_B121_SKII1477-PABD_LC002394-S01-D01-LPD-D503D731,260321141809_B157_09509B0317N3-YY2-260321141812_LC002394-S01-D01-LPD-D503D731,260404153205_B170_SKII15168-YY2-1-260404153205_LC002394-S01-D01-LPD-D503D731,260413181025_B170_SKII15205-YY2-2-260413181024_LC002394-S01-D01-LPD-D503D731,260428162711_B162_SKII5264-YY2-CLK-A-260428162711_LC002394-S01-D01-LPD-D503D731,260429170714_B141_SKII15265-YY223-CTRL-260429170714_LC002394-S01-D01-LPD-D503D731,260429170625_B143_SKII15266-YY2-23-DN-260429170627_LC002394-S01-D01-LPD-D503D731,260508151426_B172_SKII15277-YY2-WBhot-260508151422_LC002394-S01-D01-LPD-D503D731,260508150833_B162_SKII15275-YY2BRS2hot-260508150833_LC002394-S01-D01-LPD-D503D731,260521174016_B143_SKII15305-P523NRC-260521174015_LC002394-S01-D01-LPD-D503D731,260522164010_B162_SKII15306-I-YY2-260522164010_LC002394-S01-D01-LPD-D503D731,260522163748_B141_SKII15307-T-YY2-260522163749_LC002394-S01-D01-LPD-D503D731,260523150002_B170_SKII5311-R2JC-YY2-260523150003_LC002394-S01-D01-LPD-D503D731,260603175803_B170_SKII15342-R2JC-YY2-260603175804_LC002394-S01-D01-LPD-D503D731,260605154758_B177_SKII15350-R2JC-YY2-260605154803_LC002394-S01-D01-LPD-D503D731,260701150403_B169_SKII15399-R2JC-3-YY2-260701150404_LC002394-S01-D01-LPD-D503D731,BGISEQ_0707_LC002394-S01-D01-LPD-D503D731,GeneMind_0713_LC002394-S01-D01-LPD-D503D731,260703153244_B174_SKII-R2JC-ZY-Y2_reanalysis_20260710154034_LC002394-S01-D01-LPD-D503D731,260922153603_B183_SKII-JBJC-YY2-260922153621_LC002394-S01-D01-LPD-D503D731
HLA-A,100.00%,阴性,阴性,阴性,阴性,阴性,阴性,阴性,阴性,阴性,阴性,阴性,阴性,阴性,阴性,阴性,阴性,阴性,阴性,阴性,阴性,阴性,阴性,阴性,阴性,阴性,阴性,阴性,阴性,阴性,阴性,阴性,阴性,阴性,阴性,阴性,阴性,阴性,阴性,阴性,阴性
HLA-B,100.00%,阴性,阴性,阴性,阴性,阴性,阴性,阴性,阴性,阴性,阴性,阴性,阴性,阴性,阴性,阴性,阴性,阴性,阴性,阴性,阴性,阴性,阴性,阴性,阴性,阴性,阴性,阴性,阴性,阴性,阴性,阴性,阴性,阴性,阴性,阴性,阴性,阴性,阴性,阴性,阴性
HLA-C,100.00%,阴性,阴性,阴性,阴性,阴性,阴性,阴性,阴性,阴性,阴性,阴性,阴性,阴性,阴性,阴性,阴性,阴性,阴性,阴性,阴性,阴性,阴性,阴性,阴性,阴性,阴性,阴性,阴性,阴性,阴性,阴性,阴性,阴性,阴性,阴性,阴性,阴性,阴性,阴性,阴性
,,,,,,,,,,,,,,,,,,,,,,,,,,,,,,,,,,,,,,,,,
LC002395,一致率,PL2402201_LC002395-S01-D01-LPD-D503D732,241023164810_B121_SKII13126-121-YY2-1-241023164810_LC002395-S01-D01-LPD-D503D732,241024151121_B115_SKII13133-115-YY2-1-241024151122_LC002395-S01-D01-LPD-D503D732,241025162532_B116_SKII13141-116-YY2-2-241025162531_LC002395-S01-D01-LPD-D503D732,241026150107_B121_SKII13147-121-YY2-2-241026150108_LC002395-S01-D01-LPD-D503D732,241026152151_B115_SKII13148-115-YY2-2-241026152151_LC002395-S01-D01-LPD-D503D732,241027150041_B116_SKII13151-116-YY2-3-241027150041_LC002395-S01-D01-LPD-D503D732,241028160314_B121_SKII13155-121-YY2-3-241028160314_LC002395-S01-D01-LPD-D503D732,241024172116_B130_SKII13138-1011N29-241024172117_LC002395-S01-D01-LPD-D503D732,241026165346_B130_SKII13144-121021N12-241026165347_LC002395-S01-D01-LPD-D503D732,PL2402402_-_LC002395-S01-D01-LPD-D503D732,GZ240557652_-_LC002395-S01-D01-LPD-D503D732,GZ240557663_-_LC002395-S01-D01-LPD-D503D732,PL2402602_-_LC002395-S01-D01-LPD-D503D732,250219151728_B137_SKII13548-YY2-250219151728_LC002395-S01-D01-LPD-D503D732,250307163627_B137_SKII13657-YY2-250307163628_LC002395-S01-D01-LPD-D503D732,250314152904_B096_SKII13727-QC6-100M-1-250314152905_LC002395-S01-D01-LPD-D503D732,250315103452_B097_SKII13731-QC6-100M-1-250315103453_LC002395-S01-D01-LPD-D503D732,250506154409_B085_SK13920_RPA-B-YY2-250506154409_LC002395-S01-D01-LPD-D503D732,250508152712_B094_SKII13926-RPA-B-YY2-250508152713_LC002395-S01-D01-LPD-D503D732,251225113322_B121_SKII1477-PABD_LC002395-S01-D01-LPD-D503D732,260321141809_B157_09509B0317N3-YY2-260321141812_LC002395-S01-D01-LPD-D503D732,260404153205_B170_SKII15168-YY2-1-260404153205_LC002395-S01-D01-LPD-D503D732,260413181025_B170_SKII15205-YY2-2-260413181024_LC002395-S01-D01-LPD-D503D732,260428162711_B162_SKII5264-YY2-CLK-A-260428162711_LC002395-S01-D01-LPD-D503D732,260429170714_B141_SKII15265-YY223-CTRL-260429170714_LC002395-S01-D01-LPD-D503D732,260429170625_B143_SKII15266-YY2-23-DN-260429170627_LC002395-S01-D01-LPD-D503D732,260508151426_B172_SKII15277-YY2-WBhot-260508151422_LC002395-S01-D01-LPD-D503D732,260508150833_B162_SKII15275-YY2BRS2hot-260508150833_LC002395-S01-D01-LPD-D503D732,260521174016_B143_SKII15305-P523NRC-260521174015_LC002395-S01-D01-LPD-D503D732,260522164010_B162_SKII15306-I-YY2-260522164010_LC002395-S01-D01-LPD-D503D732,260522163748_B141_SKII15307-T-YY2-260522163749_LC002395-S01-D01-LPD-D503D732,260523150002_B170_SKII5311-R2JC-YY2-260523150003_LC002395-S01-D01-LPD-D503D732,260603175803_B170_SKII15342-R2JC-YY2-260603175804_LC002395-S01-D01-LPD-D503D732,260605154758_B177_SKII15350-R2JC-YY2-260605154803_LC002395-S01-D01-LPD-D503D732,260701150403_B169_SKII15399-R2JC-3-YY2-260701150404_LC002395-S01-D01-LPD-D503D732,BGISEQ_0707_LC002395-S01-D01-LPD-D503D732,GeneMind_0713_LC002395-S01-D01-LPD-D503D732,260703153244_B174_SKII-R2JC-ZY-Y2_reanalysis_20260710154034_LC002395-S01-D01-LPD-D503D732,260922153603_B183_SKII-JBJC-YY2-260922153621_LC002395-S01-D01-LPD-D503D732
HLA-A,100.00%,阴性,阴性,阴性,阴性,阴性,阴性,阴性,阴性,阴性,阴性,阴性,阴性,阴性,阴性,阴性,阴性,阴性,阴性,阴性,阴性,阴性,阴性,阴性,阴性,阴性,阴性,阴性,阴性,阴性,阴性,阴性,阴性,阴性,阴性,阴性,阴性,阴性,阴性,阴性,阴性
HLA-B,100.00%,阴性,阴性,阴性,阴性,阴性,阴性,阴性,阴性,阴性,阴性,阴性,阴性,阴性,阴性,阴性,阴性,阴性,阴性,阴性,阴性,阴性,阴性,阴性,阴性,阴性,阴性,阴性,阴性,阴性,阴性,阴性,阴性,阴性,阴性,阴性,阴性,阴性,阴性,阴性,阴性
HLA-C,100.00%,阴性,阴性,阴性,阴性,阴性,阴性,阴性,阴性,阴性,阴性,阴性,阴性,阴性,阴性,阴性,阴性,阴性,阴性,阴性,阴性,阴性,阴性,阴性,阴性,阴性,阴性,阴性,阴性,阴性,阴性,阴性,阴性,阴性,阴性,阴性,阴性,阴性,阴性,阴性,阴性
,,,,,,,,,,,,,,,,,,,,,,,,,,,,,,,,,,,,,,,,,
LC002397,一致率,PL2402201_LC002397-S01-D01-LPD-D503D720,241023164810_B121_SKII13126-121-YY2-1-241023164810_LC002397-S01-D01-LPD-D503D720,241024151121_B115_SKII13133-115-YY2-1-241024151122_LC002397-S01-D01-LPD-D503D720,241025162532_B116_SKII13141-116-YY2-2-241025162531_LC002397-S01-D01-LPD-D503D720,241026150107_B121_SKII13147-121-YY2-2-241026150108_LC002397-S01-D01-LPD-D503D720,241026152151_B115_SKII13148-115-YY2-2-241026152151_LC002397-S01-D01-LPD-D503D720,241027150041_B116_SKII13151-116-YY2-3-241027150041_LC002397-S01-D01-LPD-D503D720,241028160314_B121_SKII13155-121-YY2-3-241028160314_LC002397-S01-D01-LPD-D503D720,241024172116_B130_SKII13138-1011N29-241024172117_LC002397-S01-D01-LPD-D503D720,241026165346_B130_SKII13144-121021N12-241026165347_LC002397-S01-D01-LPD-D503D720,PL2402402_-_LC002397-S01-D01-LPD-D503D720,GZ240557652_-_LC002397-S01-D01-LPD-D503D720,GZ240557663_-_LC002397-S01-D01-LPD-D503D720,PL2402602_-_LC002397-S01-D01-LPD-D503D720,250219151728_B137_SKII13548-YY2-250219151728_LC002397-S01-D01-LPD-D503D720,250307163627_B137_SKII13657-YY2-250307163628_LC002397-S01-D01-LPD-D503D720,250314152904_B096_SKII13727-QC6-100M-1-250314152905_LC002397-S01-D01-LPD-D503D720,250315103452_B097_SKII13731-QC6-100M-1-250315103453_LC002397-S01-D01-LPD-D503D720,250506154409_B085_SK13920_RPA-B-YY2-250506154409_LC002397-S01-D01-LPD-D503D720,250508152712_B094_SKII13926-RPA-B-YY2-250508152713_LC002397-S01-D01-LPD-D503D720,251225113322_B121_SKII1477-PABD_LC002397-S01-D01-LPD-D503D720,260321141809_B157_09509B0317N3-YY2-260321141812_LC002397-S01-D01-LPD-D503D720,260404153205_B170_SKII15168-YY2-1-260404153205_LC002397-S01-D01-LPD-D503D720,260413181025_B170_SKII15205-YY2-2-260413181024_LC002397-S01-D01-LPD-D503D720,260428162711_B162_SKII5264-YY2-CLK-A-260428162711_LC002397-S01-D01-LPD-D503D720,260429170714_B141_SKII15265-YY223-CTRL-260429170714_LC002397-S01-D01-LPD-D503D720,260429170625_B143_SKII15266-YY2-23-DN-260429170627_LC002397-S01-D01-LPD-D503D720,260508151426_B172_SKII15277-YY2-WBhot-260508151422_LC002397-S01-D01-LPD-D503D720,260508150833_B162_SKII15275-YY2BRS2hot-260508150833_LC002397-S01-D01-LPD-D503D720,260521174016_B143_SKII15305-P523NRC-260521174015_LC002397-S01-D01-LPD-D503D720,260522164010_B162_SKII15306-I-YY2-260522164010_LC002397-S01-D01-LPD-D503D720,260522163748_B141_SKII15307-T-YY2-260522163749_LC002397-S01-D01-LPD-D503D720,260523150002_B170_SKII5311-R2JC-YY2-260523150003_LC002397-S01-D01-LPD-D503D720,260603175803_B170_SKII15342-R2JC-YY2-260603175804_LC002397-S01-D01-LPD-D503D720,260605154758_B177_SKII15350-R2JC-YY2-260605154803_LC002397-S01-D01-LPD-D503D720,260701150403_B169_SKII15399-R2JC-3-YY2-260701150404_LC002397-S01-D01-LPD-D503D720,BGISEQ_0707_LC002397-S01-D01-LPD-D503D720,GeneMind_0713_LC002397-S01-D01-LPD-D503D720,260703153244_B174_SKII-R2JC-ZY-Y2_reanalysis_20260710154034_LC002397-S01-D01-LPD-D503D720,260922153603_B183_SKII-JBJC-YY2-260922153621_LC002397-S01-D01-LPD-D503D720
HLA-A,100.00%,阴性,阴性,阴性,阴性,阴性,阴性,阴性,阴性,阴性,阴性,阴性,阴性,阴性,阴性,阴性,阴性,阴性,阴性,阴性,阴性,阴性,阴性,阴性,阴性,阴性,阴性,阴性,阴性,阴性,阴性,阴性,阴性,阴性,阴性,阴性,阴性,阴性,阴性,阴性,阴性
HLA-B,100.00%,阴性,阴性,阴性,阴性,阴性,阴性,阴性,阴性,阴性,阴性,阴性,阴性,阴性,阴性,阴性,阴性,阴性,阴性,阴性,阴性,阴性,阴性,阴性,阴性,阴性,阴性,阴性,阴性,阴性,阴性,阴性,阴性,阴性,阴性,阴性,阴性,阴性,阴性,阴性,阴性
HLA-C,100.00%,阴性,阴性,阴性,阴性,阴性,阴性,阴性,阴性,阴性,阴性,阴性,阴性,阴性,阴性,阴性,阴性,阴性,阴性,阴性,阴性,阴性,阴性,阴性,阴性,阴性,阴性,阴性,阴性,阴性,阴性,阴性,阴性,阴性,阴性,阴性,阴性,阴性,阴性,阴性,阴性
,,,,,,,,,,,,,,,,,,,,,,,,,,,,,,,,,,,,,,,,,
LC002653,一致率,PL2402201_LC002653-S01-D01-LPD-D503D733,241023164810_B121_SKII13126-121-YY2-1-241023164810_LC002653-S01-D01-LPD-D503D733,241024151121_B115_SKII13133-115-YY2-1-241024151122_LC002653-S01-D01-LPD-D503D733,241025162532_B116_SKII13141-116-YY2-2-241025162531_LC002653-S01-D01-LPD-D503D733,241026150107_B121_SKII13147-121-YY2-2-241026150108_LC002653-S01-D01-LPD-D503D733,241026152151_B115_SKII13148-115-YY2-2-241026152151_LC002653-S01-D01-LPD-D503D733,241027150041_B116_SKII13151-116-YY2-3-241027150041_LC002653-S01-D01-LPD-D503D733,241028160314_B121_SKII13155-121-YY2-3-241028160314_LC002653-S01-D01-LPD-D503D733,241024172116_B130_SKII13138-1011N29-241024172117_LC002653-S01-D01-LPD-D503D733,241026165346_B130_SKII13144-121021N12-241026165347_LC002653-S01-D01-LPD-D503D733,PL2402402_-_LC002653-S01-D01-LPD-D503D733,GZ240557652_-_LC002653-S01-D01-LPD-D503D733,GZ240557663_-_LC002653-S01-D01-LPD-D503D733,PL2402602_-_LC002653-S01-D01-LPD-D503D733,250219151728_B137_SKII13548-YY2-250219151728_LC002653-S01-D01-LPD-D503D733,250307163627_B137_SKII13657-YY2-250307163628_LC002653-S01-D01-LPD-D503D733,250314152904_B096_SKII13727-QC6-100M-1-250314152905_LC002653-S01-D01-LPD-D503D733,250315103452_B097_SKII13731-QC6-100M-1-250315103453_LC002653-S01-D01-LPD-D503D733,250506154409_B085_SK13920_RPA-B-YY2-250506154409_LC002653-S01-D01-LPD-D503D733,250508152712_B094_SKII13926-RPA-B-YY2-250508152713_LC002653-S01-D01-LPD-D503D733,251225113322_B121_SKII1477-PABD_LC002653-S01-D01-LPD-D503D733,260321141809_B157_09509B0317N3-YY2-260321141812_LC002653-S01-D01-LPD-D503D733,260404153205_B170_SKII15168-YY2-1-260404153205_LC002653-S01-D01-LPD-D503D733,260413181025_B170_SKII15205-YY2-2-260413181024_LC002653-S01-D01-LPD-D503D733,260428162711_B162_SKII5264-YY2-CLK-A-260428162711_LC002653-S01-D01-LPD-D503D733,260429170714_B141_SKII15265-YY223-CTRL-260429170714_LC002653-S01-D01-LPD-D503D733,260429170625_B143_SKII15266-YY2-23-DN-260429170627_LC002653-S01-D01-LPD-D503D733,260508151426_B172_SKII15277-YY2-WBhot-260508151422_LC002653-S01-D01-LPD-D503D733,260508150833_B162_SKII15275-YY2BRS2hot-260508150833_LC002653-S01-D01-LPD-D503D733,260521174016_B143_SKII15305-P523NRC-260521174015_LC002653-S01-D01-LPD-D503D733,260522164010_B162_SKII15306-I-YY2-260522164010_LC002653-S01-D01-LPD-D503D733,260522163748_B141_SKII15307-T-YY2-260522163749_LC002653-S01-D01-LPD-D503D733,260523150002_B170_SKII5311-R2JC-YY2-260523150003_LC002653-S01-D01-LPD-D503D733,260603175803_B170_SKII15342-R2JC-YY2-260603175804_LC002653-S01-D01-LPD-D503D733,260605154758_B177_SKII15350-R2JC-YY2-260605154803_LC002653-S01-D01-LPD-D503D733,260701150403_B169_SKII15399-R2JC-3-YY2-260701150404_LC002653-S01-D01-LPD-D503D733,BGISEQ_0707_LC002653-S01-D01-LPD-D503D733,GeneMind_0713_LC002653-S01-D01-LPD-D503D733,260703153244_B174_SKII-R2JC-ZY-Y2_reanalysis_20260710154034_LC002653-S01-D01-LPD-D503D733,260922153603_B183_SKII-JBJC-YY2-260922153621_LC002653-S01-D01-LPD-D503D733
HLA-A,100.00%,阴性,阴性,阴性,阴性,阴性,阴性,阴性,阴性,阴性,阴性,阴性,阴性,阴性,阴性,阴性,阴性,阴性,阴性,阴性,阴性,阴性,阴性,阴性,阴性,阴性,阴性,阴性,阴性,阴性,阴性,阴性,阴性,阴性,阴性,阴性,阴性,阴性,阴性,阴性,阴性
HLA-B,100.00%,阴性,阴性,阴性,阴性,阴性,阴性,阴性,阴性,阴性,阴性,阴性,阴性,阴性,阴性,阴性,阴性,阴性,阴性,阴性,阴性,阴性,阴性,阴性,阴性,阴性,阴性,阴性,阴性,阴性,阴性,阴性,阴性,阴性,阴性,阴性,阴性,阴性,阴性,阴性,阴性
HLA-C,100.00%,阴性,阴性,阴性,阴性,阴性,阴性,阴性,阴性,阴性,阴性,阴性,阴性,阴性,阴性,阴性,阴性,阴性,阴性,阴性,阴性,阴性,阴性,阴性,阴性,阴性,阴性,阴性,阴性,阴性,阴性,阴性,阴性,阴性,阴性,阴性,阴性,阴性,阴性,阴性,阴性
,,,,,,,,,,,,,,,,,,,,,,,,,,,,,,,,,,,,,,,,,
LC002657,一致率,PL2402201_LC002657-S01-D01-LPD-D503D734,241023164810_B121_SKII13126-121-YY2-1-241023164810_LC002657-S01-D01-LPD-D503D734,241024151121_B115_SKII13133-115-YY2-1-241024151122_LC002657-S01-D01-LPD-D503D734,241025162532_B116_SKII13141-116-YY2-2-241025162531_LC002657-S01-D01-LPD-D503D734,241026150107_B121_SKII13147-121-YY2-2-241026150108_LC002657-S01-D01-LPD-D503D734,241026152151_B115_SKII13148-115-YY2-2-241026152151_LC002657-S01-D01-LPD-D503D734,241027150041_B116_SKII13151-116-YY2-3-241027150041_LC002657-S01-D01-LPD-D503D734,241028160314_B121_SKII13155-121-YY2-3-241028160314_LC002657-S01-D01-LPD-D503D734,241024172116_B130_SKII13138-1011N29-241024172117_LC002657-S01-D01-LPD-D503D734,241026165346_B130_SKII13144-121021N12-241026165347_LC002657-S01-D01-LPD-D503D734,PL2402402_-_LC002657-S01-D01-LPD-D503D734,GZ240557652_-_LC002657-S01-D01-LPD-D503D734,GZ240557663_-_LC002657-S01-D01-LPD-D503D734,PL2402602_-_LC002657-S01-D01-LPD-D503D734,250219151728_B137_SKII13548-YY2-250219151728_LC002657-S01-D01-LPD-D503D734,250307163627_B137_SKII13657-YY2-250307163628_LC002657-S01-D01-LPD-D503D734,250314152904_B096_SKII13727-QC6-100M-1-250314152905_LC002657-S01-D01-LPD-D503D734,250315103452_B097_SKII13731-QC6-100M-1-250315103453_LC002657-S01-D01-LPD-D503D734,250506154409_B085_SK13920_RPA-B-YY2-250506154409_LC002657-S01-D01-LPD-D503D734,250508152712_B094_SKII13926-RPA-B-YY2-250508152713_LC002657-S01-D01-LPD-D503D734,251225113322_B121_SKII1477-PABD_LC002657-S01-D01-LPD-D503D734,260321141809_B157_09509B0317N3-YY2-260321141812_LC002657-S01-D01-LPD-D503D734,260404153205_B170_SKII15168-YY2-1-260404153205_LC002657-S01-D01-LPD-D503D734,260413181025_B170_SKII15205-YY2-2-260413181024_LC002657-S01-D01-LPD-D503D734,260428162711_B162_SKII5264-YY2-CLK-A-260428162711_LC002657-S01-D01-LPD-D503D734,260429170714_B141_SKII15265-YY223-CTRL-260429170714_LC002657-S01-D01-LPD-D503D734,260429170625_B143_SKII15266-YY2-23-DN-260429170627_LC002657-S01-D01-LPD-D503D734,260508151426_B172_SKII15277-YY2-WBhot-260508151422_LC002657-S01-D01-LPD-D503D734,260508150833_B162_SKII15275-YY2BRS2hot-260508150833_LC002657-S01-D01-LPD-D503D734,260521174016_B143_SKII15305-P523NRC-260521174015_LC002657-S01-D01-LPD-D503D734,260522164010_B162_SKII15306-I-YY2-260522164010_LC002657-S01-D01-LPD-D503D734,260522163748_B141_SKII15307-T-YY2-260522163749_LC002657-S01-D01-LPD-D503D734,260523150002_B170_SKII5311-R2JC-YY2-260523150003_LC002657-S01-D01-LPD-D503D734,260603175803_B170_SKII15342-R2JC-YY2-260603175804_LC002657-S01-D01-LPD-D503D734,260605154758_B177_SKII15350-R2JC-YY2-260605154803_LC002657-S01-D01-LPD-D503D734,260701150403_B169_SKII15399-R2JC-3-YY2-260701150404_LC002657-S01-D01-LPD-D503D734,BGISEQ_0707_LC002657-S01-D01-LPD-D503D734,GeneMind_0713_LC002657-S01-D01-LPD-D503D734,260703153244_B174_SKII-R2JC-ZY-Y2_reanalysis_20260710154034_LC002657-S01-D01-LPD-D503D734,260922153603_B183_SKII-JBJC-YY2-260922153621_LC002657-S01-D01-LPD-D503D734
HLA-A,100.00%,阴性,阴性,阴性,阴性,阴性,阴性,阴性,阴性,阴性,阴性,阴性,阴性,阴性,阴性,阴性,阴性,阴性,阴性,阴性,阴性,阴性,阴性,阴性,阴性,阴性,阴性,阴性,阴性,阴性,阴性,阴性,阴性,阴性,阴性,阴性,阴性,阴性,阴性,阴性,阴性
HLA-B,100.00%,阴性,阴性,阴性,阴性,阴性,阴性,阴性,阴性,阴性,阴性,阴性,阴性,阴性,阴性,阴性,阴性,阴性,阴性,阴性,阴性,阴性,阴性,阴性,阴性,阴性,阴性,阴性,阴性,阴性,阴性,阴性,阴性,阴性,阴性,阴性,阴性,阴性,阴性,阴性,阴性
HLA-C,100.00%,阴性,阴性,阴性,阴性,阴性,阴性,阴性,阴性,阴性,阴性,阴性,阴性,阴性,阴性,阴性,阴性,阴性,阴性,阴性,阴性,阴性,阴性,阴性,阴性,阴性,阴性,阴性,阴性,阴性,阴性,阴性,阴性,阴性,阴性,阴性,阴性,阴性,阴性,阴性,阴性
,,,,,,,,,,,,,,,,,,,,,,,,,,,,,,,,,,,,,,,,,
LC002659,一致率,PL2402201_LC002659-S01-D01-LPD-D503D735,241023164810_B121_SKII13126-121-YY2-1-241023164810_LC002659-S01-D01-LPD-D503D735,241024151121_B115_SKII13133-115-YY2-1-241024151122_LC002659-S01-D01-LPD-D503D735,241025162532_B116_SKII13141-116-YY2-2-241025162531_LC002659-S01-D01-LPD-D503D735,241026150107_B121_SKII13147-121-YY2-2-241026150108_LC002659-S01-D01-LPD-D503D735,241026152151_B115_SKII13148-115-YY2-2-241026152151_LC002659-S01-D01-LPD-D503D735,241027150041_B116_SKII13151-116-YY2-3-241027150041_LC002659-S01-D01-LPD-D503D735,241028160314_B121_SKII13155-121-YY2-3-241028160314_LC002659-S01-D01-LPD-D503D735,241024172116_B130_SKII13138-1011N29-241024172117_LC002659-S01-D01-LPD-D503D735,241026165346_B130_SKII13144-121021N12-241026165347_LC002659-S01-D01-LPD-D503D735,PL2402402_-_LC002659-S01-D01-LPD-D503D735,GZ240557652_-_LC002659-S01-D01-LPD-D503D735,GZ240557663_-_LC002659-S01-D01-LPD-D503D735,PL2402602_-_LC002659-S01-D01-LPD-D503D735,250219151728_B137_SKII13548-YY2-250219151728_LC002659-S01-D01-LPD-D503D735,250307163627_B137_SKII13657-YY2-250307163628_LC002659-S01-D01-LPD-D503D735,250314152904_B096_SKII13727-QC6-100M-1-250314152905_LC002659-S01-D01-LPD-D503D735,250315103452_B097_SKII13731-QC6-100M-1-250315103453_LC002659-S01-D01-LPD-D503D735,250506154409_B085_SK13920_RPA-B-YY2-250506154409_LC002659-S01-D01-LPD-D503D735,250508152712_B094_SKII13926-RPA-B-YY2-250508152713_LC002659-S01-D01-LPD-D503D735,251225113322_B121_SKII1477-PABD_LC002659-S01-D01-LPD-D503D735,260321141809_B157_09509B0317N3-YY2-260321141812_LC002659-S01-D01-LPD-D503D735,260404153205_B170_SKII15168-YY2-1-260404153205_LC002659-S01-D01-LPD-D503D735,260413181025_B170_SKII15205-YY2-2-260413181024_LC002659-S01-D01-LPD-D503D735,260428162711_B162_SKII5264-YY2-CLK-A-260428162711_LC002659-S01-D01-LPD-D503D735,260429170714_B141_SKII15265-YY223-CTRL-260429170714_LC002659-S01-D01-LPD-D503D735,260429170625_B143_SKII15266-YY2-23-DN-260429170627_LC002659-S01-D01-LPD-D503D735,260508151426_B172_SKII15277-YY2-WBhot-260508151422_LC002659-S01-D01-LPD-D503D735,260508150833_B162_SKII15275-YY2BRS2hot-260508150833_LC002659-S01-D01-LPD-D503D735,260521174016_B143_SKII15305-P523NRC-260521174015_LC002659-S01-D01-LPD-D503D735,260522164010_B162_SKII15306-I-YY2-260522164010_LC002659-S01-D01-LPD-D503D735,260522163748_B141_SKII15307-T-YY2-260522163749_LC002659-S01-D01-LPD-D503D735,260523150002_B170_SKII5311-R2JC-YY2-260523150003_LC002659-S01-D01-LPD-D503D735,260603175803_B170_SKII15342-R2JC-YY2-260603175804_LC002659-S01-D01-LPD-D503D735,260605154758_B177_SKII15350-R2JC-YY2-260605154803_LC002659-S01-D01-LPD-D503D735,260701150403_B169_SKII15399-R2JC-3-YY2-260701150404_LC002659-S01-D01-LPD-D503D735,BGISEQ_0707_LC002659-S01-D01-LPD-D503D735,GeneMind_0713_LC002659-S01-D01-LPD-D503D735,260703153244_B174_SKII-R2JC-ZY-Y2_reanalysis_20260710154034_LC002659-S01-D01-LPD-D503D735,260922153603_B183_SKII-JBJC-YY2-260922153621_LC002659-S01-D01-LPD-D503D735
HLA-A,100.00%,阴性,阴性,阴性,阴性,阴性,阴性,阴性,阴性,阴性,阴性,阴性,阴性,阴性,阴性,阴性,阴性,阴性,阴性,阴性,阴性,阴性,阴性,阴性,阴性,阴性,阴性,阴性,阴性,阴性,阴性,阴性,阴性,阴性,阴性,阴性,阴性,阴性,阴性,阴性,阴性
HLA-B,100.00%,阴性,阴性,阴性,阴性,阴性,阴性,阴性,阴性,阴性,阴性,阴性,阴性,阴性,阴性,阴性,阴性,阴性,阴性,阴性,阴性,阴性,阴性,阴性,阴性,阴性,阴性,阴性,阴性,阴性,阴性,阴性,阴性,阴性,阴性,阴性,阴性,阴性,阴性,阴性,阴性
HLA-C,100.00%,阴性,阴性,阴性,阴性,阴性,阴性,阴性,阴性,阴性,阴性,阴性,阴性,阴性,阴性,阴性,阴性,阴性,阴性,阴性,阴性,阴性,阴性,阴性,阴性,阴性,阴性,阴性,阴性,阴性,阴性,阴性,阴性,阴性,阴性,阴性,阴性,阴性,阴性,阴性,阴性
,,,,,,,,,,,,,,,,,,,,,,,,,,,,,,,,,,,,,,,,,
LC002978,一致率,PL2402201_LC002978-S01-D01-LPD-D503D737,241023164810_B121_SKII13126-121-YY2-1-241023164810_LC002978-S01-D01-LPD-D503D737,241024151121_B115_SKII13133-115-YY2-1-241024151122_LC002978-S01-D01-LPD-D503D737,241025162532_B116_SKII13141-116-YY2-2-241025162531_LC002978-S01-D01-LPD-D503D737,241026150107_B121_SKII13147-121-YY2-2-241026150108_LC002978-S01-D01-LPD-D503D737,241026152151_B115_SKII13148-115-YY2-2-241026152151_LC002978-S01-D01-LPD-D503D737,241027150041_B116_SKII13151-116-YY2-3-241027150041_LC002978-S01-D01-LPD-D503D737,241028160314_B121_SKII13155-121-YY2-3-241028160314_LC002978-S01-D01-LPD-D503D737,241024172116_B130_SKII13138-1011N29-241024172117_LC002978-S01-D01-LPD-D503D737,241026165346_B130_SKII13144-121021N12-241026165347_LC002978-S01-D01-LPD-D503D737,PL2402402_-_LC002978-S01-D01-LPD-D503D737,GZ240557652_-_LC002978-S01-D01-LPD-D503D737,GZ240557663_-_LC002978-S01-D01-LPD-D503D737,PL2402602_-_LC002978-S01-D01-LPD-D503D737,250219151728_B137_SKII13548-YY2-250219151728_LC002978-S01-D01-LPD-D503D737,250307163627_B137_SKII13657-YY2-250307163628_LC002978-S01-D01-LPD-D503D737,250314152904_B096_SKII13727-QC6-100M-1-250314152905_LC002978-S01-D01-LPD-D503D737,250315103452_B097_SKII13731-QC6-100M-1-250315103453_LC002978-S01-D01-LPD-D503D737,250506154409_B085_SK13920_RPA-B-YY2-250506154409_LC002978-S01-D01-LPD-D503D737,250508152712_B094_SKII13926-RPA-B-YY2-250508152713_LC002978-S01-D01-LPD-D503D737,251225113322_B121_SKII1477-PABD_LC002978-S01-D01-LPD-D503D737,260321141809_B157_09509B0317N3-YY2-260321141812_LC002978-S01-D01-LPD-D503D737,260404153205_B170_SKII15168-YY2-1-260404153205_LC002978-S01-D01-LPD-D503D737,260413181025_B170_SKII15205-YY2-2-260413181024_LC002978-S01-D01-LPD-D503D737,260428162711_B162_SKII5264-YY2-CLK-A-260428162711_LC002978-S01-D01-LPD-D503D737,260429170714_B141_SKII15265-YY223-CTRL-260429170714_LC002978-S01-D01-LPD-D503D737,260429170625_B143_SKII15266-YY2-23-DN-260429170627_LC002978-S01-D01-LPD-D503D737,260508151426_B172_SKII15277-YY2-WBhot-260508151422_LC002978-S01-D01-LPD-D503D737,260508150833_B162_SKII15275-YY2BRS2hot-260508150833_LC002978-S01-D01-LPD-D503D737,260521174016_B143_SKII15305-P523NRC-260521174015_LC002978-S01-D01-LPD-D503D737,260522164010_B162_SKII15306-I-YY2-260522164010_LC002978-S01-D01-LPD-D503D737,260522163748_B141_SKII15307-T-YY2-260522163749_LC002978-S01-D01-LPD-D503D737,260523150002_B170_SKII5311-R2JC-YY2-260523150003_LC002978-S01-D01-LPD-D503D737,260603175803_B170_SKII15342-R2JC-YY2-260603175804_LC002978-S01-D01-LPD-D503D737,260605154758_B177_SKII15350-R2JC-YY2-260605154803_LC002978-S01-D01-LPD-D503D737,260701150403_B169_SKII15399-R2JC-3-YY2-260701150404_LC002978-S01-D01-LPD-D503D737,BGISEQ_0707_LC002978-S01-D01-LPD-D503D737,GeneMind_0713_LC002978-S01-D01-LPD-D503D737,260703153244_B174_SKII-R2JC-ZY-Y2_reanalysis_20260710154034_LC002978-S01-D01-LPD-D503D737,260922153603_B183_SKII-JBJC-YY2-260922153621_LC002978-S01-D01-LPD-D503D737
HLA-A,100.00%,别嘌醇|换药,别嘌醇|换药,别嘌醇|换药,别嘌醇|换药,别嘌醇|换药,别嘌醇|换药,别嘌醇|换药,别嘌醇|换药,别嘌醇|换药,别嘌醇|换药,别嘌醇|换药,别嘌醇|换药,别嘌醇|换药,别嘌醇|换药,别嘌醇|换药,别嘌醇|换药,别嘌醇|换药,别嘌醇|换药,别嘌醇|换药,别嘌醇|换药,别嘌醇|换药,别嘌醇|换药,别嘌醇|换药,别嘌醇|换药,别嘌醇|换药,别嘌醇|换药,别嘌醇|换药,别嘌醇|换药,别嘌醇|换药,别嘌醇|换药,别嘌醇|换药,别嘌醇|换药,别嘌醇|换药,别嘌醇|换药,别嘌醇|换药,别嘌醇|换药,别嘌醇|换药,别嘌醇|换药,别嘌醇|换药,别嘌醇|换药
HLA-B,100.00%,阴性,阴性,阴性,阴性,阴性,阴性,阴性,阴性,阴性,阴性,阴性,阴性,阴性,阴性,阴性,阴性,阴性,阴性,阴性,阴性,阴性,阴性,阴性,阴性,阴性,阴性,阴性,阴性,阴性,阴性,阴性,阴性,阴性,阴性,阴性,阴性,阴性,阴性,阴性,阴性
HLA-C,100.00%,阴性,阴性,阴性,阴性,阴性,阴性,阴性,阴性,阴性,阴性,阴性,阴性,阴性,阴性,阴性,阴性,阴性,阴性,阴性,阴性,阴性,阴性,阴性,阴性,阴性,阴性,阴性,阴性,阴性,阴性,阴性,阴性,阴性,阴性,阴性,阴性,阴性,阴性,阴性,阴性
,,,,,,,,,,,,,,,,,,,,,,,,,,,,,,,,,,,,,,,,,
LC003171,一致率,PL2402201_LC003171-S01-D01-LPD-D503D738,241023164810_B121_SKII13126-121-YY2-1-241023164810_LC003171-S01-D01-LPD-D503D738,241024151121_B115_SKII13133-115-YY2-1-241024151122_LC003171-S01-D01-LPD-D503D738,241025162532_B116_SKII13141-116-YY2-2-241025162531_LC003171-S01-D01-LPD-D503D738,241026150107_B121_SKII13147-121-YY2-2-241026150108_LC003171-S01-D01-LPD-D503D738,241026152151_B115_SKII13148-115-YY2-2-241026152151_LC003171-S01-D01-LPD-D503D738,241027150041_B116_SKII13151-116-YY2-3-241027150041_LC003171-S01-D01-LPD-D503D738,241028160314_B121_SKII13155-121-YY2-3-241028160314_LC003171-S01-D01-LPD-D503D738,241024172116_B130_SKII13138-1011N29-241024172117_LC003171-S01-D01-LPD-D503D738,241026165346_B130_SKII13144-121021N12-241026165347_LC003171-S01-D01-LPD-D503D738,PL2402402_-_LC003171-S01-D01-LPD-D503D738,GZ240557652_-_LC003171-S01-D01-LPD-D503D738,GZ240557663_-_LC003171-S01-D01-LPD-D503D738,PL2402602_-_LC003171-S01-D01-LPD-D503D738,250219151728_B137_SKII13548-YY2-250219151728_LC003171-S01-D01-LPD-D503D738,250307163627_B137_SKII13657-YY2-250307163628_LC003171-S01-D01-LPD-D503D738,250314152904_B096_SKII13727-QC6-100M-1-250314152905_LC003171-S01-D01-LPD-D503D738,250315103452_B097_SKII13731-QC6-100M-1-250315103453_LC003171-S01-D01-LPD-D503D738,250506154409_B085_SK13920_RPA-B-YY2-250506154409_LC003171-S01-D01-LPD-D503D738,250508152712_B094_SKII13926-RPA-B-YY2-250508152713_LC003171-S01-D01-LPD-D503D738,251225113322_B121_SKII1477-PABD_LC003171-S01-D01-LPD-D503D738,260321141809_B157_09509B0317N3-YY2-260321141812_LC003171-S01-D01-LPD-D503D738,260404153205_B170_SKII15168-YY2-1-260404153205_LC003171-S01-D01-LPD-D503D738,260413181025_B170_SKII15205-YY2-2-260413181024_LC003171-S01-D01-LPD-D503D738,260428162711_B162_SKII5264-YY2-CLK-A-260428162711_LC003171-S01-D01-LPD-D503D738,260429170714_B141_SKII15265-YY223-CTRL-260429170714_LC003171-S01-D01-LPD-D503D738,260429170625_B143_SKII15266-YY2-23-DN-260429170627_LC003171-S01-D01-LPD-D503D738,260508151426_B172_SKII15277-YY2-WBhot-260508151422_LC003171-S01-D01-LPD-D503D738,260508150833_B162_SKII15275-YY2BRS2hot-260508150833_LC003171-S01-D01-LPD-D503D738,260521174016_B143_SKII15305-P523NRC-260521174015_LC003171-S01-D01-LPD-D503D738,260522164010_B162_SKII15306-I-YY2-260522164010_LC003171-S01-D01-LPD-D503D738,260522163748_B141_SKII15307-T-YY2-260522163749_LC003171-S01-D01-LPD-D503D738,260523150002_B170_SKII5311-R2JC-YY2-260523150003_LC003171-S01-D01-LPD-D503D738,260603175803_B170_SKII15342-R2JC-YY2-260603175804_LC003171-S01-D01-LPD-D503D738,260605154758_B177_SKII15350-R2JC-YY2-260605154803_LC003171-S01-D01-LPD-D503D738,260701150403_B169_SKII15399-R2JC-3-YY2-260701150404_LC003171-S01-D01-LPD-D503D738,BGISEQ_0707_LC003171-S01-D01-LPD-D503D738,GeneMind_0713_LC003171-S01-D01-LPD-D503D738,260703153244_B174_SKII-R2JC-ZY-Y2_reanalysis_20260710154034_LC003171-S01-D01-LPD-D503D738,260922153603_B183_SKII-JBJC-YY2-260922153621_LC003171-S01-D01-LPD-D503D738
HLA-A,100.00%,阴性,阴性,阴性,阴性,阴性,阴性,阴性,阴性,阴性,阴性,阴性,阴性,阴性,阴性,阴性,阴性,阴性,阴性,阴性,阴性,阴性,阴性,阴性,阴性,阴性,阴性,阴性,阴性,阴性,阴性,阴性,阴性,阴性,阴性,阴性,阴性,阴性,阴性,阴性,阴性
HLA-B,100.00%,阴性,阴性,阴性,阴性,阴性,阴性,阴性,阴性,阴性,阴性,阴性,阴性,阴性,阴性,阴性,阴性,阴性,阴性,阴性,阴性,阴性,阴性,阴性,阴性,阴性,阴性,阴性,阴性,阴性,阴性,阴性,阴性,阴性,阴性,阴性,阴性,阴性,阴性,阴性,阴性
HLA-C,100.00%,阴性,阴性,阴性,阴性,阴性,阴性,阴性,阴性,阴性,阴性,阴性,阴性,阴性,阴性,阴性,阴性,阴性,阴性,阴性,阴性,阴性,阴性,阴性,阴性,阴性,阴性,阴性,阴性,阴性,阴性,阴性,阴性,阴性,阴性,阴性,阴性,阴性,阴性,阴性,阴性
,,,,,,,,,,,,,,,,,,,,,,,,,,,,,,,,,,,,,,,,,
LC003178,一致率,PL2402201_LC003178-S01-D01-LPD-D503D739,241023164810_B121_SKII13126-121-YY2-1-241023164810_LC003178-S01-D01-LPD-D503D739,241024151121_B115_SKII13133-115-YY2-1-241024151122_LC003178-S01-D01-LPD-D503D739,241025162532_B116_SKII13141-116-YY2-2-241025162531_LC003178-S01-D01-LPD-D503D739,241026150107_B121_SKII13147-121-YY2-2-241026150108_LC003178-S01-D01-LPD-D503D739,241026152151_B115_SKII13148-115-YY2-2-241026152151_LC003178-S01-D01-LPD-D503D739,241027150041_B116_SKII13151-116-YY2-3-241027150041_LC003178-S01-D01-LPD-D503D739,241028160314_B121_SKII13155-121-YY2-3-241028160314_LC003178-S01-D01-LPD-D503D739,241024172116_B130_SKII13138-1011N29-241024172117_LC003178-S01-D01-LPD-D503D739,241026165346_B130_SKII13144-121021N12-241026165347_LC003178-S01-D01-LPD-D503D739,PL2402402_-_LC003178-S01-D01-LPD-D503D739,GZ240557652_-_LC003178-S01-D01-LPD-D503D739,GZ240557663_-_LC003178-S01-D01-LPD-D503D739,PL2402602_-_LC003178-S01-D01-LPD-D503D739,250219151728_B137_SKII13548-YY2-250219151728_LC003178-S01-D01-LPD-D503D739,250307163627_B137_SKII13657-YY2-250307163628_LC003178-S01-D01-LPD-D503D739,250314152904_B096_SKII13727-QC6-100M-1-250314152905_LC003178-S01-D01-LPD-D503D739,250315103452_B097_SKII13731-QC6-100M-1-250315103453_LC003178-S01-D01-LPD-D503D739,250506154409_B085_SK13920_RPA-B-YY2-250506154409_LC003178-S01-D01-LPD-D503D739,250508152712_B094_SKII13926-RPA-B-YY2-250508152713_LC003178-S01-D01-LPD-D503D739,251225113322_B121_SKII1477-PABD_LC003178-S01-D01-LPD-D503D739,260321141809_B157_09509B0317N3-YY2-260321141812_LC003178-S01-D01-LPD-D503D739,260404153205_B170_SKII15168-YY2-1-260404153205_LC003178-S01-D01-LPD-D503D739,260413181025_B170_SKII15205-YY2-2-260413181024_LC003178-S01-D01-LPD-D503D739,260428162711_B162_SKII5264-YY2-CLK-A-260428162711_LC003178-S01-D01-LPD-D503D739,260429170714_B141_SKII15265-YY223-CTRL-260429170714_LC003178-S01-D01-LPD-D503D739,260429170625_B143_SKII15266-YY2-23-DN-260429170627_LC003178-S01-D01-LPD-D503D739,260508151426_B172_SKII15277-YY2-WBhot-260508151422_LC003178-S01-D01-LPD-D503D739,260508150833_B162_SKII15275-YY2BRS2hot-260508150833_LC003178-S01-D01-LPD-D503D739,260521174016_B143_SKII15305-P523NRC-260521174015_LC003178-S01-D01-LPD-D503D739,260522164010_B162_SKII15306-I-YY2-260522164010_LC003178-S01-D01-LPD-D503D739,260522163748_B141_SKII15307-T-YY2-260522163749_LC003178-S01-D01-LPD-D503D739,260523150002_B170_SKII5311-R2JC-YY2-260523150003_LC003178-S01-D01-LPD-D503D739,260603175803_B170_SKII15342-R2JC-YY2-260603175804_LC003178-S01-D01-LPD-D503D739,260605154758_B177_SKII15350-R2JC-YY2-260605154803_LC003178-S01-D01-LPD-D503D739,260701150403_B169_SKII15399-R2JC-3-YY2-260701150404_LC003178-S01-D01-LPD-D503D739,BGISEQ_0707_LC003178-S01-D01-LPD-D503D739,GeneMind_0713_LC003178-S01-D01-LPD-D503D739,260703153244_B174_SKII-R2JC-ZY-Y2_reanalysis_20260710154034_LC003178-S01-D01-LPD-D503D739,260922153603_B183_SKII-JBJC-YY2-260922153621_LC003178-S01-D01-LPD-D503D739
HLA-A,100.00%,阴性,阴性,阴性,阴性,阴性,阴性,阴性,阴性,阴性,阴性,阴性,阴性,阴性,阴性,阴性,阴性,阴性,阴性,阴性,阴性,阴性,阴性,阴性,阴性,阴性,阴性,阴性,阴性,阴性,阴性,阴性,阴性,阴性,阴性,阴性,阴性,阴性,阴性,阴性,阴性
HLA-B,100.00%,阴性,阴性,阴性,阴性,阴性,阴性,阴性,阴性,阴性,阴性,阴性,阴性,阴性,阴性,阴性,阴性,阴性,阴性,阴性,阴性,阴性,阴性,阴性,阴性,阴性,阴性,阴性,阴性,阴性,阴性,阴性,阴性,阴性,阴性,阴性,阴性,阴性,阴性,阴性,阴性
HLA-C,100.00%,阴性,阴性,阴性,阴性,阴性,阴性,阴性,阴性,阴性,阴性,阴性,阴性,阴性,阴性,阴性,阴性,阴性,阴性,阴性,阴性,阴性,阴性,阴性,阴性,阴性,阴性,阴性,阴性,阴性,阴性,阴性,阴性,阴性,阴性,阴性,阴性,阴性,阴性,阴性,阴性
,,,,,,,,,,,,,,,,,,,,,,,,,,,,,,,,,,,,,,,,,
LC003179,一致率,PL2402201_LC003179-S01-D01-LPD-D503D740,241023164810_B121_SKII13126-121-YY2-1-241023164810_LC003179-S01-D01-LPD-D503D740,241024151121_B115_SKII13133-115-YY2-1-241024151122_LC003179-S01-D01-LPD-D503D740,241025162532_B116_SKII13141-116-YY2-2-241025162531_LC003179-S01-D01-LPD-D503D740,241026150107_B121_SKII13147-121-YY2-2-241026150108_LC003179-S01-D01-LPD-D503D740,241026152151_B115_SKII13148-115-YY2-2-241026152151_LC003179-S01-D01-LPD-D503D740,241027150041_B116_SKII13151-116-YY2-3-241027150041_LC003179-S01-D01-LPD-D503D740,241028160314_B121_SKII13155-121-YY2-3-241028160314_LC003179-S01-D01-LPD-D503D740,241024172116_B130_SKII13138-1011N29-241024172117_LC003179-S01-D01-LPD-D503D740,241026165346_B130_SKII13144-121021N12-241026165347_LC003179-S01-D01-LPD-D503D740,PL2402402_-_LC003179-S01-D01-LPD-D503D740,GZ240557652_-_LC003179-S01-D01-LPD-D503D740,GZ240557663_-_LC003179-S01-D01-LPD-D503D740,PL2402602_-_LC003179-S01-D01-LPD-D503D740,250219151728_B137_SKII13548-YY2-250219151728_LC003179-S01-D01-LPD-D503D740,250307163627_B137_SKII13657-YY2-250307163628_LC003179-S01-D01-LPD-D503D740,250314152904_B096_SKII13727-QC6-100M-1-250314152905_LC003179-S01-D01-LPD-D503D740,250315103452_B097_SKII13731-QC6-100M-1-250315103453_LC003179-S01-D01-LPD-D503D740,250506154409_B085_SK13920_RPA-B-YY2-250506154409_LC003179-S01-D01-LPD-D503D740,250508152712_B094_SKII13926-RPA-B-YY2-250508152713_LC003179-S01-D01-LPD-D503D740,251225113322_B121_SKII1477-PABD_LC003179-S01-D01-LPD-D503D740,260321141809_B157_09509B0317N3-YY2-260321141812_LC003179-S01-D01-LPD-D503D740,260404153205_B170_SKII15168-YY2-1-260404153205_LC003179-S01-D01-LPD-D503D740,260413181025_B170_SKII15205-YY2-2-260413181024_LC003179-S01-D01-LPD-D503D740,260428162711_B162_SKII5264-YY2-CLK-A-260428162711_LC003179-S01-D01-LPD-D503D740,260429170714_B141_SKII15265-YY223-CTRL-260429170714_LC003179-S01-D01-LPD-D503D740,260429170625_B143_SKII15266-YY2-23-DN-260429170627_LC003179-S01-D01-LPD-D503D740,260508151426_B172_SKII15277-YY2-WBhot-260508151422_LC003179-S01-D01-LPD-D503D740,260508150833_B162_SKII15275-YY2BRS2hot-260508150833_LC003179-S01-D01-LPD-D503D740,260521174016_B143_SKII15305-P523NRC-260521174015_LC003179-S01-D01-LPD-D503D740,260522164010_B162_SKII15306-I-YY2-260522164010_LC003179-S01-D01-LPD-D503D740,260522163748_B141_SKII15307-T-YY2-260522163749_LC003179-S01-D01-LPD-D503D740,260523150002_B170_SKII5311-R2JC-YY2-260523150003_LC003179-S01-D01-LPD-D503D740,260603175803_B170_SKII15342-R2JC-YY2-260603175804_LC003179-S01-D01-LPD-D503D740,260605154758_B177_SKII15350-R2JC-YY2-260605154803_LC003179-S01-D01-LPD-D503D740,260701150403_B169_SKII15399-R2JC-3-YY2-260701150404_LC003179-S01-D01-LPD-D503D740,BGISEQ_0707_LC003179-S01-D01-LPD-D503D740,GeneMind_0713_LC003179-S01-D01-LPD-D503D740,260703153244_B174_SKII-R2JC-ZY-Y2_reanalysis_20260710154034_LC003179-S01-D01-LPD-D503D740,260922153603_B183_SKII-JBJC-YY2-260922153621_LC003179-S01-D01-LPD-D503D740
HLA-A,100.00%,阴性,阴性,阴性,阴性,阴性,阴性,阴性,阴性,阴性,阴性,阴性,阴性,阴性,阴性,阴性,阴性,阴性,阴性,阴性,阴性,阴性,阴性,阴性,阴性,阴性,阴性,阴性,阴性,阴性,阴性,阴性,阴性,阴性,阴性,阴性,阴性,阴性,阴性,阴性,阴性
HLA-B,100.00%,阴性,阴性,阴性,阴性,阴性,阴性,阴性,阴性,阴性,阴性,阴性,阴性,阴性,阴性,阴性,阴性,阴性,阴性,阴性,阴性,阴性,阴性,阴性,阴性,阴性,阴性,阴性,阴性,阴性,阴性,阴性,阴性,阴性,阴性,阴性,阴性,阴性,阴性,阴性,阴性
HLA-C,100.00%,阴性,阴性,阴性,阴性,阴性,阴性,阴性,阴性,阴性,阴性,阴性,阴性,阴性,阴性,阴性,阴性,阴性,阴性,阴性,阴性,阴性,阴性,阴性,阴性,阴性,阴性,阴性,阴性,阴性,阴性,阴性,阴性,阴性,阴性,阴性,阴性,阴性,阴性,阴性,阴性
,,,,,,,,,,,,,,,,,,,,,,,,,,,,,,,,,,,,,,,,,
LC003181,一致率,PL2402201_LC003181-S01-D01-LPD-D503D741,241023164810_B121_SKII13126-121-YY2-1-241023164810_LC003181-S01-D01-LPD-D503D741,241024151121_B115_SKII13133-115-YY2-1-241024151122_LC003181-S01-D01-LPD-D503D741,241025162532_B116_SKII13141-116-YY2-2-241025162531_LC003181-S01-D01-LPD-D503D741,241026150107_B121_SKII13147-121-YY2-2-241026150108_LC003181-S01-D01-LPD-D503D741,241026152151_B115_SKII13148-115-YY2-2-241026152151_LC003181-S01-D01-LPD-D503D741,241027150041_B116_SKII13151-116-YY2-3-241027150041_LC003181-S01-D01-LPD-D503D741,241028160314_B121_SKII13155-121-YY2-3-241028160314_LC003181-S01-D01-LPD-D503D741,241024172116_B130_SKII13138-1011N29-241024172117_LC003181-S01-D01-LPD-D503D741,241026165346_B130_SKII13144-121021N12-241026165347_LC003181-S01-D01-LPD-D503D741,PL2402402_-_LC003181-S01-D01-LPD-D503D741,GZ240557652_-_LC003181-S01-D01-LPD-D503D741,GZ240557663_-_LC003181-S01-D01-LPD-D503D741,PL2402602_-_LC003181-S01-D01-LPD-D503D741,250219151728_B137_SKII13548-YY2-250219151728_LC003181-S01-D01-LPD-D503D741,250307163627_B137_SKII13657-YY2-250307163628_LC003181-S01-D01-LPD-D503D741,250314152904_B096_SKII13727-QC6-100M-1-250314152905_LC003181-S01-D01-LPD-D503D741,250315103452_B097_SKII13731-QC6-100M-1-250315103453_LC003181-S01-D01-LPD-D503D741,250506154409_B085_SK13920_RPA-B-YY2-250506154409_LC003181-S01-D01-LPD-D503D741,250508152712_B094_SKII13926-RPA-B-YY2-250508152713_LC003181-S01-D01-LPD-D503D741,251225113322_B121_SKII1477-PABD_LC003181-S01-D01-LPD-D503D741,260321141809_B157_09509B0317N3-YY2-260321141812_LC003181-S01-D01-LPD-D503D741,260404153205_B170_SKII15168-YY2-1-260404153205_LC003181-S01-D01-LPD-D503D741,260413181025_B170_SKII15205-YY2-2-260413181024_LC003181-S01-D01-LPD-D503D741,260428162711_B162_SKII5264-YY2-CLK-A-260428162711_LC003181-S01-D01-LPD-D503D741,260429170714_B141_SKII15265-YY223-CTRL-260429170714_LC003181-S01-D01-LPD-D503D741,260429170625_B143_SKII15266-YY2-23-DN-260429170627_LC003181-S01-D01-LPD-D503D741,260508151426_B172_SKII15277-YY2-WBhot-260508151422_LC003181-S01-D01-LPD-D503D741,260508150833_B162_SKII15275-YY2BRS2hot-260508150833_LC003181-S01-D01-LPD-D503D741,260521174016_B143_SKII15305-P523NRC-260521174015_LC003181-S01-D01-LPD-D503D741,260522164010_B162_SKII15306-I-YY2-260522164010_LC003181-S01-D01-LPD-D503D741,260522163748_B141_SKII15307-T-YY2-260522163749_LC003181-S01-D01-LPD-D503D741,260523150002_B170_SKII5311-R2JC-YY2-260523150003_LC003181-S01-D01-LPD-D503D741,260603175803_B170_SKII15342-R2JC-YY2-260603175804_LC003181-S01-D01-LPD-D503D741,260605154758_B177_SKII15350-R2JC-YY2-260605154803_LC003181-S01-D01-LPD-D503D741,260701150403_B169_SKII15399-R2JC-3-YY2-260701150404_LC003181-S01-D01-LPD-D503D741,BGISEQ_0707_LC003181-S01-D01-LPD-D503D741,GeneMind_0713_LC003181-S01-D01-LPD-D503D741,260703153244_B174_SKII-R2JC-ZY-Y2_reanalysis_20260710154034_LC003181-S01-D01-LPD-D503D741,260922153603_B183_SKII-JBJC-YY2-260922153621_LC003181-S01-D01-LPD-D503D741
HLA-A,100.00%,阴性,阴性,阴性,阴性,阴性,阴性,阴性,阴性,阴性,阴性,阴性,阴性,阴性,阴性,阴性,阴性,阴性,阴性,阴性,阴性,阴性,阴性,阴性,阴性,阴性,阴性,阴性,阴性,阴性,阴性,阴性,阴性,阴性,阴性,阴性,阴性,阴性,阴性,阴性,阴性
HLA-B,100.00%,阴性,阴性,阴性,阴性,阴性,阴性,阴性,阴性,阴性,阴性,阴性,阴性,阴性,阴性,阴性,阴性,阴性,阴性,阴性,阴性,阴性,阴性,阴性,阴性,阴性,阴性,阴性,阴性,阴性,阴性,阴性,阴性,阴性,阴性,阴性,阴性,阴性,阴性,阴性,阴性
HLA-C,100.00%,阴性,阴性,阴性,阴性,阴性,阴性,阴性,阴性,阴性,阴性,阴性,阴性,阴性,阴性,阴性,阴性,阴性,阴性,阴性,阴性,阴性,阴性,阴性,阴性,阴性,阴性,阴性,阴性,阴性,阴性,阴性,阴性,阴性,阴性,阴性,阴性,阴性,阴性,阴性,阴性
,,,,,,,,,,,,,,,,,,,,,,,,,,,,,,,,,,,,,,,,,
LC003182,一致率,PL2402201_LC003182-S01-D01-LPD-D503D742,241023164810_B121_SKII13126-121-YY2-1-241023164810_LC003182-S01-D01-LPD-D503D742,241024151121_B115_SKII13133-115-YY2-1-241024151122_LC003182-S01-D01-LPD-D503D742,241025162532_B116_SKII13141-116-YY2-2-241025162531_LC003182-S01-D01-LPD-D503D742,241026150107_B121_SKII13147-121-YY2-2-241026150108_LC003182-S01-D01-LPD-D503D742,241026152151_B115_SKII13148-115-YY2-2-241026152151_LC003182-S01-D01-LPD-D503D742,241027150041_B116_SKII13151-116-YY2-3-241027150041_LC003182-S01-D01-LPD-D503D742,241028160314_B121_SKII13155-121-YY2-3-241028160314_LC003182-S01-D01-LPD-D503D742,241024172116_B130_SKII13138-1011N29-241024172117_LC003182-S01-D01-LPD-D503D742,241026165346_B130_SKII13144-121021N12-241026165347_LC003182-S01-D01-LPD-D503D742,PL2402402_-_LC003182-S01-D01-LPD-D503D742,GZ240557652_-_LC003182-S01-D01-LPD-D503D742,GZ240557663_-_LC003182-S01-D01-LPD-D503D742,PL2402602_-_LC003182-S01-D01-LPD-D503D742,250219151728_B137_SKII13548-YY2-250219151728_LC003182-S01-D01-LPD-D503D742,250307163627_B137_SKII13657-YY2-250307163628_LC003182-S01-D01-LPD-D503D742,250314152904_B096_SKII13727-QC6-100M-1-250314152905_LC003182-S01-D01-LPD-D503D742,250315103452_B097_SKII13731-QC6-100M-1-250315103453_LC003182-S01-D01-LPD-D503D742,250506154409_B085_SK13920_RPA-B-YY2-250506154409_LC003182-S01-D01-LPD-D503D742,250508152712_B094_SKII13926-RPA-B-YY2-250508152713_LC003182-S01-D01-LPD-D503D742,251225113322_B121_SKII1477-PABD_LC003182-S01-D01-LPD-D503D742,260321141809_B157_09509B0317N3-YY2-260321141812_LC003182-S01-D01-LPD-D503D742,260404153205_B170_SKII15168-YY2-1-260404153205_LC003182-S01-D01-LPD-D503D742,260413181025_B170_SKII15205-YY2-2-260413181024_LC003182-S01-D01-LPD-D503D742,260428162711_B162_SKII5264-YY2-CLK-A-260428162711_LC003182-S01-D01-LPD-D503D742,260429170714_B141_SKII15265-YY223-CTRL-260429170714_LC003182-S01-D01-LPD-D503D742,260429170625_B143_SKII15266-YY2-23-DN-260429170627_LC003182-S01-D01-LPD-D503D742,260508151426_B172_SKII15277-YY2-WBhot-260508151422_LC003182-S01-D01-LPD-D503D742,260508150833_B162_SKII15275-YY2BRS2hot-260508150833_LC003182-S01-D01-LPD-D503D742,260521174016_B143_SKII15305-P523NRC-260521174015_LC003182-S01-D01-LPD-D503D742,260522164010_B162_SKII15306-I-YY2-260522164010_LC003182-S01-D01-LPD-D503D742,260522163748_B141_SKII15307-T-YY2-260522163749_LC003182-S01-D01-LPD-D503D742,260523150002_B170_SKII5311-R2JC-YY2-260523150003_LC003182-S01-D01-LPD-D503D742,260603175803_B170_SKII15342-R2JC-YY2-260603175804_LC003182-S01-D01-LPD-D503D742,260605154758_B177_SKII15350-R2JC-YY2-260605154803_LC003182-S01-D01-LPD-D503D742,260701150403_B169_SKII15399-R2JC-3-YY2-260701150404_LC003182-S01-D01-LPD-D503D742,BGISEQ_0707_LC003182-S01-D01-LPD-D503D742,GeneMind_0713_LC003182-S01-D01-LPD-D503D742,260703153244_B174_SKII-R2JC-ZY-Y2_reanalysis_20260710154034_LC003182-S01-D01-LPD-D503D742,260922153603_B183_SKII-JBJC-YY2-260922153621_LC003182-S01-D01-LPD-D503D742
HLA-A,100.00%,阴性,阴性,阴性,阴性,阴性,阴性,阴性,阴性,阴性,阴性,阴性,阴性,阴性,阴性,阴性,阴性,阴性,阴性,阴性,阴性,阴性,阴性,阴性,阴性,阴性,阴性,阴性,阴性,阴性,阴性,阴性,阴性,阴性,阴性,阴性,阴性,阴性,阴性,阴性,阴性
HLA-B,100.00%,阴性,阴性,阴性,阴性,阴性,阴性,阴性,阴性,阴性,阴性,阴性,阴性,阴性,阴性,阴性,阴性,阴性,阴性,阴性,阴性,阴性,阴性,阴性,阴性,阴性,阴性,阴性,阴性,阴性,阴性,阴性,阴性,阴性,阴性,阴性,阴性,阴性,阴性,阴性,阴性
HLA-C,100.00%,阴性,阴性,阴性,阴性,阴性,阴性,阴性,阴性,阴性,阴性,阴性,阴性,阴性,阴性,阴性,阴性,阴性,阴性,阴性,阴性,阴性,阴性,阴性,阴性,阴性,阴性,阴性,阴性,阴性,阴性,阴性,阴性,阴性,阴性,阴性,阴性,阴性,阴性,阴性,阴性
,,,,,,,,,,,,,,,,,,,,,,,,,,,,,,,,,,,,,,,,,
