PL2402201	-	CN001477-S09-D03-LPD-D502D733	1276016	1262922	98.97%	7.49%	150	138	0.98	0.93	0.53	1118892	98.39%	99.90%	3265.19	90.18%	44.60%	29.50%	4.61%	2.83%	93.87%	84.81%	100.00%	100.00%	99.97%	99.86%	100.00%	99.85%	99.94%	93.74%	99.97%	94.38%	86	0	100.0%(86)	100.0%(86)	100.0%(86)	100.0%(86)	100.0%(86)	100.0%(86)	100.0%(86)	97.67%(84)	合格
PL2402201	-	LC001881-S02-D01-LPD-D503D744	1439242	1409300	97.92%	9.23%	150	136	0.97	0.92	0.53	1051592	96.81%	99.20%	3109.51	90.52%	41.71%	33.31%	3.42%	5.70%	96.90%	84.68%	100.00%	100.00%	100.00%	99.91%	100.00%	99.97%	99.90%	93.48%	93.52%	93.21%	86	0	100.0%(86)	100.0%(86)	100.0%(86)	100.0%(86)	100.0%(86)	100.0%(86)	100.0%(86)	97.67%(84)	合格
PL2402201	-	LC002134-S01-D01-LPD-D503D721	1615624	1594130	98.67%	8.76%	150	136	0.98	0.94	0.54	1050580	95.38%	100.00%	2998.41	87.65%	43.64%	25.74%	4.63%	6.13%	97.55%	96.66%	100.00%	100.00%	100.00%	99.95%	100.00%	99.97%	100.00%	99.90%	100.00%	93.43%	86	0	100.0%(86)	100.0%(86)	100.0%(86)	100.0%(86)	100.0%(86)	100.0%(86)	100.0%(86)	98.84%(85)	合格
PL2402201	-	LC002136-S01-D01-LPD-D503D722	1683708	1657814	98.46%	8.99%	150	136	0.98	0.93	0.54	1058079	96.65%	99.66%	3099.68	89.37%	44.20%	27.25%	4.85%	6.68%	96.88%	82.87%	100.00%	100.00%	99.99%	99.87%	100.00%	99.97%	100.00%	99.84%	99.92%	93.24%	86	0	100.0%(86)	100.0%(86)	100.0%(86)	100.0%(86)	100.0%(86)	100.0%(86)	100.0%(86)	98.84%(85)	合格
PL2402201	-	LC002160-S01-D01-LPD-D502D741	1299890	1284724	98.83%	9.40%	150	135	0.97	0.93	0.52	1136124	98.16%	99.71%	3140.06	89.36%	52.91%	27.09%	2.40%	2.08%	95.56%	75.95%	100.00%	100.00%	99.98%	99.74%	100.00%	99.14%	99.94%	93.00%	99.94%	93.04%	86	0	100.0%(86)	100.0%(86)	100.0%(86)	100.0%(86)	100.0%(86)	100.0%(86)	100.0%(86)	98.84%(85)	合格
PL2402201	-	LC002325-S01-D01-LPD-D503D725	1408952	1388502	98.55%	10.42%	150	134	0.97	0.93	0.53	1139903	99.68%	99.18%	3388.00	94.45%	40.52%	34.73%	8.85%	5.84%	92.76%	81.47%	100.00%	100.00%	100.00%	99.98%	100.00%	99.97%	100.00%	99.49%	95.14%	93.12%	86	0	100.0%(86)	100.0%(86)	100.0%(86)	100.0%(86)	100.0%(86)	100.0%(86)	100.0%(86)	97.67%(84)	合格
PL2402201	-	LC002328-S01-D01-LPD-D503D726	1323850	1304596	98.55%	10.39%	150	134	0.97	0.93	0.53	1137944	99.66%	99.67%	3410.09	94.92%	39.85%	34.00%	10.08%	5.99%	94.15%	80.66%	100.00%	100.00%	100.00%	99.97%	100.00%	99.36%	100.00%	99.90%	99.97%	93.21%	86	0	100.0%(86)	100.0%(86)	100.0%(86)	100.0%(86)	100.0%(86)	100.0%(86)	100.0%(86)	97.67%(84)	合格
PL2402201	-	LC002331-S01-D01-LPD-D503D727	1273938	1256588	98.64%	9.36%	150	135	0.97	0.94	0.54	1164704	99.76%	99.02%	3441.29	94.57%	38.56%	36.23%	9.15%	6.59%	92.12%	76.07%	100.00%	100.00%	100.00%	99.91%	100.00%	99.97%	100.00%	99.81%	93.49%	93.21%	86	0	100.0%(86)	100.0%(86)	100.0%(86)	100.0%(86)	100.0%(86)	98.84%(85)	97.67%(84)	95.35%(82)	合格
PL2402201	-	LC002348-S01-D01-LPD-D503D728	1363018	1346956	98.82%	7.72%	150	138	0.98	0.94	0.53	1096686	98.29%	99.64%	3143.51	86.18%	52.79%	20.93%	3.88%	3.99%	97.72%	95.42%	100.00%	100.00%	100.00%	99.96%	100.00%	99.97%	100.00%	97.32%	98.74%	93.24%	86	0	100.0%(86)	100.0%(86)	100.0%(86)	100.0%(86)	100.0%(86)	100.0%(86)	100.0%(86)	98.84%(85)	合格
PL2402201	-	LC002351-S01-D01-LPD-D503D729	1306598	1288644	98.63%	9.06%	150	136	0.98	0.93	0.53	1107598	98.68%	99.95%	3248.77	90.69%	41.52%	29.93%	4.70%	7.62%	97.07%	95.59%	100.00%	100.00%	100.00%	99.95%	100.00%	99.36%	100.00%	99.90%	99.50%	93.24%	86	0	100.0%(86)	100.0%(86)	100.0%(86)	100.0%(86)	100.0%(86)	100.0%(86)	100.0%(86)	98.84%(85)	合格
PL2402201	-	LC002375-S01-D01-LPD-D503D730	1458932	1428842	97.94%	9.81%	150	135	0.98	0.93	0.52	1036939	95.90%	99.26%	3025.21	90.41%	44.04%	33.19%	3.12%	5.70%	97.38%	75.03%	100.00%	100.00%	100.00%	99.86%	100.00%	99.45%	100.00%	99.78%	95.56%	93.21%	86	0	100.0%(86)	100.0%(86)	100.0%(86)	100.0%(86)	100.0%(86)	100.0%(86)	100.0%(86)	98.84%(85)	合格
PL2402201	-	LC002394-S01-D01-LPD-D503D731	1755180	1732260	98.69%	9.37%	150	135	0.97	0.93	0.53	1139262	99.68%	99.80%	3448.14	94.78%	41.35%	33.41%	7.90%	6.00%	96.30%	86.93%	100.00%	100.00%	100.00%	99.98%	100.00%	99.97%	100.00%	99.90%	99.30%	85.66%	86	0	100.0%(86)	100.0%(86)	100.0%(86)	100.0%(86)	100.0%(86)	100.0%(86)	100.0%(86)	97.67%(84)	合格
PL2402201	-	LC002395-S01-D01-LPD-D503D732	1549930	1528222	98.60%	10.12%	150	134	0.97	0.93	0.53	1116638	99.33%	99.03%	3417.29	95.24%	40.06%	36.73%	9.38%	5.27%	95.59%	76.07%	100.00%	100.00%	100.00%	99.97%	100.00%	99.97%	100.00%	96.52%	93.52%	93.38%	86	0	100.0%(86)	100.0%(86)	100.0%(86)	100.0%(86)	100.0%(86)	100.0%(86)	100.0%(86)	97.67%(84)	合格
PL2402201	-	LC002397-S01-D01-LPD-D503D720	1736656	1715236	98.77%	8.77%	150	136	0.97	0.93	0.53	1112745	99.30%	99.66%	3349.52	91.71%	52.66%	24.06%	5.24%	5.01%	97.57%	95.43%	100.00%	100.00%	100.00%	99.97%	100.00%	99.97%	100.00%	99.90%	99.97%	93.24%	86	0	100.0%(86)	100.0%(86)	100.0%(86)	100.0%(86)	100.0%(86)	100.0%(86)	100.0%(86)	100.0%(86)	合格
PL2402201	-	LC002653-S01-D01-LPD-D503D733	1627268	1607516	98.79%	7.37%	150	138	0.98	0.94	0.53	1093553	98.33%	99.84%	3276.60	89.55%	52.63%	22.18%	5.01%	4.74%	97.67%	95.75%	100.00%	100.00%	100.00%	99.96%	100.00%	99.97%	100.00%	99.58%	99.25%	93.21%	86	0	100.0%(86)	100.0%(86)	100.0%(86)	100.0%(86)	100.0%(86)	100.0%(86)	100.0%(86)	100.0%(86)	合格
PL2402201	-	LC002657-S01-D01-LPD-D503D734	1051504	1030540	98.01%	8.70%	150	137	0.97	0.93	0.53	1053315	96.74%	99.71%	3068.78	89.98%	55.02%	23.13%	2.77%	5.86%	97.69%	75.10%	100.00%	100.00%	100.00%	99.84%	100.00%	99.97%	100.00%	96.16%	97.12%	93.68%	86	0	100.0%(86)	100.0%(86)	100.0%(86)	100.0%(86)	100.0%(86)	100.0%(86)	100.0%(86)	98.84%(85)	合格
PL2402201	-	LC002659-S01-D01-LPD-D503D735	1650246	1629854	98.76%	8.86%	150	136	0.97	0.94	0.52	1114812	99.51%	99.49%	3416.82	93.48%	56.46%	22.53%	5.53%	4.87%	97.39%	84.04%	100.00%	100.00%	100.00%	99.95%	100.00%	99.24%	100.00%	99.90%	98.27%	93.18%	86	0	100.0%(86)	100.0%(86)	100.0%(86)	100.0%(86)	100.0%(86)	100.0%(86)	100.0%(86)	98.84%(85)	合格
PL2402201	-	LC002978-S01-D01-LPD-D503D737	1835954	1810732	98.63%	8.58%	150	136	0.97	0.93	0.53	1127350	99.60%	99.66%	3447.62	93.98%	46.63%	30.56%	6.55%	5.31%	97.20%	93.60%	100.00%	100.00%	100.00%	99.97%	100.00%	99.97%	100.00%	99.87%	100.00%	93.24%	86	0	100.0%(86)	100.0%(86)	100.0%(86)	100.0%(86)	100.0%(86)	100.0%(86)	100.0%(86)	98.84%(85)	合格
PL2402201	-	LC003171-S01-D01-LPD-D503D738	1360862	1341640	98.59%	8.88%	150	136	0.97	0.93	0.53	1110047	99.63%	99.29%	3508.50	96.22%	36.84%	41.36%	10.08%	4.69%	93.82%	79.47%	100.00%	100.00%	100.00%	99.98%	100.00%	99.97%	100.00%	99.36%	96.34%	93.07%	86	0	100.0%(86)	100.0%(86)	100.0%(86)	100.0%(86)	100.0%(86)	100.0%(86)	100.0%(86)	96.51%(83)	合格
PL2402201	-	LC003178-S01-D01-LPD-D503D739	1349928	1334188	98.83%	9.46%	150	135	0.97	0.93	0.53	1125839	99.76%	99.66%	3435.49	94.15%	48.23%	29.57%	6.27%	5.93%	96.50%	90.11%	100.00%	100.00%	100.00%	99.97%	100.00%	99.97%	100.00%	99.90%	99.86%	93.21%	86	0	100.0%(86)	100.0%(86)	100.0%(86)	100.0%(86)	100.0%(86)	100.0%(86)	100.0%(86)	98.84%(85)	合格
PL2402201	-	LC003179-S01-D01-LPD-D503D740	1493832	1474198	98.69%	9.38%	150	135	0.97	0.93	0.52	1082459	98.47%	99.03%	3384.59	94.97%	41.54%	33.96%	9.41%	5.39%	96.46%	81.76%	100.00%	100.00%	100.00%	99.96%	100.00%	99.97%	100.00%	99.90%	93.60%	93.10%	86	0	100.0%(86)	100.0%(86)	100.0%(86)	100.0%(86)	100.0%(86)	100.0%(86)	100.0%(86)	98.84%(85)	合格
PL2402201	-	LC003181-S01-D01-LPD-D503D741	1429234	1411762	98.78%	10.24%	150	134	0.97	0.93	0.54	1131674	99.72%	99.66%	3370.94	93.20%	53.38%	24.01%	5.92%	5.14%	96.14%	92.07%	100.00%	100.00%	100.00%	99.96%	100.00%	99.97%	100.00%	99.52%	100.00%	93.24%	86	0	100.0%(86)	100.0%(86)	100.0%(86)	100.0%(86)	100.0%(86)	100.0%(86)	100.0%(86)	95.35%(82)	合格
PL2402201	-	LC003182-S01-D01-LPD-D503D742	1407382	1384386	98.37%	9.17%	150	136	0.97	0.93	0.53	1082359	98.62%	99.65%	3385.78	94.70%	37.54%	37.53%	9.06%	5.91%	96.09%	86.79%	100.00%	100.00%	100.00%	99.96%	100.00%	99.97%	99.97%	99.01%	99.92%	93.10%	86	0	100.0%(86)	100.0%(86)	100.0%(86)	100.0%(86)	100.0%(86)	100.0%(86)	100.0%(86)	98.84%(85)	合格
260703153244_B174_SKII-R2JC-ZY-Y2_reanalysis_20260710154034	B174	LC002351-S01-D01-LPD-D503D729	1025898	1018052	99.24%	11.92%	150	132	0.93	0.88	0.52	1052596	95.22%	99.69%	3236.53	91.88%	42.98%	31.16%	4.40%	6.84%	97.04%	95.51%	100.00%	100.00%	100.00%	99.96%	100.00%	99.36%	100.00%	99.94%	99.97%	93.24%	86	0	100.0%(86)	100.0%(86)	100.0%(86)	100.0%(86)	100.0%(86)	100.0%(86)	100.0%(86)	98.84%(85)	合格
260703153244_B174_SKII-R2JC-ZY-Y2_reanalysis_20260710154034	B174	LC002375-S01-D01-LPD-D503D730	1013436	996358	98.31%	13.15%	150	131	0.93	0.89	0.51	962335	90.33%	99.29%	3025.12	93.46%	46.12%	35.02%	2.99%	5.14%	97.30%	73.50%	100.00%	100.00%	99.98%	99.84%	100.00%	99.51%	100.00%	99.84%	95.72%	93.21%	86	0	100.0%(86)	100.0%(86)	100.0%(86)	100.0%(86)	100.0%(86)	100.0%(86)	100.0%(86)	98.84%(85)	合格
260703153244_B174_SKII-R2JC-ZY-Y2_reanalysis_20260710154034	B174	LC002394-S01-D01-LPD-D503D731	1183470	1178610	99.59%	12.12%	150	132	0.93	0.88	0.52	1086783	96.72%	99.67%	3428.23	95.33%	42.65%	34.52%	7.30%	5.27%	96.35%	86.87%	100.00%	100.00%	100.00%	99.98%	100.00%	99.97%	100.00%	99.90%	100.00%	85.66%	86	0	100.0%(86)	100.0%(86)	100.0%(86)	100.0%(86)	100.0%(86)	100.0%(86)	100.0%(86)	96.51%(83)	合格
260703153244_B174_SKII-R2JC-ZY-Y2_reanalysis_20260710154034	B174	LC002395-S01-D01-LPD-D503D732	1003074	997714	99.47%	13.05%	150	130	0.93	0.88	0.52	1064129	96.46%	99.28%	3381.25	96.00%	41.22%	38.14%	8.52%	4.70%	95.81%	76.77%	100.00%	100.00%	100.00%	99.97%	100.00%	99.97%	99.97%	95.46%	93.49%	93.35%	86	0	100.0%(86)	100.0%(86)	100.0%(86)	100.0%(86)	100.0%(86)	100.0%(86)	100.0%(86)	98.84%(85)	合格
260703153244_B174_SKII-R2JC-ZY-Y2_reanalysis_20260710154034	B174	LC002653-S01-D01-LPD-D503D733	1024508	1020772	99.64%	9.63%	150	135	0.93	0.88	0.52	1043464	95.16%	99.81%	3288.97	90.91%	54.56%	22.77%	4.60%	4.31%	97.79%	95.54%	100.00%	100.00%	100.00%	99.96%	100.00%	99.97%	100.00%	99.90%	98.13%	93.21%	86	0	100.0%(86)	100.0%(86)	100.0%(86)	100.0%(86)	100.0%(86)	100.0%(86)	100.0%(86)	100.0%(86)	合格
260703153244_B174_SKII-R2JC-ZY-Y2_reanalysis_20260710154034	B174	LC002657-S01-D01-LPD-D503D734	847464	835272	98.56%	11.65%	150	133	0.93	0.88	0.52	819684	91.20%	99.40%	2576.53	92.65%	57.84%	23.90%	2.63%	5.28%	97.77%	72.66%	100.00%	100.00%	99.99%	99.39%	100.00%	99.97%	100.00%	93.90%	97.34%	93.68%	86	0	100.0%(86)	100.0%(86)	100.0%(86)	100.0%(86)	100.0%(86)	100.0%(86)	100.0%(86)	98.84%(85)	合格
260703153244_B174_SKII-R2JC-ZY-Y2_reanalysis_20260710154034	B174	LC002659-S01-D01-LPD-D503D735	1146166	1140936	99.54%	11.35%	150	133	0.93	0.88	0.52	1068863	96.88%	99.44%	3405.19	94.04%	57.67%	23.43%	4.99%	4.18%	97.56%	81.86%	100.00%	100.00%	100.00%	99.96%	99.97%	99.11%	100.00%	99.84%	97.76%	93.21%	86	0	100.0%(86)	100.0%(86)	100.0%(86)	100.0%(86)	100.0%(86)	100.0%(86)	100.0%(86)	100.0%(86)	合格
260703153244_B174_SKII-R2JC-ZY-Y2_reanalysis_20260710154034	B174	LC002978-S01-D01-LPD-D503D737	1180892	1175478	99.54%	11.31%	150	133	0.93	0.88	0.52	1077531	96.75%	99.66%	3430.05	94.49%	48.12%	30.96%	6.08%	4.66%	97.28%	92.97%	100.00%	100.00%	100.00%	99.97%	100.00%	99.97%	100.00%	99.78%	100.00%	93.21%	86	0	100.0%(86)	100.0%(86)	100.0%(86)	100.0%(86)	100.0%(86)	100.0%(86)	100.0%(86)	100.0%(86)	合格
260703153244_B174_SKII-R2JC-ZY-Y2_reanalysis_20260710154034	B174	LC003171-S01-D01-LPD-D503D738	1042442	1037466	99.52%	11.45%	150	133	0.93	0.88	0.52	1067292	97.17%	99.60%	3495.01	96.70%	37.87%	42.36%	9.35%	4.07%	94.55%	79.54%	100.00%	100.00%	100.00%	99.98%	100.00%	99.97%	100.00%	98.53%	99.41%	93.07%	86	0	100.0%(86)	100.0%(86)	100.0%(86)	100.0%(86)	100.0%(86)	100.0%(86)	100.0%(86)	97.67%(84)	合格
260703153244_B174_SKII-R2JC-ZY-Y2_reanalysis_20260710154034	B174	LC003178-S01-D01-LPD-D503D739	1007204	1003042	99.59%	12.05%	150	132	0.93	0.88	0.52	1078931	97.06%	99.67%	3416.58	94.62%	49.35%	30.36%	5.73%	5.28%	96.99%	88.71%	100.00%	100.00%	100.00%	99.97%	100.00%	99.97%	100.00%	99.36%	100.00%	93.24%	86	0	100.0%(86)	100.0%(86)	100.0%(86)	100.0%(86)	100.0%(86)	100.0%(86)	100.0%(86)	98.84%(85)	合格
260703153244_B174_SKII-R2JC-ZY-Y2_reanalysis_20260710154034	B174	CN001477-S09-D03-LPD-D502D733	740270	738140	99.71%	10.30%	150	134	0.93	0.88	0.52	782856	95.04%	99.64%	2413.18	91.59%	46.28%	30.39%	4.39%	2.49%	93.57%	84.74%	100.00%	100.00%	100.00%	99.77%	100.00%	99.85%	100.00%	93.48%	99.97%	93.35%	86	0	100.0%(86)	100.0%(86)	100.0%(86)	100.0%(86)	100.0%(86)	100.0%(86)	100.0%(86)	95.35%(82)	合格
260703153244_B174_SKII-R2JC-ZY-Y2_reanalysis_20260710154034	B174	LC003179-S01-D01-LPD-D503D740	1043256	1038196	99.51%	12.07%	150	132	0.93	0.89	0.51	1034303	95.40%	99.33%	3374.01	96.30%	42.72%	35.80%	8.76%	4.72%	96.28%	80.41%	100.00%	100.00%	100.00%	99.97%	100.00%	99.97%	100.00%	99.90%	96.53%	93.10%	86	0	100.0%(86)	100.0%(86)	100.0%(86)	100.0%(86)	100.0%(86)	100.0%(86)	100.0%(86)	98.84%(85)	合格
260703153244_B174_SKII-R2JC-ZY-Y2_reanalysis_20260710154034	B174	LC003181-S01-D01-LPD-D503D741	1091296	1085166	99.44%	13.17%	150	130	0.93	0.88	0.53	1080287	96.89%	99.67%	3341.60	93.77%	54.60%	24.61%	5.49%	4.63%	96.45%	91.87%	100.00%	100.00%	100.00%	99.96%	100.00%	99.97%	100.00%	99.52%	99.97%	93.21%	86	0	100.0%(86)	100.0%(86)	100.0%(86)	100.0%(86)	100.0%(86)	100.0%(86)	100.0%(86)	95.35%(82)	合格
260703153244_B174_SKII-R2JC-ZY-Y2_reanalysis_20260710154034	B174	LC003182-S01-D01-LPD-D503D742	1054094	1045438	99.18%	12.03%	150	132	0.93	0.88	0.52	1036038	95.67%	99.66%	3376.07	95.86%	38.87%	39.01%	8.51%	5.16%	96.15%	85.19%	100.00%	100.00%	100.00%	99.97%	100.00%	99.97%	100.00%	99.90%	99.92%	93.15%	86	0	100.0%(86)	100.0%(86)	100.0%(86)	100.0%(86)	100.0%(86)	100.0%(86)	100.0%(86)	98.84%(85)	合格
260703153244_B174_SKII-R2JC-ZY-Y2_reanalysis_20260710154034	B174	LC001881-S02-D01-LPD-D503D744	1035464	1022350	98.73%	12.46%	150	132	0.93	0.88	0.52	994094	92.56%	99.19%	3126.63	92.81%	43.67%	35.01%	3.24%	5.07%	97.03%	81.32%	100.00%	100.00%	100.00%	99.94%	100.00%	99.97%	99.87%	96.58%	95.36%	93.21%	86	0	100.0%(86)	100.0%(86)	100.0%(86)	100.0%(86)	100.0%(86)	100.0%(86)	100.0%(86)	97.67%(84)	合格
260703153244_B174_SKII-R2JC-ZY-Y2_reanalysis_20260710154034	B174	LC002160-S01-D01-LPD-D502D741	902534	899034	99.61%	12.12%	150	132	0.93	0.89	0.51	961788	94.29%	99.64%	2827.99	90.87%	54.05%	28.26%	2.23%	1.77%	95.40%	74.45%	100.00%	100.00%	99.99%	99.73%	100.00%	99.11%	99.97%	92.14%	99.97%	93.01%	86	0	100.0%(86)	100.0%(86)	100.0%(86)	100.0%(86)	100.0%(86)	100.0%(86)	100.0%(86)	100.0%(86)	合格
260703153244_B174_SKII-R2JC-ZY-Y2_reanalysis_20260710154034	B174	LC002397-S01-D01-LPD-D503D720	1256178	1251514	99.63%	11.16%	150	133	0.93	0.88	0.52	1065259	96.36%	99.66%	3349.09	92.60%	54.15%	24.72%	4.91%	4.44%	97.63%	95.63%	100.00%	100.00%	100.00%	99.96%	100.00%	99.97%	100.00%	99.90%	99.97%	93.24%	86	0	100.0%(86)	100.0%(86)	100.0%(86)	100.0%(86)	100.0%(86)	100.0%(86)	100.0%(86)	100.0%(86)	合格
260703153244_B174_SKII-R2JC-ZY-Y2_reanalysis_20260710154034	B174	LC002134-S01-D01-LPD-D503D721	1098566	1090858	99.30%	11.69%	150	133	0.93	0.88	0.53	982173	90.23%	99.87%	3022.99	91.25%	46.52%	27.51%	4.45%	5.60%	97.56%	96.94%	100.00%	100.00%	100.00%	99.95%	100.00%	99.97%	100.00%	99.94%	100.00%	93.43%	86	0	100.0%(86)	100.0%(86)	100.0%(86)	100.0%(86)	100.0%(86)	100.0%(86)	100.0%(86)	98.84%(85)	合格
260703153244_B174_SKII-R2JC-ZY-Y2_reanalysis_20260710154034	B174	LC002136-S01-D01-LPD-D503D722	1033000	1022462	98.98%	12.03%	150	132	0.93	0.88	0.52	997882	92.36%	99.83%	3113.14	92.01%	46.40%	28.93%	4.60%	5.97%	96.90%	83.41%	100.00%	100.00%	100.00%	99.88%	100.00%	99.97%	100.00%	99.90%	99.97%	93.21%	86	0	100.0%(86)	100.0%(86)	100.0%(86)	100.0%(86)	100.0%(86)	100.0%(86)	100.0%(86)	98.84%(85)	合格
260703153244_B174_SKII-R2JC-ZY-Y2_reanalysis_20260710154034	B174	LC002325-S01-D01-LPD-D503D725	1117154	1110274	99.38%	13.58%	150	130	0.93	0.88	0.52	1083126	96.51%	99.66%	3356.86	95.10%	41.67%	36.14%	8.12%	5.12%	93.43%	80.68%	100.00%	100.00%	100.00%	99.97%	100.00%	99.97%	100.00%	99.78%	99.94%	93.10%	86	0	100.0%(86)	100.0%(86)	100.0%(86)	100.0%(86)	100.0%(86)	100.0%(86)	100.0%(86)	97.67%(84)	合格
260703153244_B174_SKII-R2JC-ZY-Y2_reanalysis_20260710154034	B174	LC002328-S01-D01-LPD-D503D726	959932	953166	99.30%	13.53%	150	130	0.93	0.89	0.52	1032855	96.62%	99.45%	3222.13	95.60%	40.75%	35.27%	9.50%	5.37%	94.41%	80.58%	100.00%	100.00%	100.00%	99.97%	100.00%	99.36%	100.00%	99.78%	97.88%	93.18%	86	0	100.0%(86)	100.0%(86)	100.0%(86)	100.0%(86)	100.0%(86)	100.0%(86)	100.0%(86)	97.67%(84)	合格
260703153244_B174_SKII-R2JC-ZY-Y2_reanalysis_20260710154034	B174	LC002331-S01-D01-LPD-D503D727	961704	956826	99.49%	12.39%	150	131	0.93	0.88	0.53	1056734	96.48%	99.02%	3260.98	95.08%	39.63%	37.37%	8.38%	5.95%	92.68%	75.68%	100.00%	100.00%	100.00%	99.90%	100.00%	99.97%	100.00%	99.62%	93.49%	93.21%	86	0	100.0%(86)	100.0%(86)	100.0%(86)	100.0%(86)	100.0%(86)	98.84%(85)	97.67%(84)	95.35%(82)	合格
260703153244_B174_SKII-R2JC-ZY-Y2_reanalysis_20260710154034	B174	LC002348-S01-D01-LPD-D503D728	1040564	1036740	99.63%	9.99%	150	135	0.93	0.88	0.52	1045578	94.93%	99.90%	3155.22	87.56%	54.51%	21.68%	3.53%	3.54%	97.87%	94.72%	100.00%	100.00%	100.00%	99.93%	100.00%	99.97%	100.00%	98.40%	99.02%	93.24%	86	0	100.0%(86)	100.0%(86)	100.0%(86)	100.0%(86)	100.0%(86)	100.0%(86)	100.0%(86)	100.0%(86)	合格
